signal_id,location_id,date,syndrome,case_count
asha_000001,loc_001,2026-07-01,fever,20
asha_000002,loc_001,2026-07-01,diarrhea,15
asha_000003,loc_001,2026-07-01,cough,2
asha_000004,loc_001,2026-07-01,rash,1
asha_000005,loc_001,2026-07-02,fever,21
asha_000006,loc_001,2026-07-02,diarrhea,17
asha_000007,loc_001,2026-07-02,cough,2
asha_000008,loc_001,2026-07-02,rash,0
asha_000009,loc_001,2026-07-03,fever,21
asha_000010,loc_001,2026-07-03,diarrhea,15
asha_000011,loc_001,2026-07-03,cough,4
asha_000012,loc_001,2026-07-03,rash,1
asha_000013,loc_001,2026-07-04,fever,22
asha_000014,loc_001,2026-07-04,diarrhea,13
asha_000015,loc_001,2026-07-04,cough,5
asha_000016,loc_001,2026-07-04,rash,3
asha_000017,loc_001,2026-07-05,fever,18
asha_000018,loc_001,2026-07-05,diarrhea,17
asha_000019,loc_001,2026-07-05,cough,2
asha_000020,loc_001,2026-07-05,rash,3
asha_000021,loc_001,2026-07-06,fever,18
asha_000022,loc_001,2026-07-06,diarrhea,17
asha_000023,loc_001,2026-07-06,cough,4
asha_000024,loc_001,2026-07-06,rash,1
asha_000025,loc_001,2026-07-07,fever,19
asha_000026,loc_001,2026-07-07,diarrhea,15
asha_000027,loc_001,2026-07-07,cough,3
asha_000028,loc_001,2026-07-07,rash,0
asha_000029,loc_001,2026-07-08,fever,18
asha_000030,loc_001,2026-07-08,diarrhea,13
asha_000031,loc_001,2026-07-08,cough,4
asha_000032,loc_001,2026-07-08,rash,1
asha_000033,loc_001,2026-07-09,fever,20
asha_000034,loc_001,2026-07-09,diarrhea,17
asha_000035,loc_001,2026-07-09,cough,1
asha_000036,loc_001,2026-07-09,rash,0
asha_000037,loc_001,2026-07-10,fever,22
asha_000038,loc_001,2026-07-10,diarrhea,17
asha_000039,loc_001,2026-07-10,cough,2
asha_000040,loc_001,2026-07-10,rash,0
asha_000041,loc_001,2026-07-11,fever,18
asha_000042,loc_001,2026-07-11,diarrhea,13
asha_000043,loc_001,2026-07-11,cough,1
asha_000044,loc_001,2026-07-11,rash,3
asha_000045,loc_001,2026-07-12,fever,19
asha_000046,loc_001,2026-07-12,diarrhea,17
asha_000047,loc_001,2026-07-12,cough,4
asha_000048,loc_001,2026-07-12,rash,1
asha_000049,loc_001,2026-07-13,fever,20
asha_000050,loc_001,2026-07-13,diarrhea,14
asha_000051,loc_001,2026-07-13,cough,3
asha_000052,loc_001,2026-07-13,rash,3
asha_000053,loc_001,2026-07-14,fever,21
asha_000054,loc_001,2026-07-14,diarrhea,16
asha_000055,loc_001,2026-07-14,cough,1
asha_000056,loc_001,2026-07-14,rash,3
asha_000057,loc_001,2026-07-15,fever,18
asha_000058,loc_001,2026-07-15,diarrhea,16
asha_000059,loc_001,2026-07-15,cough,2
asha_000060,loc_001,2026-07-15,rash,2
asha_000061,loc_001,2026-07-16,fever,20
asha_000062,loc_001,2026-07-16,diarrhea,13
asha_000063,loc_001,2026-07-16,cough,2
asha_000064,loc_001,2026-07-16,rash,0
asha_000065,loc_001,2026-07-17,fever,20
asha_000066,loc_001,2026-07-17,diarrhea,15
asha_000067,loc_001,2026-07-17,cough,1
asha_000068,loc_001,2026-07-17,rash,1
asha_000069,loc_001,2026-07-18,fever,18
asha_000070,loc_001,2026-07-18,diarrhea,14
asha_000071,loc_001,2026-07-18,cough,4
asha_000072,loc_001,2026-07-18,rash,0
asha_000073,loc_001,2026-07-19,fever,18
asha_000074,loc_001,2026-07-19,diarrhea,16
asha_000075,loc_001,2026-07-19,cough,5
asha_000076,loc_001,2026-07-19,rash,1
asha_000077,loc_001,2026-07-20,fever,19
asha_000078,loc_001,2026-07-20,diarrhea,16
asha_000079,loc_001,2026-07-20,cough,5
asha_000080,loc_001,2026-07-20,rash,3
asha_000081,loc_001,2026-07-21,fever,19
asha_000082,loc_001,2026-07-21,diarrhea,13
asha_000083,loc_001,2026-07-21,cough,2
asha_000084,loc_001,2026-07-21,rash,2
asha_000085,loc_001,2026-07-22,fever,19
asha_000086,loc_001,2026-07-22,diarrhea,14
asha_000087,loc_001,2026-07-22,cough,1
asha_000088,loc_001,2026-07-22,rash,1
asha_000089,loc_001,2026-07-23,fever,19
asha_000090,loc_001,2026-07-23,diarrhea,14
asha_000091,loc_001,2026-07-23,cough,5
asha_000092,loc_001,2026-07-23,rash,3
asha_000093,loc_001,2026-07-24,fever,22
asha_000094,loc_001,2026-07-24,diarrhea,16
asha_000095,loc_001,2026-07-24,cough,3
asha_000096,loc_001,2026-07-24,rash,0
asha_000097,loc_001,2026-07-25,fever,18
asha_000098,loc_001,2026-07-25,diarrhea,16
asha_000099,loc_001,2026-07-25,cough,4
asha_000100,loc_001,2026-07-25,rash,0
asha_000101,loc_001,2026-07-26,fever,22
asha_000102,loc_001,2026-07-26,diarrhea,13
asha_000103,loc_001,2026-07-26,cough,3
asha_000104,loc_001,2026-07-26,rash,2
asha_000105,loc_001,2026-07-27,fever,20
asha_000106,loc_001,2026-07-27,diarrhea,13
asha_000107,loc_001,2026-07-27,cough,5
asha_000108,loc_001,2026-07-27,rash,0
asha_000109,loc_001,2026-07-28,fever,21
asha_000110,loc_001,2026-07-28,diarrhea,14
asha_000111,loc_001,2026-07-28,cough,5
asha_000112,loc_001,2026-07-28,rash,0
asha_000113,loc_001,2026-07-29,fever,19
asha_000114,loc_001,2026-07-29,diarrhea,16
asha_000115,loc_001,2026-07-29,cough,1
asha_000116,loc_001,2026-07-29,rash,0
asha_000117,loc_001,2026-07-30,fever,22
asha_000118,loc_001,2026-07-30,diarrhea,15
asha_000119,loc_001,2026-07-30,cough,5
asha_000120,loc_001,2026-07-30,rash,2
asha_000121,loc_001,2026-07-31,fever,22
asha_000122,loc_001,2026-07-31,diarrhea,14
asha_000123,loc_001,2026-07-31,cough,5
asha_000124,loc_001,2026-07-31,rash,1
asha_000125,loc_001,2026-08-01,fever,20
asha_000126,loc_001,2026-08-01,diarrhea,17
asha_000127,loc_001,2026-08-01,cough,5
asha_000128,loc_001,2026-08-01,rash,3
asha_000129,loc_001,2026-08-02,fever,19
asha_000130,loc_001,2026-08-02,diarrhea,17
asha_000131,loc_001,2026-08-02,cough,1
asha_000132,loc_001,2026-08-02,rash,0
asha_000133,loc_001,2026-08-03,fever,20
asha_000134,loc_001,2026-08-03,diarrhea,13
asha_000135,loc_001,2026-08-03,cough,5
asha_000136,loc_001,2026-08-03,rash,1
asha_000137,loc_001,2026-08-04,fever,19
asha_000138,loc_001,2026-08-04,diarrhea,17
asha_000139,loc_001,2026-08-04,cough,1
asha_000140,loc_001,2026-08-04,rash,3
asha_000141,loc_001,2026-08-05,fever,21
asha_000142,loc_001,2026-08-05,diarrhea,17
asha_000143,loc_001,2026-08-05,cough,5
asha_000144,loc_001,2026-08-05,rash,1
asha_000145,loc_001,2026-08-06,fever,20
asha_000146,loc_001,2026-08-06,diarrhea,13
asha_000147,loc_001,2026-08-06,cough,5
asha_000148,loc_001,2026-08-06,rash,3
asha_000149,loc_001,2026-08-07,fever,18
asha_000150,loc_001,2026-08-07,diarrhea,13
asha_000151,loc_001,2026-08-07,cough,5
asha_000152,loc_001,2026-08-07,rash,1
asha_000153,loc_001,2026-08-08,fever,22
asha_000154,loc_001,2026-08-08,diarrhea,16
asha_000155,loc_001,2026-08-08,cough,3
asha_000156,loc_001,2026-08-08,rash,0
asha_000157,loc_001,2026-08-09,fever,21
asha_000158,loc_001,2026-08-09,diarrhea,16
asha_000159,loc_001,2026-08-09,cough,2
asha_000160,loc_001,2026-08-09,rash,1
asha_000161,loc_001,2026-08-10,fever,21
asha_000162,loc_001,2026-08-10,diarrhea,14
asha_000163,loc_001,2026-08-10,cough,3
asha_000164,loc_001,2026-08-10,rash,1
asha_000165,loc_001,2026-08-11,fever,18
asha_000166,loc_001,2026-08-11,diarrhea,15
asha_000167,loc_001,2026-08-11,cough,1
asha_000168,loc_001,2026-08-11,rash,1
asha_000169,loc_001,2026-08-12,fever,18
asha_000170,loc_001,2026-08-12,diarrhea,15
asha_000171,loc_001,2026-08-12,cough,3
asha_000172,loc_001,2026-08-12,rash,0
asha_000173,loc_001,2026-08-13,fever,21
asha_000174,loc_001,2026-08-13,diarrhea,15
asha_000175,loc_001,2026-08-13,cough,1
asha_000176,loc_001,2026-08-13,rash,2
asha_000177,loc_001,2026-08-14,fever,20
asha_000178,loc_001,2026-08-14,diarrhea,17
asha_000179,loc_001,2026-08-14,cough,2
asha_000180,loc_001,2026-08-14,rash,1
asha_000181,loc_001,2026-08-15,fever,22
asha_000182,loc_001,2026-08-15,diarrhea,13
asha_000183,loc_001,2026-08-15,cough,4
asha_000184,loc_001,2026-08-15,rash,0
asha_000185,loc_001,2026-08-16,fever,26
asha_000186,loc_001,2026-08-16,diarrhea,20
asha_000187,loc_001,2026-08-16,cough,5
asha_000188,loc_001,2026-08-16,rash,1
asha_000189,loc_001,2026-08-17,fever,35
asha_000190,loc_001,2026-08-17,diarrhea,26
asha_000191,loc_001,2026-08-17,cough,3
asha_000192,loc_001,2026-08-17,rash,3
asha_000193,loc_001,2026-08-18,fever,39
asha_000194,loc_001,2026-08-18,diarrhea,32
asha_000195,loc_001,2026-08-18,cough,5
asha_000196,loc_001,2026-08-18,rash,1
asha_000197,loc_001,2026-08-19,fever,46
asha_000198,loc_001,2026-08-19,diarrhea,33
asha_000199,loc_001,2026-08-19,cough,5
asha_000200,loc_001,2026-08-19,rash,0
asha_000201,loc_001,2026-08-20,fever,53
asha_000202,loc_001,2026-08-20,diarrhea,44
asha_000203,loc_001,2026-08-20,cough,3
asha_000204,loc_001,2026-08-20,rash,1
asha_000205,loc_001,2026-08-21,fever,65
asha_000206,loc_001,2026-08-21,diarrhea,48
asha_000207,loc_001,2026-08-21,cough,3
asha_000208,loc_001,2026-08-21,rash,1
asha_000209,loc_001,2026-08-22,fever,70
asha_000210,loc_001,2026-08-22,diarrhea,52
asha_000211,loc_001,2026-08-22,cough,4
asha_000212,loc_001,2026-08-22,rash,0
asha_000213,loc_001,2026-08-23,fever,78
asha_000214,loc_001,2026-08-23,diarrhea,56
asha_000215,loc_001,2026-08-23,cough,4
asha_000216,loc_001,2026-08-23,rash,0
asha_000217,loc_001,2026-08-24,fever,86
asha_000218,loc_001,2026-08-24,diarrhea,64
asha_000219,loc_001,2026-08-24,cough,5
asha_000220,loc_001,2026-08-24,rash,0
asha_000221,loc_001,2026-08-25,fever,88
asha_000222,loc_001,2026-08-25,diarrhea,66
asha_000223,loc_001,2026-08-25,cough,5
asha_000224,loc_001,2026-08-25,rash,1
asha_000225,loc_001,2026-08-26,fever,102
asha_000226,loc_001,2026-08-26,diarrhea,74
asha_000227,loc_001,2026-08-26,cough,3
asha_000228,loc_001,2026-08-26,rash,0
asha_000229,loc_001,2026-08-27,fever,109
asha_000230,loc_001,2026-08-27,diarrhea,81
asha_000231,loc_001,2026-08-27,cough,4
asha_000232,loc_001,2026-08-27,rash,1
asha_000233,loc_001,2026-08-28,fever,110
asha_000234,loc_001,2026-08-28,diarrhea,84
asha_000235,loc_001,2026-08-28,cough,4
asha_000236,loc_001,2026-08-28,rash,0
asha_000237,loc_001,2026-08-29,fever,118
asha_000238,loc_001,2026-08-29,diarrhea,90
asha_000239,loc_001,2026-08-29,cough,5
asha_000240,loc_001,2026-08-29,rash,3
asha_000241,loc_002,2026-07-01,fever,19
asha_000242,loc_002,2026-07-01,diarrhea,17
asha_000243,loc_002,2026-07-01,cough,2
asha_000244,loc_002,2026-07-01,rash,0
asha_000245,loc_002,2026-07-02,fever,19
asha_000246,loc_002,2026-07-02,diarrhea,16
asha_000247,loc_002,2026-07-02,cough,4
asha_000248,loc_002,2026-07-02,rash,0
asha_000249,loc_002,2026-07-03,fever,20
asha_000250,loc_002,2026-07-03,diarrhea,15
asha_000251,loc_002,2026-07-03,cough,3
asha_000252,loc_002,2026-07-03,rash,0
asha_000253,loc_002,2026-07-04,fever,22
asha_000254,loc_002,2026-07-04,diarrhea,17
asha_000255,loc_002,2026-07-04,cough,3
asha_000256,loc_002,2026-07-04,rash,3
asha_000257,loc_002,2026-07-05,fever,21
asha_000258,loc_002,2026-07-05,diarrhea,14
asha_000259,loc_002,2026-07-05,cough,4
asha_000260,loc_002,2026-07-05,rash,0
asha_000261,loc_002,2026-07-06,fever,18
asha_000262,loc_002,2026-07-06,diarrhea,13
asha_000263,loc_002,2026-07-06,cough,2
asha_000264,loc_002,2026-07-06,rash,1
asha_000265,loc_002,2026-07-07,fever,19
asha_000266,loc_002,2026-07-07,diarrhea,17
asha_000267,loc_002,2026-07-07,cough,1
asha_000268,loc_002,2026-07-07,rash,3
asha_000269,loc_002,2026-07-08,fever,20
asha_000270,loc_002,2026-07-08,diarrhea,17
asha_000271,loc_002,2026-07-08,cough,4
asha_000272,loc_002,2026-07-08,rash,0
asha_000273,loc_002,2026-07-09,fever,18
asha_000274,loc_002,2026-07-09,diarrhea,13
asha_000275,loc_002,2026-07-09,cough,4
asha_000276,loc_002,2026-07-09,rash,0
asha_000277,loc_002,2026-07-10,fever,19
asha_000278,loc_002,2026-07-10,diarrhea,13
asha_000279,loc_002,2026-07-10,cough,1
asha_000280,loc_002,2026-07-10,rash,2
asha_000281,loc_002,2026-07-11,fever,18
asha_000282,loc_002,2026-07-11,diarrhea,13
asha_000283,loc_002,2026-07-11,cough,2
asha_000284,loc_002,2026-07-11,rash,0
asha_000285,loc_002,2026-07-12,fever,21
asha_000286,loc_002,2026-07-12,diarrhea,13
asha_000287,loc_002,2026-07-12,cough,5
asha_000288,loc_002,2026-07-12,rash,1
asha_000289,loc_002,2026-07-13,fever,22
asha_000290,loc_002,2026-07-13,diarrhea,16
asha_000291,loc_002,2026-07-13,cough,5
asha_000292,loc_002,2026-07-13,rash,0
asha_000293,loc_002,2026-07-14,fever,18
asha_000294,loc_002,2026-07-14,diarrhea,15
asha_000295,loc_002,2026-07-14,cough,1
asha_000296,loc_002,2026-07-14,rash,2
asha_000297,loc_002,2026-07-15,fever,19
asha_000298,loc_002,2026-07-15,diarrhea,13
asha_000299,loc_002,2026-07-15,cough,1
asha_000300,loc_002,2026-07-15,rash,1
asha_000301,loc_002,2026-07-16,fever,22
asha_000302,loc_002,2026-07-16,diarrhea,17
asha_000303,loc_002,2026-07-16,cough,1
asha_000304,loc_002,2026-07-16,rash,0
asha_000305,loc_002,2026-07-17,fever,22
asha_000306,loc_002,2026-07-17,diarrhea,14
asha_000307,loc_002,2026-07-17,cough,4
asha_000308,loc_002,2026-07-17,rash,3
asha_000309,loc_002,2026-07-18,fever,22
asha_000310,loc_002,2026-07-18,diarrhea,17
asha_000311,loc_002,2026-07-18,cough,5
asha_000312,loc_002,2026-07-18,rash,2
asha_000313,loc_002,2026-07-19,fever,21
asha_000314,loc_002,2026-07-19,diarrhea,15
asha_000315,loc_002,2026-07-19,cough,4
asha_000316,loc_002,2026-07-19,rash,0
asha_000317,loc_002,2026-07-20,fever,21
asha_000318,loc_002,2026-07-20,diarrhea,13
asha_000319,loc_002,2026-07-20,cough,2
asha_000320,loc_002,2026-07-20,rash,0
asha_000321,loc_002,2026-07-21,fever,18
asha_000322,loc_002,2026-07-21,diarrhea,17
asha_000323,loc_002,2026-07-21,cough,5
asha_000324,loc_002,2026-07-21,rash,0
asha_000325,loc_002,2026-07-22,fever,21
asha_000326,loc_002,2026-07-22,diarrhea,17
asha_000327,loc_002,2026-07-22,cough,1
asha_000328,loc_002,2026-07-22,rash,3
asha_000329,loc_002,2026-07-23,fever,19
asha_000330,loc_002,2026-07-23,diarrhea,13
asha_000331,loc_002,2026-07-23,cough,5
asha_000332,loc_002,2026-07-23,rash,0
asha_000333,loc_002,2026-07-24,fever,19
asha_000334,loc_002,2026-07-24,diarrhea,15
asha_000335,loc_002,2026-07-24,cough,4
asha_000336,loc_002,2026-07-24,rash,2
asha_000337,loc_002,2026-07-25,fever,19
asha_000338,loc_002,2026-07-25,diarrhea,17
asha_000339,loc_002,2026-07-25,cough,1
asha_000340,loc_002,2026-07-25,rash,0
asha_000341,loc_002,2026-07-26,fever,19
asha_000342,loc_002,2026-07-26,diarrhea,17
asha_000343,loc_002,2026-07-26,cough,3
asha_000344,loc_002,2026-07-26,rash,1
asha_000345,loc_002,2026-07-27,fever,20
asha_000346,loc_002,2026-07-27,diarrhea,13
asha_000347,loc_002,2026-07-27,cough,1
asha_000348,loc_002,2026-07-27,rash,2
asha_000349,loc_002,2026-07-28,fever,18
asha_000350,loc_002,2026-07-28,diarrhea,16
asha_000351,loc_002,2026-07-28,cough,2
asha_000352,loc_002,2026-07-28,rash,2
asha_000353,loc_002,2026-07-29,fever,22
asha_000354,loc_002,2026-07-29,diarrhea,13
asha_000355,loc_002,2026-07-29,cough,5
asha_000356,loc_002,2026-07-29,rash,3
asha_000357,loc_002,2026-07-30,fever,18
asha_000358,loc_002,2026-07-30,diarrhea,14
asha_000359,loc_002,2026-07-30,cough,5
asha_000360,loc_002,2026-07-30,rash,3
asha_000361,loc_002,2026-07-31,fever,19
asha_000362,loc_002,2026-07-31,diarrhea,17
asha_000363,loc_002,2026-07-31,cough,2
asha_000364,loc_002,2026-07-31,rash,2
asha_000365,loc_002,2026-08-01,fever,19
asha_000366,loc_002,2026-08-01,diarrhea,16
asha_000367,loc_002,2026-08-01,cough,5
asha_000368,loc_002,2026-08-01,rash,0
asha_000369,loc_002,2026-08-02,fever,18
asha_000370,loc_002,2026-08-02,diarrhea,16
asha_000371,loc_002,2026-08-02,cough,3
asha_000372,loc_002,2026-08-02,rash,0
asha_000373,loc_002,2026-08-03,fever,18
asha_000374,loc_002,2026-08-03,diarrhea,14
asha_000375,loc_002,2026-08-03,cough,3
asha_000376,loc_002,2026-08-03,rash,2
asha_000377,loc_002,2026-08-04,fever,22
asha_000378,loc_002,2026-08-04,diarrhea,13
asha_000379,loc_002,2026-08-04,cough,2
asha_000380,loc_002,2026-08-04,rash,0
asha_000381,loc_002,2026-08-05,fever,22
asha_000382,loc_002,2026-08-05,diarrhea,13
asha_000383,loc_002,2026-08-05,cough,3
asha_000384,loc_002,2026-08-05,rash,0
asha_000385,loc_002,2026-08-06,fever,20
asha_000386,loc_002,2026-08-06,diarrhea,17
asha_000387,loc_002,2026-08-06,cough,4
asha_000388,loc_002,2026-08-06,rash,3
asha_000389,loc_002,2026-08-07,fever,18
asha_000390,loc_002,2026-08-07,diarrhea,13
asha_000391,loc_002,2026-08-07,cough,3
asha_000392,loc_002,2026-08-07,rash,0
asha_000393,loc_002,2026-08-08,fever,22
asha_000394,loc_002,2026-08-08,diarrhea,17
asha_000395,loc_002,2026-08-08,cough,3
asha_000396,loc_002,2026-08-08,rash,2
asha_000397,loc_002,2026-08-09,fever,21
asha_000398,loc_002,2026-08-09,diarrhea,13
asha_000399,loc_002,2026-08-09,cough,4
asha_000400,loc_002,2026-08-09,rash,0
asha_000401,loc_002,2026-08-10,fever,22
asha_000402,loc_002,2026-08-10,diarrhea,13
asha_000403,loc_002,2026-08-10,cough,1
asha_000404,loc_002,2026-08-10,rash,0
asha_000405,loc_002,2026-08-11,fever,20
asha_000406,loc_002,2026-08-11,diarrhea,14
asha_000407,loc_002,2026-08-11,cough,5
asha_000408,loc_002,2026-08-11,rash,1
asha_000409,loc_002,2026-08-12,fever,20
asha_000410,loc_002,2026-08-12,diarrhea,17
asha_000411,loc_002,2026-08-12,cough,3
asha_000412,loc_002,2026-08-12,rash,0
asha_000413,loc_002,2026-08-13,fever,21
asha_000414,loc_002,2026-08-13,diarrhea,14
asha_000415,loc_002,2026-08-13,cough,5
asha_000416,loc_002,2026-08-13,rash,0
asha_000417,loc_002,2026-08-14,fever,18
asha_000418,loc_002,2026-08-14,diarrhea,17
asha_000419,loc_002,2026-08-14,cough,4
asha_000420,loc_002,2026-08-14,rash,0
asha_000421,loc_002,2026-08-15,fever,22
asha_000422,loc_002,2026-08-15,diarrhea,13
asha_000423,loc_002,2026-08-15,cough,5
asha_000424,loc_002,2026-08-15,rash,0
asha_000425,loc_002,2026-08-16,fever,26
asha_000426,loc_002,2026-08-16,diarrhea,17
asha_000427,loc_002,2026-08-16,cough,5
asha_000428,loc_002,2026-08-16,rash,0
asha_000429,loc_002,2026-08-17,fever,36
asha_000430,loc_002,2026-08-17,diarrhea,29
asha_000431,loc_002,2026-08-17,cough,5
asha_000432,loc_002,2026-08-17,rash,3
asha_000433,loc_002,2026-08-18,fever,42
asha_000434,loc_002,2026-08-18,diarrhea,28
asha_000435,loc_002,2026-08-18,cough,1
asha_000436,loc_002,2026-08-18,rash,3
asha_000437,loc_002,2026-08-19,fever,47
asha_000438,loc_002,2026-08-19,diarrhea,35
asha_000439,loc_002,2026-08-19,cough,1
asha_000440,loc_002,2026-08-19,rash,1
asha_000441,loc_002,2026-08-20,fever,55
asha_000442,loc_002,2026-08-20,diarrhea,43
asha_000443,loc_002,2026-08-20,cough,2
asha_000444,loc_002,2026-08-20,rash,3
asha_000445,loc_002,2026-08-21,fever,61
asha_000446,loc_002,2026-08-21,diarrhea,44
asha_000447,loc_002,2026-08-21,cough,5
asha_000448,loc_002,2026-08-21,rash,0
asha_000449,loc_002,2026-08-22,fever,73
asha_000450,loc_002,2026-08-22,diarrhea,50
asha_000451,loc_002,2026-08-22,cough,2
asha_000452,loc_002,2026-08-22,rash,1
asha_000453,loc_002,2026-08-23,fever,77
asha_000454,loc_002,2026-08-23,diarrhea,56
asha_000455,loc_002,2026-08-23,cough,1
asha_000456,loc_002,2026-08-23,rash,1
asha_000457,loc_002,2026-08-24,fever,83
asha_000458,loc_002,2026-08-24,diarrhea,65
asha_000459,loc_002,2026-08-24,cough,5
asha_000460,loc_002,2026-08-24,rash,3
asha_000461,loc_002,2026-08-25,fever,90
asha_000462,loc_002,2026-08-25,diarrhea,67
asha_000463,loc_002,2026-08-25,cough,5
asha_000464,loc_002,2026-08-25,rash,1
asha_000465,loc_002,2026-08-26,fever,99
asha_000466,loc_002,2026-08-26,diarrhea,77
asha_000467,loc_002,2026-08-26,cough,4
asha_000468,loc_002,2026-08-26,rash,0
asha_000469,loc_002,2026-08-27,fever,108
asha_000470,loc_002,2026-08-27,diarrhea,82
asha_000471,loc_002,2026-08-27,cough,4
asha_000472,loc_002,2026-08-27,rash,3
asha_000473,loc_002,2026-08-28,fever,110
asha_000474,loc_002,2026-08-28,diarrhea,87
asha_000475,loc_002,2026-08-28,cough,5
asha_000476,loc_002,2026-08-28,rash,3
asha_000477,loc_002,2026-08-29,fever,119
asha_000478,loc_002,2026-08-29,diarrhea,92
asha_000479,loc_002,2026-08-29,cough,2
asha_000480,loc_002,2026-08-29,rash,2
asha_000481,loc_003,2026-07-01,fever,21
asha_000482,loc_003,2026-07-01,diarrhea,15
asha_000483,loc_003,2026-07-01,cough,2
asha_000484,loc_003,2026-07-01,rash,1
asha_000485,loc_003,2026-07-02,fever,21
asha_000486,loc_003,2026-07-02,diarrhea,16
asha_000487,loc_003,2026-07-02,cough,5
asha_000488,loc_003,2026-07-02,rash,0
asha_000489,loc_003,2026-07-03,fever,19
asha_000490,loc_003,2026-07-03,diarrhea,16
asha_000491,loc_003,2026-07-03,cough,2
asha_000492,loc_003,2026-07-03,rash,1
asha_000493,loc_003,2026-07-04,fever,21
asha_000494,loc_003,2026-07-04,diarrhea,16
asha_000495,loc_003,2026-07-04,cough,1
asha_000496,loc_003,2026-07-04,rash,0
asha_000497,loc_003,2026-07-05,fever,21
asha_000498,loc_003,2026-07-05,diarrhea,15
asha_000499,loc_003,2026-07-05,cough,2
asha_000500,loc_003,2026-07-05,rash,1
asha_000501,loc_003,2026-07-06,fever,18
asha_000502,loc_003,2026-07-06,diarrhea,14
asha_000503,loc_003,2026-07-06,cough,2
asha_000504,loc_003,2026-07-06,rash,2
asha_000505,loc_003,2026-07-07,fever,22
asha_000506,loc_003,2026-07-07,diarrhea,17
asha_000507,loc_003,2026-07-07,cough,4
asha_000508,loc_003,2026-07-07,rash,0
asha_000509,loc_003,2026-07-08,fever,18
asha_000510,loc_003,2026-07-08,diarrhea,14
asha_000511,loc_003,2026-07-08,cough,5
asha_000512,loc_003,2026-07-08,rash,0
asha_000513,loc_003,2026-07-09,fever,20
asha_000514,loc_003,2026-07-09,diarrhea,17
asha_000515,loc_003,2026-07-09,cough,2
asha_000516,loc_003,2026-07-09,rash,0
asha_000517,loc_003,2026-07-10,fever,22
asha_000518,loc_003,2026-07-10,diarrhea,15
asha_000519,loc_003,2026-07-10,cough,1
asha_000520,loc_003,2026-07-10,rash,1
asha_000521,loc_003,2026-07-11,fever,21
asha_000522,loc_003,2026-07-11,diarrhea,17
asha_000523,loc_003,2026-07-11,cough,3
asha_000524,loc_003,2026-07-11,rash,2
asha_000525,loc_003,2026-07-12,fever,21
asha_000526,loc_003,2026-07-12,diarrhea,13
asha_000527,loc_003,2026-07-12,cough,5
asha_000528,loc_003,2026-07-12,rash,0
asha_000529,loc_003,2026-07-13,fever,20
asha_000530,loc_003,2026-07-13,diarrhea,17
asha_000531,loc_003,2026-07-13,cough,2
asha_000532,loc_003,2026-07-13,rash,2
asha_000533,loc_003,2026-07-14,fever,19
asha_000534,loc_003,2026-07-14,diarrhea,14
asha_000535,loc_003,2026-07-14,cough,4
asha_000536,loc_003,2026-07-14,rash,3
asha_000537,loc_003,2026-07-15,fever,21
asha_000538,loc_003,2026-07-15,diarrhea,17
asha_000539,loc_003,2026-07-15,cough,5
asha_000540,loc_003,2026-07-15,rash,0
asha_000541,loc_003,2026-07-16,fever,18
asha_000542,loc_003,2026-07-16,diarrhea,17
asha_000543,loc_003,2026-07-16,cough,3
asha_000544,loc_003,2026-07-16,rash,2
asha_000545,loc_003,2026-07-17,fever,18
asha_000546,loc_003,2026-07-17,diarrhea,17
asha_000547,loc_003,2026-07-17,cough,2
asha_000548,loc_003,2026-07-17,rash,0
asha_000549,loc_003,2026-07-18,fever,20
asha_000550,loc_003,2026-07-18,diarrhea,15
asha_000551,loc_003,2026-07-18,cough,5
asha_000552,loc_003,2026-07-18,rash,2
asha_000553,loc_003,2026-07-19,fever,22
asha_000554,loc_003,2026-07-19,diarrhea,15
asha_000555,loc_003,2026-07-19,cough,5
asha_000556,loc_003,2026-07-19,rash,2
asha_000557,loc_003,2026-07-20,fever,19
asha_000558,loc_003,2026-07-20,diarrhea,17
asha_000559,loc_003,2026-07-20,cough,4
asha_000560,loc_003,2026-07-20,rash,0
asha_000561,loc_003,2026-07-21,fever,19
asha_000562,loc_003,2026-07-21,diarrhea,16
asha_000563,loc_003,2026-07-21,cough,5
asha_000564,loc_003,2026-07-21,rash,1
asha_000565,loc_003,2026-07-22,fever,22
asha_000566,loc_003,2026-07-22,diarrhea,13
asha_000567,loc_003,2026-07-22,cough,4
asha_000568,loc_003,2026-07-22,rash,0
asha_000569,loc_003,2026-07-23,fever,19
asha_000570,loc_003,2026-07-23,diarrhea,15
asha_000571,loc_003,2026-07-23,cough,2
asha_000572,loc_003,2026-07-23,rash,0
asha_000573,loc_003,2026-07-24,fever,21
asha_000574,loc_003,2026-07-24,diarrhea,13
asha_000575,loc_003,2026-07-24,cough,3
asha_000576,loc_003,2026-07-24,rash,0
asha_000577,loc_003,2026-07-25,fever,19
asha_000578,loc_003,2026-07-25,diarrhea,13
asha_000579,loc_003,2026-07-25,cough,5
asha_000580,loc_003,2026-07-25,rash,2
asha_000581,loc_003,2026-07-26,fever,20
asha_000582,loc_003,2026-07-26,diarrhea,16
asha_000583,loc_003,2026-07-26,cough,2
asha_000584,loc_003,2026-07-26,rash,1
asha_000585,loc_003,2026-07-27,fever,19
asha_000586,loc_003,2026-07-27,diarrhea,17
asha_000587,loc_003,2026-07-27,cough,5
asha_000588,loc_003,2026-07-27,rash,0
asha_000589,loc_003,2026-07-28,fever,22
asha_000590,loc_003,2026-07-28,diarrhea,14
asha_000591,loc_003,2026-07-28,cough,1
asha_000592,loc_003,2026-07-28,rash,1
asha_000593,loc_003,2026-07-29,fever,19
asha_000594,loc_003,2026-07-29,diarrhea,15
asha_000595,loc_003,2026-07-29,cough,2
asha_000596,loc_003,2026-07-29,rash,0
asha_000597,loc_003,2026-07-30,fever,21
asha_000598,loc_003,2026-07-30,diarrhea,16
asha_000599,loc_003,2026-07-30,cough,4
asha_000600,loc_003,2026-07-30,rash,1
asha_000601,loc_003,2026-07-31,fever,18
asha_000602,loc_003,2026-07-31,diarrhea,17
asha_000603,loc_003,2026-07-31,cough,5
asha_000604,loc_003,2026-07-31,rash,0
asha_000605,loc_003,2026-08-01,fever,18
asha_000606,loc_003,2026-08-01,diarrhea,15
asha_000607,loc_003,2026-08-01,cough,3
asha_000608,loc_003,2026-08-01,rash,2
asha_000609,loc_003,2026-08-02,fever,19
asha_000610,loc_003,2026-08-02,diarrhea,16
asha_000611,loc_003,2026-08-02,cough,1
asha_000612,loc_003,2026-08-02,rash,1
asha_000613,loc_003,2026-08-03,fever,18
asha_000614,loc_003,2026-08-03,diarrhea,16
asha_000615,loc_003,2026-08-03,cough,1
asha_000616,loc_003,2026-08-03,rash,3
asha_000617,loc_003,2026-08-04,fever,19
asha_000618,loc_003,2026-08-04,diarrhea,17
asha_000619,loc_003,2026-08-04,cough,3
asha_000620,loc_003,2026-08-04,rash,0
asha_000621,loc_003,2026-08-05,fever,18
asha_000622,loc_003,2026-08-05,diarrhea,14
asha_000623,loc_003,2026-08-05,cough,5
asha_000624,loc_003,2026-08-05,rash,2
asha_000625,loc_003,2026-08-06,fever,20
asha_000626,loc_003,2026-08-06,diarrhea,16
asha_000627,loc_003,2026-08-06,cough,1
asha_000628,loc_003,2026-08-06,rash,3
asha_000629,loc_003,2026-08-07,fever,19
asha_000630,loc_003,2026-08-07,diarrhea,16
asha_000631,loc_003,2026-08-07,cough,2
asha_000632,loc_003,2026-08-07,rash,0
asha_000633,loc_003,2026-08-08,fever,18
asha_000634,loc_003,2026-08-08,diarrhea,13
asha_000635,loc_003,2026-08-08,cough,4
asha_000636,loc_003,2026-08-08,rash,0
asha_000637,loc_003,2026-08-09,fever,22
asha_000638,loc_003,2026-08-09,diarrhea,16
asha_000639,loc_003,2026-08-09,cough,4
asha_000640,loc_003,2026-08-09,rash,0
asha_000641,loc_003,2026-08-10,fever,20
asha_000642,loc_003,2026-08-10,diarrhea,16
asha_000643,loc_003,2026-08-10,cough,3
asha_000644,loc_003,2026-08-10,rash,0
asha_000645,loc_003,2026-08-11,fever,19
asha_000646,loc_003,2026-08-11,diarrhea,15
asha_000647,loc_003,2026-08-11,cough,2
asha_000648,loc_003,2026-08-11,rash,3
asha_000649,loc_003,2026-08-12,fever,21
asha_000650,loc_003,2026-08-12,diarrhea,14
asha_000651,loc_003,2026-08-12,cough,2
asha_000652,loc_003,2026-08-12,rash,2
asha_000653,loc_003,2026-08-13,fever,22
asha_000654,loc_003,2026-08-13,diarrhea,17
asha_000655,loc_003,2026-08-13,cough,4
asha_000656,loc_003,2026-08-13,rash,0
asha_000657,loc_003,2026-08-14,fever,21
asha_000658,loc_003,2026-08-14,diarrhea,16
asha_000659,loc_003,2026-08-14,cough,5
asha_000660,loc_003,2026-08-14,rash,0
asha_000661,loc_003,2026-08-15,fever,21
asha_000662,loc_003,2026-08-15,diarrhea,15
asha_000663,loc_003,2026-08-15,cough,2
asha_000664,loc_003,2026-08-15,rash,3
asha_000665,loc_003,2026-08-16,fever,27
asha_000666,loc_003,2026-08-16,diarrhea,19
asha_000667,loc_003,2026-08-16,cough,1
asha_000668,loc_003,2026-08-16,rash,0
asha_000669,loc_003,2026-08-17,fever,31
asha_000670,loc_003,2026-08-17,diarrhea,29
asha_000671,loc_003,2026-08-17,cough,1
asha_000672,loc_003,2026-08-17,rash,0
asha_000673,loc_003,2026-08-18,fever,44
asha_000674,loc_003,2026-08-18,diarrhea,28
asha_000675,loc_003,2026-08-18,cough,3
asha_000676,loc_003,2026-08-18,rash,2
asha_000677,loc_003,2026-08-19,fever,51
asha_000678,loc_003,2026-08-19,diarrhea,34
asha_000679,loc_003,2026-08-19,cough,4
asha_000680,loc_003,2026-08-19,rash,3
asha_000681,loc_003,2026-08-20,fever,58
asha_000682,loc_003,2026-08-20,diarrhea,43
asha_000683,loc_003,2026-08-20,cough,1
asha_000684,loc_003,2026-08-20,rash,2
asha_000685,loc_003,2026-08-21,fever,65
asha_000686,loc_003,2026-08-21,diarrhea,46
asha_000687,loc_003,2026-08-21,cough,1
asha_000688,loc_003,2026-08-21,rash,2
asha_000689,loc_003,2026-08-22,fever,72
asha_000690,loc_003,2026-08-22,diarrhea,54
asha_000691,loc_003,2026-08-22,cough,4
asha_000692,loc_003,2026-08-22,rash,1
asha_000693,loc_003,2026-08-23,fever,80
asha_000694,loc_003,2026-08-23,diarrhea,56
asha_000695,loc_003,2026-08-23,cough,4
asha_000696,loc_003,2026-08-23,rash,0
asha_000697,loc_003,2026-08-24,fever,86
asha_000698,loc_003,2026-08-24,diarrhea,60
asha_000699,loc_003,2026-08-24,cough,5
asha_000700,loc_003,2026-08-24,rash,0
asha_000701,loc_003,2026-08-25,fever,88
asha_000702,loc_003,2026-08-25,diarrhea,71
asha_000703,loc_003,2026-08-25,cough,2
asha_000704,loc_003,2026-08-25,rash,0
asha_000705,loc_003,2026-08-26,fever,96
asha_000706,loc_003,2026-08-26,diarrhea,71
asha_000707,loc_003,2026-08-26,cough,3
asha_000708,loc_003,2026-08-26,rash,3
asha_000709,loc_003,2026-08-27,fever,106
asha_000710,loc_003,2026-08-27,diarrhea,76
asha_000711,loc_003,2026-08-27,cough,2
asha_000712,loc_003,2026-08-27,rash,0
asha_000713,loc_003,2026-08-28,fever,113
asha_000714,loc_003,2026-08-28,diarrhea,87
asha_000715,loc_003,2026-08-28,cough,3
asha_000716,loc_003,2026-08-28,rash,3
asha_000717,loc_003,2026-08-29,fever,121
asha_000718,loc_003,2026-08-29,diarrhea,88
asha_000719,loc_003,2026-08-29,cough,2
asha_000720,loc_003,2026-08-29,rash,3
asha_000721,loc_004,2026-07-01,fever,2
asha_000722,loc_004,2026-07-01,diarrhea,1
asha_000723,loc_004,2026-07-01,cough,5
asha_000724,loc_004,2026-07-01,rash,0
asha_000725,loc_004,2026-07-02,fever,6
asha_000726,loc_004,2026-07-02,diarrhea,2
asha_000727,loc_004,2026-07-02,cough,2
asha_000728,loc_004,2026-07-02,rash,1
asha_000729,loc_004,2026-07-03,fever,2
asha_000730,loc_004,2026-07-03,diarrhea,3
asha_000731,loc_004,2026-07-03,cough,1
asha_000732,loc_004,2026-07-03,rash,2
asha_000733,loc_004,2026-07-04,fever,2
asha_000734,loc_004,2026-07-04,diarrhea,2
asha_000735,loc_004,2026-07-04,cough,4
asha_000736,loc_004,2026-07-04,rash,2
asha_000737,loc_004,2026-07-05,fever,6
asha_000738,loc_004,2026-07-05,diarrhea,2
asha_000739,loc_004,2026-07-05,cough,4
asha_000740,loc_004,2026-07-05,rash,0
asha_000741,loc_004,2026-07-06,fever,2
asha_000742,loc_004,2026-07-06,diarrhea,4
asha_000743,loc_004,2026-07-06,cough,1
asha_000744,loc_004,2026-07-06,rash,0
asha_000745,loc_004,2026-07-07,fever,6
asha_000746,loc_004,2026-07-07,diarrhea,5
asha_000747,loc_004,2026-07-07,cough,3
asha_000748,loc_004,2026-07-07,rash,0
asha_000749,loc_004,2026-07-08,fever,3
asha_000750,loc_004,2026-07-08,diarrhea,1
asha_000751,loc_004,2026-07-08,cough,5
asha_000752,loc_004,2026-07-08,rash,1
asha_000753,loc_004,2026-07-09,fever,2
asha_000754,loc_004,2026-07-09,diarrhea,2
asha_000755,loc_004,2026-07-09,cough,1
asha_000756,loc_004,2026-07-09,rash,2
asha_000757,loc_004,2026-07-10,fever,6
asha_000758,loc_004,2026-07-10,diarrhea,3
asha_000759,loc_004,2026-07-10,cough,4
asha_000760,loc_004,2026-07-10,rash,0
asha_000761,loc_004,2026-07-11,fever,3
asha_000762,loc_004,2026-07-11,diarrhea,5
asha_000763,loc_004,2026-07-11,cough,3
asha_000764,loc_004,2026-07-11,rash,1
asha_000765,loc_004,2026-07-12,fever,3
asha_000766,loc_004,2026-07-12,diarrhea,2
asha_000767,loc_004,2026-07-12,cough,3
asha_000768,loc_004,2026-07-12,rash,3
asha_000769,loc_004,2026-07-13,fever,4
asha_000770,loc_004,2026-07-13,diarrhea,2
asha_000771,loc_004,2026-07-13,cough,3
asha_000772,loc_004,2026-07-13,rash,3
asha_000773,loc_004,2026-07-14,fever,4
asha_000774,loc_004,2026-07-14,diarrhea,5
asha_000775,loc_004,2026-07-14,cough,1
asha_000776,loc_004,2026-07-14,rash,2
asha_000777,loc_004,2026-07-15,fever,5
asha_000778,loc_004,2026-07-15,diarrhea,4
asha_000779,loc_004,2026-07-15,cough,3
asha_000780,loc_004,2026-07-15,rash,3
asha_000781,loc_004,2026-07-16,fever,5
asha_000782,loc_004,2026-07-16,diarrhea,5
asha_000783,loc_004,2026-07-16,cough,2
asha_000784,loc_004,2026-07-16,rash,0
asha_000785,loc_004,2026-07-17,fever,2
asha_000786,loc_004,2026-07-17,diarrhea,5
asha_000787,loc_004,2026-07-17,cough,1
asha_000788,loc_004,2026-07-17,rash,0
asha_000789,loc_004,2026-07-18,fever,4
asha_000790,loc_004,2026-07-18,diarrhea,2
asha_000791,loc_004,2026-07-18,cough,3
asha_000792,loc_004,2026-07-18,rash,3
asha_000793,loc_004,2026-07-19,fever,4
asha_000794,loc_004,2026-07-19,diarrhea,1
asha_000795,loc_004,2026-07-19,cough,3
asha_000796,loc_004,2026-07-19,rash,1
asha_000797,loc_004,2026-07-20,fever,4
asha_000798,loc_004,2026-07-20,diarrhea,3
asha_000799,loc_004,2026-07-20,cough,2
asha_000800,loc_004,2026-07-20,rash,1
asha_000801,loc_004,2026-07-21,fever,5
asha_000802,loc_004,2026-07-21,diarrhea,2
asha_000803,loc_004,2026-07-21,cough,3
asha_000804,loc_004,2026-07-21,rash,0
asha_000805,loc_004,2026-07-22,fever,4
asha_000806,loc_004,2026-07-22,diarrhea,3
asha_000807,loc_004,2026-07-22,cough,5
asha_000808,loc_004,2026-07-22,rash,3
asha_000809,loc_004,2026-07-23,fever,2
asha_000810,loc_004,2026-07-23,diarrhea,3
asha_000811,loc_004,2026-07-23,cough,1
asha_000812,loc_004,2026-07-23,rash,0
asha_000813,loc_004,2026-07-24,fever,5
asha_000814,loc_004,2026-07-24,diarrhea,4
asha_000815,loc_004,2026-07-24,cough,5
asha_000816,loc_004,2026-07-24,rash,1
asha_000817,loc_004,2026-07-25,fever,5
asha_000818,loc_004,2026-07-25,diarrhea,2
asha_000819,loc_004,2026-07-25,cough,3
asha_000820,loc_004,2026-07-25,rash,2
asha_000821,loc_004,2026-07-26,fever,3
asha_000822,loc_004,2026-07-26,diarrhea,5
asha_000823,loc_004,2026-07-26,cough,3
asha_000824,loc_004,2026-07-26,rash,0
asha_000825,loc_004,2026-07-27,fever,4
asha_000826,loc_004,2026-07-27,diarrhea,4
asha_000827,loc_004,2026-07-27,cough,1
asha_000828,loc_004,2026-07-27,rash,0
asha_000829,loc_004,2026-07-28,fever,2
asha_000830,loc_004,2026-07-28,diarrhea,5
asha_000831,loc_004,2026-07-28,cough,5
asha_000832,loc_004,2026-07-28,rash,0
asha_000833,loc_004,2026-07-29,fever,5
asha_000834,loc_004,2026-07-29,diarrhea,3
asha_000835,loc_004,2026-07-29,cough,4
asha_000836,loc_004,2026-07-29,rash,0
asha_000837,loc_004,2026-07-30,fever,3
asha_000838,loc_004,2026-07-30,diarrhea,4
asha_000839,loc_004,2026-07-30,cough,5
asha_000840,loc_004,2026-07-30,rash,0
asha_000841,loc_004,2026-07-31,fever,5
asha_000842,loc_004,2026-07-31,diarrhea,2
asha_000843,loc_004,2026-07-31,cough,1
asha_000844,loc_004,2026-07-31,rash,2
asha_000845,loc_004,2026-08-01,fever,3
asha_000846,loc_004,2026-08-01,diarrhea,4
asha_000847,loc_004,2026-08-01,cough,5
asha_000848,loc_004,2026-08-01,rash,1
asha_000849,loc_004,2026-08-02,fever,2
asha_000850,loc_004,2026-08-02,diarrhea,1
asha_000851,loc_004,2026-08-02,cough,3
asha_000852,loc_004,2026-08-02,rash,2
asha_000853,loc_004,2026-08-03,fever,3
asha_000854,loc_004,2026-08-03,diarrhea,1
asha_000855,loc_004,2026-08-03,cough,3
asha_000856,loc_004,2026-08-03,rash,3
asha_000857,loc_004,2026-08-04,fever,5
asha_000858,loc_004,2026-08-04,diarrhea,1
asha_000859,loc_004,2026-08-04,cough,5
asha_000860,loc_004,2026-08-04,rash,3
asha_000861,loc_004,2026-08-05,fever,5
asha_000862,loc_004,2026-08-05,diarrhea,3
asha_000863,loc_004,2026-08-05,cough,2
asha_000864,loc_004,2026-08-05,rash,3
asha_000865,loc_004,2026-08-06,fever,6
asha_000866,loc_004,2026-08-06,diarrhea,3
asha_000867,loc_004,2026-08-06,cough,5
asha_000868,loc_004,2026-08-06,rash,3
asha_000869,loc_004,2026-08-07,fever,6
asha_000870,loc_004,2026-08-07,diarrhea,2
asha_000871,loc_004,2026-08-07,cough,1
asha_000872,loc_004,2026-08-07,rash,3
asha_000873,loc_004,2026-08-08,fever,2
asha_000874,loc_004,2026-08-08,diarrhea,4
asha_000875,loc_004,2026-08-08,cough,5
asha_000876,loc_004,2026-08-08,rash,0
asha_000877,loc_004,2026-08-09,fever,4
asha_000878,loc_004,2026-08-09,diarrhea,2
asha_000879,loc_004,2026-08-09,cough,4
asha_000880,loc_004,2026-08-09,rash,1
asha_000881,loc_004,2026-08-10,fever,5
asha_000882,loc_004,2026-08-10,diarrhea,2
asha_000883,loc_004,2026-08-10,cough,1
asha_000884,loc_004,2026-08-10,rash,3
asha_000885,loc_004,2026-08-11,fever,5
asha_000886,loc_004,2026-08-11,diarrhea,2
asha_000887,loc_004,2026-08-11,cough,4
asha_000888,loc_004,2026-08-11,rash,1
asha_000889,loc_004,2026-08-12,fever,5
asha_000890,loc_004,2026-08-12,diarrhea,3
asha_000891,loc_004,2026-08-12,cough,4
asha_000892,loc_004,2026-08-12,rash,3
asha_000893,loc_004,2026-08-13,fever,2
asha_000894,loc_004,2026-08-13,diarrhea,3
asha_000895,loc_004,2026-08-13,cough,2
asha_000896,loc_004,2026-08-13,rash,1
asha_000897,loc_004,2026-08-14,fever,2
asha_000898,loc_004,2026-08-14,diarrhea,4
asha_000899,loc_004,2026-08-14,cough,2
asha_000900,loc_004,2026-08-14,rash,2
asha_000901,loc_004,2026-08-15,fever,4
asha_000902,loc_004,2026-08-15,diarrhea,1
asha_000903,loc_004,2026-08-15,cough,5
asha_000904,loc_004,2026-08-15,rash,0
asha_000905,loc_004,2026-08-16,fever,5
asha_000906,loc_004,2026-08-16,diarrhea,3
asha_000907,loc_004,2026-08-16,cough,3
asha_000908,loc_004,2026-08-16,rash,1
asha_000909,loc_004,2026-08-17,fever,4
asha_000910,loc_004,2026-08-17,diarrhea,4
asha_000911,loc_004,2026-08-17,cough,4
asha_000912,loc_004,2026-08-17,rash,0
asha_000913,loc_004,2026-08-18,fever,5
asha_000914,loc_004,2026-08-18,diarrhea,4
asha_000915,loc_004,2026-08-18,cough,1
asha_000916,loc_004,2026-08-18,rash,1
asha_000917,loc_004,2026-08-19,fever,6
asha_000918,loc_004,2026-08-19,diarrhea,2
asha_000919,loc_004,2026-08-19,cough,2
asha_000920,loc_004,2026-08-19,rash,2
asha_000921,loc_004,2026-08-20,fever,2
asha_000922,loc_004,2026-08-20,diarrhea,4
asha_000923,loc_004,2026-08-20,cough,3
asha_000924,loc_004,2026-08-20,rash,3
asha_000925,loc_004,2026-08-21,fever,5
asha_000926,loc_004,2026-08-21,diarrhea,1
asha_000927,loc_004,2026-08-21,cough,3
asha_000928,loc_004,2026-08-21,rash,3
asha_000929,loc_004,2026-08-22,fever,6
asha_000930,loc_004,2026-08-22,diarrhea,4
asha_000931,loc_004,2026-08-22,cough,4
asha_000932,loc_004,2026-08-22,rash,1
asha_000933,loc_004,2026-08-23,fever,2
asha_000934,loc_004,2026-08-23,diarrhea,2
asha_000935,loc_004,2026-08-23,cough,5
asha_000936,loc_004,2026-08-23,rash,2
asha_000937,loc_004,2026-08-24,fever,5
asha_000938,loc_004,2026-08-24,diarrhea,2
asha_000939,loc_004,2026-08-24,cough,2
asha_000940,loc_004,2026-08-24,rash,2
asha_000941,loc_004,2026-08-25,fever,6
asha_000942,loc_004,2026-08-25,diarrhea,4
asha_000943,loc_004,2026-08-25,cough,3
asha_000944,loc_004,2026-08-25,rash,2
asha_000945,loc_004,2026-08-26,fever,4
asha_000946,loc_004,2026-08-26,diarrhea,4
asha_000947,loc_004,2026-08-26,cough,1
asha_000948,loc_004,2026-08-26,rash,2
asha_000949,loc_004,2026-08-27,fever,6
asha_000950,loc_004,2026-08-27,diarrhea,3
asha_000951,loc_004,2026-08-27,cough,2
asha_000952,loc_004,2026-08-27,rash,1
asha_000953,loc_004,2026-08-28,fever,6
asha_000954,loc_004,2026-08-28,diarrhea,4
asha_000955,loc_004,2026-08-28,cough,3
asha_000956,loc_004,2026-08-28,rash,0
asha_000957,loc_004,2026-08-29,fever,6
asha_000958,loc_004,2026-08-29,diarrhea,4
asha_000959,loc_004,2026-08-29,cough,3
asha_000960,loc_004,2026-08-29,rash,3
asha_000961,loc_005,2026-07-01,fever,2
asha_000962,loc_005,2026-07-01,diarrhea,1
asha_000963,loc_005,2026-07-01,cough,5
asha_000964,loc_005,2026-07-01,rash,1
asha_000965,loc_005,2026-07-02,fever,2
asha_000966,loc_005,2026-07-02,diarrhea,3
asha_000967,loc_005,2026-07-02,cough,4
asha_000968,loc_005,2026-07-02,rash,2
asha_000969,loc_005,2026-07-03,fever,4
asha_000970,loc_005,2026-07-03,diarrhea,1
asha_000971,loc_005,2026-07-03,cough,1
asha_000972,loc_005,2026-07-03,rash,3
asha_000973,loc_005,2026-07-04,fever,2
asha_000974,loc_005,2026-07-04,diarrhea,3
asha_000975,loc_005,2026-07-04,cough,3
asha_000976,loc_005,2026-07-04,rash,3
asha_000977,loc_005,2026-07-05,fever,5
asha_000978,loc_005,2026-07-05,diarrhea,4
asha_000979,loc_005,2026-07-05,cough,2
asha_000980,loc_005,2026-07-05,rash,3
asha_000981,loc_005,2026-07-06,fever,2
asha_000982,loc_005,2026-07-06,diarrhea,5
asha_000983,loc_005,2026-07-06,cough,2
asha_000984,loc_005,2026-07-06,rash,1
asha_000985,loc_005,2026-07-07,fever,3
asha_000986,loc_005,2026-07-07,diarrhea,2
asha_000987,loc_005,2026-07-07,cough,5
asha_000988,loc_005,2026-07-07,rash,2
asha_000989,loc_005,2026-07-08,fever,6
asha_000990,loc_005,2026-07-08,diarrhea,1
asha_000991,loc_005,2026-07-08,cough,5
asha_000992,loc_005,2026-07-08,rash,0
asha_000993,loc_005,2026-07-09,fever,6
asha_000994,loc_005,2026-07-09,diarrhea,4
asha_000995,loc_005,2026-07-09,cough,4
asha_000996,loc_005,2026-07-09,rash,0
asha_000997,loc_005,2026-07-10,fever,2
asha_000998,loc_005,2026-07-10,diarrhea,3
asha_000999,loc_005,2026-07-10,cough,4
asha_001000,loc_005,2026-07-10,rash,0
asha_001001,loc_005,2026-07-11,fever,5
asha_001002,loc_005,2026-07-11,diarrhea,3
asha_001003,loc_005,2026-07-11,cough,5
asha_001004,loc_005,2026-07-11,rash,3
asha_001005,loc_005,2026-07-12,fever,6
asha_001006,loc_005,2026-07-12,diarrhea,2
asha_001007,loc_005,2026-07-12,cough,3
asha_001008,loc_005,2026-07-12,rash,2
asha_001009,loc_005,2026-07-13,fever,5
asha_001010,loc_005,2026-07-13,diarrhea,3
asha_001011,loc_005,2026-07-13,cough,3
asha_001012,loc_005,2026-07-13,rash,3
asha_001013,loc_005,2026-07-14,fever,4
asha_001014,loc_005,2026-07-14,diarrhea,4
asha_001015,loc_005,2026-07-14,cough,1
asha_001016,loc_005,2026-07-14,rash,3
asha_001017,loc_005,2026-07-15,fever,5
asha_001018,loc_005,2026-07-15,diarrhea,4
asha_001019,loc_005,2026-07-15,cough,5
asha_001020,loc_005,2026-07-15,rash,0
asha_001021,loc_005,2026-07-16,fever,3
asha_001022,loc_005,2026-07-16,diarrhea,5
asha_001023,loc_005,2026-07-16,cough,5
asha_001024,loc_005,2026-07-16,rash,2
asha_001025,loc_005,2026-07-17,fever,6
asha_001026,loc_005,2026-07-17,diarrhea,2
asha_001027,loc_005,2026-07-17,cough,1
asha_001028,loc_005,2026-07-17,rash,0
asha_001029,loc_005,2026-07-18,fever,3
asha_001030,loc_005,2026-07-18,diarrhea,3
asha_001031,loc_005,2026-07-18,cough,5
asha_001032,loc_005,2026-07-18,rash,1
asha_001033,loc_005,2026-07-19,fever,4
asha_001034,loc_005,2026-07-19,diarrhea,2
asha_001035,loc_005,2026-07-19,cough,4
asha_001036,loc_005,2026-07-19,rash,1
asha_001037,loc_005,2026-07-20,fever,6
asha_001038,loc_005,2026-07-20,diarrhea,4
asha_001039,loc_005,2026-07-20,cough,3
asha_001040,loc_005,2026-07-20,rash,1
asha_001041,loc_005,2026-07-21,fever,2
asha_001042,loc_005,2026-07-21,diarrhea,1
asha_001043,loc_005,2026-07-21,cough,5
asha_001044,loc_005,2026-07-21,rash,0
asha_001045,loc_005,2026-07-22,fever,6
asha_001046,loc_005,2026-07-22,diarrhea,2
asha_001047,loc_005,2026-07-22,cough,4
asha_001048,loc_005,2026-07-22,rash,0
asha_001049,loc_005,2026-07-23,fever,2
asha_001050,loc_005,2026-07-23,diarrhea,4
asha_001051,loc_005,2026-07-23,cough,1
asha_001052,loc_005,2026-07-23,rash,2
asha_001053,loc_005,2026-07-24,fever,5
asha_001054,loc_005,2026-07-24,diarrhea,5
asha_001055,loc_005,2026-07-24,cough,5
asha_001056,loc_005,2026-07-24,rash,0
asha_001057,loc_005,2026-07-25,fever,5
asha_001058,loc_005,2026-07-25,diarrhea,3
asha_001059,loc_005,2026-07-25,cough,3
asha_001060,loc_005,2026-07-25,rash,2
asha_001061,loc_005,2026-07-26,fever,2
asha_001062,loc_005,2026-07-26,diarrhea,2
asha_001063,loc_005,2026-07-26,cough,4
asha_001064,loc_005,2026-07-26,rash,0
asha_001065,loc_005,2026-07-27,fever,5
asha_001066,loc_005,2026-07-27,diarrhea,1
asha_001067,loc_005,2026-07-27,cough,1
asha_001068,loc_005,2026-07-27,rash,2
asha_001069,loc_005,2026-07-28,fever,6
asha_001070,loc_005,2026-07-28,diarrhea,2
asha_001071,loc_005,2026-07-28,cough,4
asha_001072,loc_005,2026-07-28,rash,1
asha_001073,loc_005,2026-07-29,fever,4
asha_001074,loc_005,2026-07-29,diarrhea,4
asha_001075,loc_005,2026-07-29,cough,3
asha_001076,loc_005,2026-07-29,rash,3
asha_001077,loc_005,2026-07-30,fever,5
asha_001078,loc_005,2026-07-30,diarrhea,4
asha_001079,loc_005,2026-07-30,cough,4
asha_001080,loc_005,2026-07-30,rash,1
asha_001081,loc_005,2026-07-31,fever,4
asha_001082,loc_005,2026-07-31,diarrhea,3
asha_001083,loc_005,2026-07-31,cough,3
asha_001084,loc_005,2026-07-31,rash,2
asha_001085,loc_005,2026-08-01,fever,5
asha_001086,loc_005,2026-08-01,diarrhea,3
asha_001087,loc_005,2026-08-01,cough,5
asha_001088,loc_005,2026-08-01,rash,3
asha_001089,loc_005,2026-08-02,fever,6
asha_001090,loc_005,2026-08-02,diarrhea,3
asha_001091,loc_005,2026-08-02,cough,2
asha_001092,loc_005,2026-08-02,rash,3
asha_001093,loc_005,2026-08-03,fever,3
asha_001094,loc_005,2026-08-03,diarrhea,4
asha_001095,loc_005,2026-08-03,cough,1
asha_001096,loc_005,2026-08-03,rash,3
asha_001097,loc_005,2026-08-04,fever,2
asha_001098,loc_005,2026-08-04,diarrhea,2
asha_001099,loc_005,2026-08-04,cough,2
asha_001100,loc_005,2026-08-04,rash,3
asha_001101,loc_005,2026-08-05,fever,3
asha_001102,loc_005,2026-08-05,diarrhea,5
asha_001103,loc_005,2026-08-05,cough,4
asha_001104,loc_005,2026-08-05,rash,3
asha_001105,loc_005,2026-08-06,fever,5
asha_001106,loc_005,2026-08-06,diarrhea,1
asha_001107,loc_005,2026-08-06,cough,3
asha_001108,loc_005,2026-08-06,rash,0
asha_001109,loc_005,2026-08-07,fever,6
asha_001110,loc_005,2026-08-07,diarrhea,1
asha_001111,loc_005,2026-08-07,cough,5
asha_001112,loc_005,2026-08-07,rash,3
asha_001113,loc_005,2026-08-08,fever,2
asha_001114,loc_005,2026-08-08,diarrhea,1
asha_001115,loc_005,2026-08-08,cough,5
asha_001116,loc_005,2026-08-08,rash,1
asha_001117,loc_005,2026-08-09,fever,3
asha_001118,loc_005,2026-08-09,diarrhea,4
asha_001119,loc_005,2026-08-09,cough,1
asha_001120,loc_005,2026-08-09,rash,3
asha_001121,loc_005,2026-08-10,fever,2
asha_001122,loc_005,2026-08-10,diarrhea,3
asha_001123,loc_005,2026-08-10,cough,4
asha_001124,loc_005,2026-08-10,rash,0
asha_001125,loc_005,2026-08-11,fever,4
asha_001126,loc_005,2026-08-11,diarrhea,3
asha_001127,loc_005,2026-08-11,cough,5
asha_001128,loc_005,2026-08-11,rash,0
asha_001129,loc_005,2026-08-12,fever,6
asha_001130,loc_005,2026-08-12,diarrhea,4
asha_001131,loc_005,2026-08-12,cough,3
asha_001132,loc_005,2026-08-12,rash,2
asha_001133,loc_005,2026-08-13,fever,2
asha_001134,loc_005,2026-08-13,diarrhea,3
asha_001135,loc_005,2026-08-13,cough,4
asha_001136,loc_005,2026-08-13,rash,3
asha_001137,loc_005,2026-08-14,fever,2
asha_001138,loc_005,2026-08-14,diarrhea,1
asha_001139,loc_005,2026-08-14,cough,3
asha_001140,loc_005,2026-08-14,rash,1
asha_001141,loc_005,2026-08-15,fever,5
asha_001142,loc_005,2026-08-15,diarrhea,2
asha_001143,loc_005,2026-08-15,cough,3
asha_001144,loc_005,2026-08-15,rash,2
asha_001145,loc_005,2026-08-16,fever,2
asha_001146,loc_005,2026-08-16,diarrhea,5
asha_001147,loc_005,2026-08-16,cough,3
asha_001148,loc_005,2026-08-16,rash,3
asha_001149,loc_005,2026-08-17,fever,4
asha_001150,loc_005,2026-08-17,diarrhea,2
asha_001151,loc_005,2026-08-17,cough,5
asha_001152,loc_005,2026-08-17,rash,3
asha_001153,loc_005,2026-08-18,fever,4
asha_001154,loc_005,2026-08-18,diarrhea,1
asha_001155,loc_005,2026-08-18,cough,4
asha_001156,loc_005,2026-08-18,rash,3
asha_001157,loc_005,2026-08-19,fever,5
asha_001158,loc_005,2026-08-19,diarrhea,3
asha_001159,loc_005,2026-08-19,cough,4
asha_001160,loc_005,2026-08-19,rash,0
asha_001161,loc_005,2026-08-20,fever,6
asha_001162,loc_005,2026-08-20,diarrhea,5
asha_001163,loc_005,2026-08-20,cough,5
asha_001164,loc_005,2026-08-20,rash,2
asha_001165,loc_005,2026-08-21,fever,2
asha_001166,loc_005,2026-08-21,diarrhea,3
asha_001167,loc_005,2026-08-21,cough,2
asha_001168,loc_005,2026-08-21,rash,0
asha_001169,loc_005,2026-08-22,fever,6
asha_001170,loc_005,2026-08-22,diarrhea,1
asha_001171,loc_005,2026-08-22,cough,3
asha_001172,loc_005,2026-08-22,rash,1
asha_001173,loc_005,2026-08-23,fever,2
asha_001174,loc_005,2026-08-23,diarrhea,1
asha_001175,loc_005,2026-08-23,cough,1
asha_001176,loc_005,2026-08-23,rash,0
asha_001177,loc_005,2026-08-24,fever,3
asha_001178,loc_005,2026-08-24,diarrhea,3
asha_001179,loc_005,2026-08-24,cough,4
asha_001180,loc_005,2026-08-24,rash,0
asha_001181,loc_005,2026-08-25,fever,3
asha_001182,loc_005,2026-08-25,diarrhea,5
asha_001183,loc_005,2026-08-25,cough,5
asha_001184,loc_005,2026-08-25,rash,0
asha_001185,loc_005,2026-08-26,fever,2
asha_001186,loc_005,2026-08-26,diarrhea,1
asha_001187,loc_005,2026-08-26,cough,5
asha_001188,loc_005,2026-08-26,rash,3
asha_001189,loc_005,2026-08-27,fever,5
asha_001190,loc_005,2026-08-27,diarrhea,1
asha_001191,loc_005,2026-08-27,cough,5
asha_001192,loc_005,2026-08-27,rash,0
asha_001193,loc_005,2026-08-28,fever,4
asha_001194,loc_005,2026-08-28,diarrhea,4
asha_001195,loc_005,2026-08-28,cough,1
asha_001196,loc_005,2026-08-28,rash,1
asha_001197,loc_005,2026-08-29,fever,3
asha_001198,loc_005,2026-08-29,diarrhea,4
asha_001199,loc_005,2026-08-29,cough,3
asha_001200,loc_005,2026-08-29,rash,0
asha_001201,loc_006,2026-07-01,fever,5
asha_001202,loc_006,2026-07-01,diarrhea,2
asha_001203,loc_006,2026-07-01,cough,3
asha_001204,loc_006,2026-07-01,rash,0
asha_001205,loc_006,2026-07-02,fever,6
asha_001206,loc_006,2026-07-02,diarrhea,1
asha_001207,loc_006,2026-07-02,cough,3
asha_001208,loc_006,2026-07-02,rash,3
asha_001209,loc_006,2026-07-03,fever,6
asha_001210,loc_006,2026-07-03,diarrhea,4
asha_001211,loc_006,2026-07-03,cough,2
asha_001212,loc_006,2026-07-03,rash,0
asha_001213,loc_006,2026-07-04,fever,3
asha_001214,loc_006,2026-07-04,diarrhea,2
asha_001215,loc_006,2026-07-04,cough,1
asha_001216,loc_006,2026-07-04,rash,2
asha_001217,loc_006,2026-07-05,fever,2
asha_001218,loc_006,2026-07-05,diarrhea,5
asha_001219,loc_006,2026-07-05,cough,4
asha_001220,loc_006,2026-07-05,rash,0
asha_001221,loc_006,2026-07-06,fever,3
asha_001222,loc_006,2026-07-06,diarrhea,1
asha_001223,loc_006,2026-07-06,cough,4
asha_001224,loc_006,2026-07-06,rash,0
asha_001225,loc_006,2026-07-07,fever,2
asha_001226,loc_006,2026-07-07,diarrhea,1
asha_001227,loc_006,2026-07-07,cough,3
asha_001228,loc_006,2026-07-07,rash,0
asha_001229,loc_006,2026-07-08,fever,3
asha_001230,loc_006,2026-07-08,diarrhea,3
asha_001231,loc_006,2026-07-08,cough,3
asha_001232,loc_006,2026-07-08,rash,2
asha_001233,loc_006,2026-07-09,fever,2
asha_001234,loc_006,2026-07-09,diarrhea,1
asha_001235,loc_006,2026-07-09,cough,5
asha_001236,loc_006,2026-07-09,rash,0
asha_001237,loc_006,2026-07-10,fever,4
asha_001238,loc_006,2026-07-10,diarrhea,2
asha_001239,loc_006,2026-07-10,cough,1
asha_001240,loc_006,2026-07-10,rash,1
asha_001241,loc_006,2026-07-11,fever,2
asha_001242,loc_006,2026-07-11,diarrhea,5
asha_001243,loc_006,2026-07-11,cough,5
asha_001244,loc_006,2026-07-11,rash,1
asha_001245,loc_006,2026-07-12,fever,2
asha_001246,loc_006,2026-07-12,diarrhea,3
asha_001247,loc_006,2026-07-12,cough,4
asha_001248,loc_006,2026-07-12,rash,3
asha_001249,loc_006,2026-07-13,fever,3
asha_001250,loc_006,2026-07-13,diarrhea,4
asha_001251,loc_006,2026-07-13,cough,4
asha_001252,loc_006,2026-07-13,rash,1
asha_001253,loc_006,2026-07-14,fever,6
asha_001254,loc_006,2026-07-14,diarrhea,4
asha_001255,loc_006,2026-07-14,cough,2
asha_001256,loc_006,2026-07-14,rash,1
asha_001257,loc_006,2026-07-15,fever,2
asha_001258,loc_006,2026-07-15,diarrhea,2
asha_001259,loc_006,2026-07-15,cough,5
asha_001260,loc_006,2026-07-15,rash,1
asha_001261,loc_006,2026-07-16,fever,5
asha_001262,loc_006,2026-07-16,diarrhea,1
asha_001263,loc_006,2026-07-16,cough,1
asha_001264,loc_006,2026-07-16,rash,0
asha_001265,loc_006,2026-07-17,fever,6
asha_001266,loc_006,2026-07-17,diarrhea,1
asha_001267,loc_006,2026-07-17,cough,5
asha_001268,loc_006,2026-07-17,rash,0
asha_001269,loc_006,2026-07-18,fever,3
asha_001270,loc_006,2026-07-18,diarrhea,3
asha_001271,loc_006,2026-07-18,cough,4
asha_001272,loc_006,2026-07-18,rash,1
asha_001273,loc_006,2026-07-19,fever,3
asha_001274,loc_006,2026-07-19,diarrhea,1
asha_001275,loc_006,2026-07-19,cough,2
asha_001276,loc_006,2026-07-19,rash,0
asha_001277,loc_006,2026-07-20,fever,4
asha_001278,loc_006,2026-07-20,diarrhea,2
asha_001279,loc_006,2026-07-20,cough,1
asha_001280,loc_006,2026-07-20,rash,2
asha_001281,loc_006,2026-07-21,fever,4
asha_001282,loc_006,2026-07-21,diarrhea,4
asha_001283,loc_006,2026-07-21,cough,4
asha_001284,loc_006,2026-07-21,rash,2
asha_001285,loc_006,2026-07-22,fever,4
asha_001286,loc_006,2026-07-22,diarrhea,3
asha_001287,loc_006,2026-07-22,cough,1
asha_001288,loc_006,2026-07-22,rash,3
asha_001289,loc_006,2026-07-23,fever,4
asha_001290,loc_006,2026-07-23,diarrhea,3
asha_001291,loc_006,2026-07-23,cough,4
asha_001292,loc_006,2026-07-23,rash,0
asha_001293,loc_006,2026-07-24,fever,3
asha_001294,loc_006,2026-07-24,diarrhea,4
asha_001295,loc_006,2026-07-24,cough,3
asha_001296,loc_006,2026-07-24,rash,0
asha_001297,loc_006,2026-07-25,fever,4
asha_001298,loc_006,2026-07-25,diarrhea,4
asha_001299,loc_006,2026-07-25,cough,1
asha_001300,loc_006,2026-07-25,rash,2
asha_001301,loc_006,2026-07-26,fever,6
asha_001302,loc_006,2026-07-26,diarrhea,1
asha_001303,loc_006,2026-07-26,cough,2
asha_001304,loc_006,2026-07-26,rash,3
asha_001305,loc_006,2026-07-27,fever,2
asha_001306,loc_006,2026-07-27,diarrhea,2
asha_001307,loc_006,2026-07-27,cough,3
asha_001308,loc_006,2026-07-27,rash,0
asha_001309,loc_006,2026-07-28,fever,2
asha_001310,loc_006,2026-07-28,diarrhea,5
asha_001311,loc_006,2026-07-28,cough,1
asha_001312,loc_006,2026-07-28,rash,3
asha_001313,loc_006,2026-07-29,fever,6
asha_001314,loc_006,2026-07-29,diarrhea,1
asha_001315,loc_006,2026-07-29,cough,4
asha_001316,loc_006,2026-07-29,rash,0
asha_001317,loc_006,2026-07-30,fever,3
asha_001318,loc_006,2026-07-30,diarrhea,1
asha_001319,loc_006,2026-07-30,cough,2
asha_001320,loc_006,2026-07-30,rash,0
asha_001321,loc_006,2026-07-31,fever,3
asha_001322,loc_006,2026-07-31,diarrhea,2
asha_001323,loc_006,2026-07-31,cough,1
asha_001324,loc_006,2026-07-31,rash,1
asha_001325,loc_006,2026-08-01,fever,2
asha_001326,loc_006,2026-08-01,diarrhea,1
asha_001327,loc_006,2026-08-01,cough,5
asha_001328,loc_006,2026-08-01,rash,0
asha_001329,loc_006,2026-08-02,fever,6
asha_001330,loc_006,2026-08-02,diarrhea,1
asha_001331,loc_006,2026-08-02,cough,3
asha_001332,loc_006,2026-08-02,rash,0
asha_001333,loc_006,2026-08-03,fever,2
asha_001334,loc_006,2026-08-03,diarrhea,3
asha_001335,loc_006,2026-08-03,cough,4
asha_001336,loc_006,2026-08-03,rash,2
asha_001337,loc_006,2026-08-04,fever,3
asha_001338,loc_006,2026-08-04,diarrhea,2
asha_001339,loc_006,2026-08-04,cough,4
asha_001340,loc_006,2026-08-04,rash,2
asha_001341,loc_006,2026-08-05,fever,6
asha_001342,loc_006,2026-08-05,diarrhea,3
asha_001343,loc_006,2026-08-05,cough,2
asha_001344,loc_006,2026-08-05,rash,0
asha_001345,loc_006,2026-08-06,fever,4
asha_001346,loc_006,2026-08-06,diarrhea,2
asha_001347,loc_006,2026-08-06,cough,4
asha_001348,loc_006,2026-08-06,rash,0
asha_001349,loc_006,2026-08-07,fever,5
asha_001350,loc_006,2026-08-07,diarrhea,5
asha_001351,loc_006,2026-08-07,cough,4
asha_001352,loc_006,2026-08-07,rash,2
asha_001353,loc_006,2026-08-08,fever,4
asha_001354,loc_006,2026-08-08,diarrhea,1
asha_001355,loc_006,2026-08-08,cough,1
asha_001356,loc_006,2026-08-08,rash,0
asha_001357,loc_006,2026-08-09,fever,2
asha_001358,loc_006,2026-08-09,diarrhea,1
asha_001359,loc_006,2026-08-09,cough,4
asha_001360,loc_006,2026-08-09,rash,2
asha_001361,loc_006,2026-08-10,fever,6
asha_001362,loc_006,2026-08-10,diarrhea,3
asha_001363,loc_006,2026-08-10,cough,3
asha_001364,loc_006,2026-08-10,rash,1
asha_001365,loc_006,2026-08-11,fever,2
asha_001366,loc_006,2026-08-11,diarrhea,5
asha_001367,loc_006,2026-08-11,cough,4
asha_001368,loc_006,2026-08-11,rash,3
asha_001369,loc_006,2026-08-12,fever,2
asha_001370,loc_006,2026-08-12,diarrhea,5
asha_001371,loc_006,2026-08-12,cough,4
asha_001372,loc_006,2026-08-12,rash,2
asha_001373,loc_006,2026-08-13,fever,2
asha_001374,loc_006,2026-08-13,diarrhea,1
asha_001375,loc_006,2026-08-13,cough,3
asha_001376,loc_006,2026-08-13,rash,0
asha_001377,loc_006,2026-08-14,fever,6
asha_001378,loc_006,2026-08-14,diarrhea,4
asha_001379,loc_006,2026-08-14,cough,5
asha_001380,loc_006,2026-08-14,rash,0
asha_001381,loc_006,2026-08-15,fever,3
asha_001382,loc_006,2026-08-15,diarrhea,5
asha_001383,loc_006,2026-08-15,cough,4
asha_001384,loc_006,2026-08-15,rash,0
asha_001385,loc_006,2026-08-16,fever,4
asha_001386,loc_006,2026-08-16,diarrhea,2
asha_001387,loc_006,2026-08-16,cough,5
asha_001388,loc_006,2026-08-16,rash,0
asha_001389,loc_006,2026-08-17,fever,5
asha_001390,loc_006,2026-08-17,diarrhea,5
asha_001391,loc_006,2026-08-17,cough,5
asha_001392,loc_006,2026-08-17,rash,1
asha_001393,loc_006,2026-08-18,fever,5
asha_001394,loc_006,2026-08-18,diarrhea,1
asha_001395,loc_006,2026-08-18,cough,2
asha_001396,loc_006,2026-08-18,rash,0
asha_001397,loc_006,2026-08-19,fever,5
asha_001398,loc_006,2026-08-19,diarrhea,3
asha_001399,loc_006,2026-08-19,cough,4
asha_001400,loc_006,2026-08-19,rash,3
asha_001401,loc_006,2026-08-20,fever,3
asha_001402,loc_006,2026-08-20,diarrhea,3
asha_001403,loc_006,2026-08-20,cough,3
asha_001404,loc_006,2026-08-20,rash,2
asha_001405,loc_006,2026-08-21,fever,5
asha_001406,loc_006,2026-08-21,diarrhea,5
asha_001407,loc_006,2026-08-21,cough,5
asha_001408,loc_006,2026-08-21,rash,1
asha_001409,loc_006,2026-08-22,fever,4
asha_001410,loc_006,2026-08-22,diarrhea,2
asha_001411,loc_006,2026-08-22,cough,4
asha_001412,loc_006,2026-08-22,rash,3
asha_001413,loc_006,2026-08-23,fever,5
asha_001414,loc_006,2026-08-23,diarrhea,3
asha_001415,loc_006,2026-08-23,cough,5
asha_001416,loc_006,2026-08-23,rash,0
asha_001417,loc_006,2026-08-24,fever,6
asha_001418,loc_006,2026-08-24,diarrhea,2
asha_001419,loc_006,2026-08-24,cough,5
asha_001420,loc_006,2026-08-24,rash,3
asha_001421,loc_006,2026-08-25,fever,3
asha_001422,loc_006,2026-08-25,diarrhea,2
asha_001423,loc_006,2026-08-25,cough,5
asha_001424,loc_006,2026-08-25,rash,3
asha_001425,loc_006,2026-08-26,fever,6
asha_001426,loc_006,2026-08-26,diarrhea,1
asha_001427,loc_006,2026-08-26,cough,1
asha_001428,loc_006,2026-08-26,rash,2
asha_001429,loc_006,2026-08-27,fever,2
asha_001430,loc_006,2026-08-27,diarrhea,2
asha_001431,loc_006,2026-08-27,cough,1
asha_001432,loc_006,2026-08-27,rash,0
asha_001433,loc_006,2026-08-28,fever,5
asha_001434,loc_006,2026-08-28,diarrhea,5
asha_001435,loc_006,2026-08-28,cough,2
asha_001436,loc_006,2026-08-28,rash,3
asha_001437,loc_006,2026-08-29,fever,5
asha_001438,loc_006,2026-08-29,diarrhea,1
asha_001439,loc_006,2026-08-29,cough,5
asha_001440,loc_006,2026-08-29,rash,0
asha_001441,loc_007,2026-07-01,fever,2
asha_001442,loc_007,2026-07-01,diarrhea,3
asha_001443,loc_007,2026-07-01,cough,2
asha_001444,loc_007,2026-07-01,rash,3
asha_001445,loc_007,2026-07-02,fever,2
asha_001446,loc_007,2026-07-02,diarrhea,1
asha_001447,loc_007,2026-07-02,cough,1
asha_001448,loc_007,2026-07-02,rash,0
asha_001449,loc_007,2026-07-03,fever,6
asha_001450,loc_007,2026-07-03,diarrhea,5
asha_001451,loc_007,2026-07-03,cough,4
asha_001452,loc_007,2026-07-03,rash,3
asha_001453,loc_007,2026-07-04,fever,6
asha_001454,loc_007,2026-07-04,diarrhea,4
asha_001455,loc_007,2026-07-04,cough,2
asha_001456,loc_007,2026-07-04,rash,0
asha_001457,loc_007,2026-07-05,fever,3
asha_001458,loc_007,2026-07-05,diarrhea,4
asha_001459,loc_007,2026-07-05,cough,5
asha_001460,loc_007,2026-07-05,rash,0
asha_001461,loc_007,2026-07-06,fever,2
asha_001462,loc_007,2026-07-06,diarrhea,5
asha_001463,loc_007,2026-07-06,cough,1
asha_001464,loc_007,2026-07-06,rash,3
asha_001465,loc_007,2026-07-07,fever,3
asha_001466,loc_007,2026-07-07,diarrhea,1
asha_001467,loc_007,2026-07-07,cough,5
asha_001468,loc_007,2026-07-07,rash,0
asha_001469,loc_007,2026-07-08,fever,6
asha_001470,loc_007,2026-07-08,diarrhea,1
asha_001471,loc_007,2026-07-08,cough,3
asha_001472,loc_007,2026-07-08,rash,2
asha_001473,loc_007,2026-07-09,fever,5
asha_001474,loc_007,2026-07-09,diarrhea,4
asha_001475,loc_007,2026-07-09,cough,5
asha_001476,loc_007,2026-07-09,rash,0
asha_001477,loc_007,2026-07-10,fever,3
asha_001478,loc_007,2026-07-10,diarrhea,1
asha_001479,loc_007,2026-07-10,cough,4
asha_001480,loc_007,2026-07-10,rash,1
asha_001481,loc_007,2026-07-11,fever,2
asha_001482,loc_007,2026-07-11,diarrhea,3
asha_001483,loc_007,2026-07-11,cough,3
asha_001484,loc_007,2026-07-11,rash,2
asha_001485,loc_007,2026-07-12,fever,5
asha_001486,loc_007,2026-07-12,diarrhea,5
asha_001487,loc_007,2026-07-12,cough,2
asha_001488,loc_007,2026-07-12,rash,1
asha_001489,loc_007,2026-07-13,fever,2
asha_001490,loc_007,2026-07-13,diarrhea,3
asha_001491,loc_007,2026-07-13,cough,1
asha_001492,loc_007,2026-07-13,rash,0
asha_001493,loc_007,2026-07-14,fever,6
asha_001494,loc_007,2026-07-14,diarrhea,3
asha_001495,loc_007,2026-07-14,cough,5
asha_001496,loc_007,2026-07-14,rash,0
asha_001497,loc_007,2026-07-15,fever,5
asha_001498,loc_007,2026-07-15,diarrhea,3
asha_001499,loc_007,2026-07-15,cough,3
asha_001500,loc_007,2026-07-15,rash,0
asha_001501,loc_007,2026-07-16,fever,3
asha_001502,loc_007,2026-07-16,diarrhea,3
asha_001503,loc_007,2026-07-16,cough,5
asha_001504,loc_007,2026-07-16,rash,2
asha_001505,loc_007,2026-07-17,fever,5
asha_001506,loc_007,2026-07-17,diarrhea,2
asha_001507,loc_007,2026-07-17,cough,2
asha_001508,loc_007,2026-07-17,rash,3
asha_001509,loc_007,2026-07-18,fever,2
asha_001510,loc_007,2026-07-18,diarrhea,4
asha_001511,loc_007,2026-07-18,cough,5
asha_001512,loc_007,2026-07-18,rash,3
asha_001513,loc_007,2026-07-19,fever,5
asha_001514,loc_007,2026-07-19,diarrhea,5
asha_001515,loc_007,2026-07-19,cough,2
asha_001516,loc_007,2026-07-19,rash,0
asha_001517,loc_007,2026-07-20,fever,2
asha_001518,loc_007,2026-07-20,diarrhea,5
asha_001519,loc_007,2026-07-20,cough,3
asha_001520,loc_007,2026-07-20,rash,1
asha_001521,loc_007,2026-07-21,fever,5
asha_001522,loc_007,2026-07-21,diarrhea,5
asha_001523,loc_007,2026-07-21,cough,4
asha_001524,loc_007,2026-07-21,rash,2
asha_001525,loc_007,2026-07-22,fever,2
asha_001526,loc_007,2026-07-22,diarrhea,3
asha_001527,loc_007,2026-07-22,cough,3
asha_001528,loc_007,2026-07-22,rash,3
asha_001529,loc_007,2026-07-23,fever,5
asha_001530,loc_007,2026-07-23,diarrhea,3
asha_001531,loc_007,2026-07-23,cough,3
asha_001532,loc_007,2026-07-23,rash,0
asha_001533,loc_007,2026-07-24,fever,3
asha_001534,loc_007,2026-07-24,diarrhea,1
asha_001535,loc_007,2026-07-24,cough,3
asha_001536,loc_007,2026-07-24,rash,0
asha_001537,loc_007,2026-07-25,fever,4
asha_001538,loc_007,2026-07-25,diarrhea,3
asha_001539,loc_007,2026-07-25,cough,5
asha_001540,loc_007,2026-07-25,rash,2
asha_001541,loc_007,2026-07-26,fever,4
asha_001542,loc_007,2026-07-26,diarrhea,1
asha_001543,loc_007,2026-07-26,cough,5
asha_001544,loc_007,2026-07-26,rash,0
asha_001545,loc_007,2026-07-27,fever,5
asha_001546,loc_007,2026-07-27,diarrhea,2
asha_001547,loc_007,2026-07-27,cough,2
asha_001548,loc_007,2026-07-27,rash,0
asha_001549,loc_007,2026-07-28,fever,6
asha_001550,loc_007,2026-07-28,diarrhea,5
asha_001551,loc_007,2026-07-28,cough,1
asha_001552,loc_007,2026-07-28,rash,3
asha_001553,loc_007,2026-07-29,fever,4
asha_001554,loc_007,2026-07-29,diarrhea,2
asha_001555,loc_007,2026-07-29,cough,3
asha_001556,loc_007,2026-07-29,rash,2
asha_001557,loc_007,2026-07-30,fever,3
asha_001558,loc_007,2026-07-30,diarrhea,3
asha_001559,loc_007,2026-07-30,cough,1
asha_001560,loc_007,2026-07-30,rash,3
asha_001561,loc_007,2026-07-31,fever,2
asha_001562,loc_007,2026-07-31,diarrhea,3
asha_001563,loc_007,2026-07-31,cough,4
asha_001564,loc_007,2026-07-31,rash,2
asha_001565,loc_007,2026-08-01,fever,6
asha_001566,loc_007,2026-08-01,diarrhea,4
asha_001567,loc_007,2026-08-01,cough,5
asha_001568,loc_007,2026-08-01,rash,0
asha_001569,loc_007,2026-08-02,fever,5
asha_001570,loc_007,2026-08-02,diarrhea,2
asha_001571,loc_007,2026-08-02,cough,2
asha_001572,loc_007,2026-08-02,rash,3
asha_001573,loc_007,2026-08-03,fever,2
asha_001574,loc_007,2026-08-03,diarrhea,4
asha_001575,loc_007,2026-08-03,cough,1
asha_001576,loc_007,2026-08-03,rash,0
asha_001577,loc_007,2026-08-04,fever,6
asha_001578,loc_007,2026-08-04,diarrhea,2
asha_001579,loc_007,2026-08-04,cough,1
asha_001580,loc_007,2026-08-04,rash,0
asha_001581,loc_007,2026-08-05,fever,5
asha_001582,loc_007,2026-08-05,diarrhea,1
asha_001583,loc_007,2026-08-05,cough,4
asha_001584,loc_007,2026-08-05,rash,0
asha_001585,loc_007,2026-08-06,fever,4
asha_001586,loc_007,2026-08-06,diarrhea,3
asha_001587,loc_007,2026-08-06,cough,5
asha_001588,loc_007,2026-08-06,rash,0
asha_001589,loc_007,2026-08-07,fever,4
asha_001590,loc_007,2026-08-07,diarrhea,2
asha_001591,loc_007,2026-08-07,cough,1
asha_001592,loc_007,2026-08-07,rash,0
asha_001593,loc_007,2026-08-08,fever,6
asha_001594,loc_007,2026-08-08,diarrhea,4
asha_001595,loc_007,2026-08-08,cough,4
asha_001596,loc_007,2026-08-08,rash,2
asha_001597,loc_007,2026-08-09,fever,3
asha_001598,loc_007,2026-08-09,diarrhea,1
asha_001599,loc_007,2026-08-09,cough,1
asha_001600,loc_007,2026-08-09,rash,1
asha_001601,loc_007,2026-08-10,fever,6
asha_001602,loc_007,2026-08-10,diarrhea,4
asha_001603,loc_007,2026-08-10,cough,5
asha_001604,loc_007,2026-08-10,rash,0
asha_001605,loc_007,2026-08-11,fever,5
asha_001606,loc_007,2026-08-11,diarrhea,4
asha_001607,loc_007,2026-08-11,cough,3
asha_001608,loc_007,2026-08-11,rash,1
asha_001609,loc_007,2026-08-12,fever,4
asha_001610,loc_007,2026-08-12,diarrhea,1
asha_001611,loc_007,2026-08-12,cough,5
asha_001612,loc_007,2026-08-12,rash,1
asha_001613,loc_007,2026-08-13,fever,6
asha_001614,loc_007,2026-08-13,diarrhea,1
asha_001615,loc_007,2026-08-13,cough,2
asha_001616,loc_007,2026-08-13,rash,2
asha_001617,loc_007,2026-08-14,fever,5
asha_001618,loc_007,2026-08-14,diarrhea,1
asha_001619,loc_007,2026-08-14,cough,1
asha_001620,loc_007,2026-08-14,rash,0
asha_001621,loc_007,2026-08-15,fever,5
asha_001622,loc_007,2026-08-15,diarrhea,3
asha_001623,loc_007,2026-08-15,cough,5
asha_001624,loc_007,2026-08-15,rash,0
asha_001625,loc_007,2026-08-16,fever,2
asha_001626,loc_007,2026-08-16,diarrhea,4
asha_001627,loc_007,2026-08-16,cough,3
asha_001628,loc_007,2026-08-16,rash,3
asha_001629,loc_007,2026-08-17,fever,2
asha_001630,loc_007,2026-08-17,diarrhea,3
asha_001631,loc_007,2026-08-17,cough,2
asha_001632,loc_007,2026-08-17,rash,0
asha_001633,loc_007,2026-08-18,fever,3
asha_001634,loc_007,2026-08-18,diarrhea,2
asha_001635,loc_007,2026-08-18,cough,4
asha_001636,loc_007,2026-08-18,rash,1
asha_001637,loc_007,2026-08-19,fever,6
asha_001638,loc_007,2026-08-19,diarrhea,2
asha_001639,loc_007,2026-08-19,cough,5
asha_001640,loc_007,2026-08-19,rash,3
asha_001641,loc_007,2026-08-20,fever,5
asha_001642,loc_007,2026-08-20,diarrhea,2
asha_001643,loc_007,2026-08-20,cough,5
asha_001644,loc_007,2026-08-20,rash,1
asha_001645,loc_007,2026-08-21,fever,6
asha_001646,loc_007,2026-08-21,diarrhea,2
asha_001647,loc_007,2026-08-21,cough,5
asha_001648,loc_007,2026-08-21,rash,2
asha_001649,loc_007,2026-08-22,fever,2
asha_001650,loc_007,2026-08-22,diarrhea,3
asha_001651,loc_007,2026-08-22,cough,5
asha_001652,loc_007,2026-08-22,rash,0
asha_001653,loc_007,2026-08-23,fever,3
asha_001654,loc_007,2026-08-23,diarrhea,2
asha_001655,loc_007,2026-08-23,cough,3
asha_001656,loc_007,2026-08-23,rash,1
asha_001657,loc_007,2026-08-24,fever,3
asha_001658,loc_007,2026-08-24,diarrhea,2
asha_001659,loc_007,2026-08-24,cough,2
asha_001660,loc_007,2026-08-24,rash,3
asha_001661,loc_007,2026-08-25,fever,5
asha_001662,loc_007,2026-08-25,diarrhea,3
asha_001663,loc_007,2026-08-25,cough,1
asha_001664,loc_007,2026-08-25,rash,2
asha_001665,loc_007,2026-08-26,fever,4
asha_001666,loc_007,2026-08-26,diarrhea,2
asha_001667,loc_007,2026-08-26,cough,4
asha_001668,loc_007,2026-08-26,rash,0
asha_001669,loc_007,2026-08-27,fever,5
asha_001670,loc_007,2026-08-27,diarrhea,4
asha_001671,loc_007,2026-08-27,cough,5
asha_001672,loc_007,2026-08-27,rash,2
asha_001673,loc_007,2026-08-28,fever,4
asha_001674,loc_007,2026-08-28,diarrhea,4
asha_001675,loc_007,2026-08-28,cough,5
asha_001676,loc_007,2026-08-28,rash,0
asha_001677,loc_007,2026-08-29,fever,4
asha_001678,loc_007,2026-08-29,diarrhea,1
asha_001679,loc_007,2026-08-29,cough,1
asha_001680,loc_007,2026-08-29,rash,2
asha_001681,loc_008,2026-07-01,fever,3
asha_001682,loc_008,2026-07-01,diarrhea,2
asha_001683,loc_008,2026-07-01,cough,1
asha_001684,loc_008,2026-07-01,rash,0
asha_001685,loc_008,2026-07-02,fever,2
asha_001686,loc_008,2026-07-02,diarrhea,3
asha_001687,loc_008,2026-07-02,cough,3
asha_001688,loc_008,2026-07-02,rash,3
asha_001689,loc_008,2026-07-03,fever,3
asha_001690,loc_008,2026-07-03,diarrhea,1
asha_001691,loc_008,2026-07-03,cough,4
asha_001692,loc_008,2026-07-03,rash,3
asha_001693,loc_008,2026-07-04,fever,4
asha_001694,loc_008,2026-07-04,diarrhea,2
asha_001695,loc_008,2026-07-04,cough,3
asha_001696,loc_008,2026-07-04,rash,0
asha_001697,loc_008,2026-07-05,fever,4
asha_001698,loc_008,2026-07-05,diarrhea,4
asha_001699,loc_008,2026-07-05,cough,3
asha_001700,loc_008,2026-07-05,rash,1
asha_001701,loc_008,2026-07-06,fever,3
asha_001702,loc_008,2026-07-06,diarrhea,3
asha_001703,loc_008,2026-07-06,cough,4
asha_001704,loc_008,2026-07-06,rash,0
asha_001705,loc_008,2026-07-07,fever,2
asha_001706,loc_008,2026-07-07,diarrhea,2
asha_001707,loc_008,2026-07-07,cough,3
asha_001708,loc_008,2026-07-07,rash,3
asha_001709,loc_008,2026-07-08,fever,5
asha_001710,loc_008,2026-07-08,diarrhea,1
asha_001711,loc_008,2026-07-08,cough,2
asha_001712,loc_008,2026-07-08,rash,0
asha_001713,loc_008,2026-07-09,fever,3
asha_001714,loc_008,2026-07-09,diarrhea,3
asha_001715,loc_008,2026-07-09,cough,4
asha_001716,loc_008,2026-07-09,rash,1
asha_001717,loc_008,2026-07-10,fever,2
asha_001718,loc_008,2026-07-10,diarrhea,5
asha_001719,loc_008,2026-07-10,cough,3
asha_001720,loc_008,2026-07-10,rash,2
asha_001721,loc_008,2026-07-11,fever,6
asha_001722,loc_008,2026-07-11,diarrhea,3
asha_001723,loc_008,2026-07-11,cough,5
asha_001724,loc_008,2026-07-11,rash,0
asha_001725,loc_008,2026-07-12,fever,4
asha_001726,loc_008,2026-07-12,diarrhea,4
asha_001727,loc_008,2026-07-12,cough,2
asha_001728,loc_008,2026-07-12,rash,2
asha_001729,loc_008,2026-07-13,fever,5
asha_001730,loc_008,2026-07-13,diarrhea,3
asha_001731,loc_008,2026-07-13,cough,2
asha_001732,loc_008,2026-07-13,rash,3
asha_001733,loc_008,2026-07-14,fever,4
asha_001734,loc_008,2026-07-14,diarrhea,2
asha_001735,loc_008,2026-07-14,cough,4
asha_001736,loc_008,2026-07-14,rash,0
asha_001737,loc_008,2026-07-15,fever,4
asha_001738,loc_008,2026-07-15,diarrhea,2
asha_001739,loc_008,2026-07-15,cough,1
asha_001740,loc_008,2026-07-15,rash,1
asha_001741,loc_008,2026-07-16,fever,4
asha_001742,loc_008,2026-07-16,diarrhea,5
asha_001743,loc_008,2026-07-16,cough,4
asha_001744,loc_008,2026-07-16,rash,0
asha_001745,loc_008,2026-07-17,fever,2
asha_001746,loc_008,2026-07-17,diarrhea,5
asha_001747,loc_008,2026-07-17,cough,5
asha_001748,loc_008,2026-07-17,rash,0
asha_001749,loc_008,2026-07-18,fever,6
asha_001750,loc_008,2026-07-18,diarrhea,2
asha_001751,loc_008,2026-07-18,cough,3
asha_001752,loc_008,2026-07-18,rash,0
asha_001753,loc_008,2026-07-19,fever,4
asha_001754,loc_008,2026-07-19,diarrhea,4
asha_001755,loc_008,2026-07-19,cough,4
asha_001756,loc_008,2026-07-19,rash,2
asha_001757,loc_008,2026-07-20,fever,4
asha_001758,loc_008,2026-07-20,diarrhea,1
asha_001759,loc_008,2026-07-20,cough,5
asha_001760,loc_008,2026-07-20,rash,0
asha_001761,loc_008,2026-07-21,fever,6
asha_001762,loc_008,2026-07-21,diarrhea,3
asha_001763,loc_008,2026-07-21,cough,4
asha_001764,loc_008,2026-07-21,rash,0
asha_001765,loc_008,2026-07-22,fever,3
asha_001766,loc_008,2026-07-22,diarrhea,4
asha_001767,loc_008,2026-07-22,cough,2
asha_001768,loc_008,2026-07-22,rash,1
asha_001769,loc_008,2026-07-23,fever,5
asha_001770,loc_008,2026-07-23,diarrhea,5
asha_001771,loc_008,2026-07-23,cough,2
asha_001772,loc_008,2026-07-23,rash,2
asha_001773,loc_008,2026-07-24,fever,5
asha_001774,loc_008,2026-07-24,diarrhea,1
asha_001775,loc_008,2026-07-24,cough,2
asha_001776,loc_008,2026-07-24,rash,3
asha_001777,loc_008,2026-07-25,fever,5
asha_001778,loc_008,2026-07-25,diarrhea,2
asha_001779,loc_008,2026-07-25,cough,1
asha_001780,loc_008,2026-07-25,rash,0
asha_001781,loc_008,2026-07-26,fever,5
asha_001782,loc_008,2026-07-26,diarrhea,2
asha_001783,loc_008,2026-07-26,cough,1
asha_001784,loc_008,2026-07-26,rash,0
asha_001785,loc_008,2026-07-27,fever,5
asha_001786,loc_008,2026-07-27,diarrhea,1
asha_001787,loc_008,2026-07-27,cough,5
asha_001788,loc_008,2026-07-27,rash,0
asha_001789,loc_008,2026-07-28,fever,5
asha_001790,loc_008,2026-07-28,diarrhea,4
asha_001791,loc_008,2026-07-28,cough,2
asha_001792,loc_008,2026-07-28,rash,0
asha_001793,loc_008,2026-07-29,fever,4
asha_001794,loc_008,2026-07-29,diarrhea,2
asha_001795,loc_008,2026-07-29,cough,3
asha_001796,loc_008,2026-07-29,rash,2
asha_001797,loc_008,2026-07-30,fever,2
asha_001798,loc_008,2026-07-30,diarrhea,4
asha_001799,loc_008,2026-07-30,cough,4
asha_001800,loc_008,2026-07-30,rash,0
asha_001801,loc_008,2026-07-31,fever,6
asha_001802,loc_008,2026-07-31,diarrhea,1
asha_001803,loc_008,2026-07-31,cough,5
asha_001804,loc_008,2026-07-31,rash,0
asha_001805,loc_008,2026-08-01,fever,6
asha_001806,loc_008,2026-08-01,diarrhea,3
asha_001807,loc_008,2026-08-01,cough,3
asha_001808,loc_008,2026-08-01,rash,3
asha_001809,loc_008,2026-08-02,fever,6
asha_001810,loc_008,2026-08-02,diarrhea,2
asha_001811,loc_008,2026-08-02,cough,2
asha_001812,loc_008,2026-08-02,rash,3
asha_001813,loc_008,2026-08-03,fever,6
asha_001814,loc_008,2026-08-03,diarrhea,5
asha_001815,loc_008,2026-08-03,cough,1
asha_001816,loc_008,2026-08-03,rash,1
asha_001817,loc_008,2026-08-04,fever,2
asha_001818,loc_008,2026-08-04,diarrhea,5
asha_001819,loc_008,2026-08-04,cough,3
asha_001820,loc_008,2026-08-04,rash,1
asha_001821,loc_008,2026-08-05,fever,3
asha_001822,loc_008,2026-08-05,diarrhea,4
asha_001823,loc_008,2026-08-05,cough,4
asha_001824,loc_008,2026-08-05,rash,2
asha_001825,loc_008,2026-08-06,fever,6
asha_001826,loc_008,2026-08-06,diarrhea,3
asha_001827,loc_008,2026-08-06,cough,4
asha_001828,loc_008,2026-08-06,rash,0
asha_001829,loc_008,2026-08-07,fever,2
asha_001830,loc_008,2026-08-07,diarrhea,2
asha_001831,loc_008,2026-08-07,cough,5
asha_001832,loc_008,2026-08-07,rash,0
asha_001833,loc_008,2026-08-08,fever,3
asha_001834,loc_008,2026-08-08,diarrhea,5
asha_001835,loc_008,2026-08-08,cough,3
asha_001836,loc_008,2026-08-08,rash,3
asha_001837,loc_008,2026-08-09,fever,5
asha_001838,loc_008,2026-08-09,diarrhea,1
asha_001839,loc_008,2026-08-09,cough,3
asha_001840,loc_008,2026-08-09,rash,2
asha_001841,loc_008,2026-08-10,fever,5
asha_001842,loc_008,2026-08-10,diarrhea,1
asha_001843,loc_008,2026-08-10,cough,1
asha_001844,loc_008,2026-08-10,rash,3
asha_001845,loc_008,2026-08-11,fever,5
asha_001846,loc_008,2026-08-11,diarrhea,3
asha_001847,loc_008,2026-08-11,cough,3
asha_001848,loc_008,2026-08-11,rash,3
asha_001849,loc_008,2026-08-12,fever,6
asha_001850,loc_008,2026-08-12,diarrhea,1
asha_001851,loc_008,2026-08-12,cough,2
asha_001852,loc_008,2026-08-12,rash,0
asha_001853,loc_008,2026-08-13,fever,3
asha_001854,loc_008,2026-08-13,diarrhea,4
asha_001855,loc_008,2026-08-13,cough,4
asha_001856,loc_008,2026-08-13,rash,3
asha_001857,loc_008,2026-08-14,fever,6
asha_001858,loc_008,2026-08-14,diarrhea,1
asha_001859,loc_008,2026-08-14,cough,3
asha_001860,loc_008,2026-08-14,rash,0
asha_001861,loc_008,2026-08-15,fever,3
asha_001862,loc_008,2026-08-15,diarrhea,5
asha_001863,loc_008,2026-08-15,cough,2
asha_001864,loc_008,2026-08-15,rash,2
asha_001865,loc_008,2026-08-16,fever,5
asha_001866,loc_008,2026-08-16,diarrhea,2
asha_001867,loc_008,2026-08-16,cough,4
asha_001868,loc_008,2026-08-16,rash,2
asha_001869,loc_008,2026-08-17,fever,4
asha_001870,loc_008,2026-08-17,diarrhea,4
asha_001871,loc_008,2026-08-17,cough,4
asha_001872,loc_008,2026-08-17,rash,0
asha_001873,loc_008,2026-08-18,fever,6
asha_001874,loc_008,2026-08-18,diarrhea,1
asha_001875,loc_008,2026-08-18,cough,5
asha_001876,loc_008,2026-08-18,rash,0
asha_001877,loc_008,2026-08-19,fever,3
asha_001878,loc_008,2026-08-19,diarrhea,1
asha_001879,loc_008,2026-08-19,cough,1
asha_001880,loc_008,2026-08-19,rash,0
asha_001881,loc_008,2026-08-20,fever,5
asha_001882,loc_008,2026-08-20,diarrhea,3
asha_001883,loc_008,2026-08-20,cough,4
asha_001884,loc_008,2026-08-20,rash,3
asha_001885,loc_008,2026-08-21,fever,5
asha_001886,loc_008,2026-08-21,diarrhea,2
asha_001887,loc_008,2026-08-21,cough,5
asha_001888,loc_008,2026-08-21,rash,2
asha_001889,loc_008,2026-08-22,fever,3
asha_001890,loc_008,2026-08-22,diarrhea,2
asha_001891,loc_008,2026-08-22,cough,2
asha_001892,loc_008,2026-08-22,rash,1
asha_001893,loc_008,2026-08-23,fever,6
asha_001894,loc_008,2026-08-23,diarrhea,5
asha_001895,loc_008,2026-08-23,cough,4
asha_001896,loc_008,2026-08-23,rash,0
asha_001897,loc_008,2026-08-24,fever,4
asha_001898,loc_008,2026-08-24,diarrhea,5
asha_001899,loc_008,2026-08-24,cough,1
asha_001900,loc_008,2026-08-24,rash,0
asha_001901,loc_008,2026-08-25,fever,3
asha_001902,loc_008,2026-08-25,diarrhea,2
asha_001903,loc_008,2026-08-25,cough,4
asha_001904,loc_008,2026-08-25,rash,1
asha_001905,loc_008,2026-08-26,fever,4
asha_001906,loc_008,2026-08-26,diarrhea,1
asha_001907,loc_008,2026-08-26,cough,5
asha_001908,loc_008,2026-08-26,rash,2
asha_001909,loc_008,2026-08-27,fever,3
asha_001910,loc_008,2026-08-27,diarrhea,5
asha_001911,loc_008,2026-08-27,cough,3
asha_001912,loc_008,2026-08-27,rash,0
asha_001913,loc_008,2026-08-28,fever,5
asha_001914,loc_008,2026-08-28,diarrhea,2
asha_001915,loc_008,2026-08-28,cough,1
asha_001916,loc_008,2026-08-28,rash,1
asha_001917,loc_008,2026-08-29,fever,5
asha_001918,loc_008,2026-08-29,diarrhea,4
asha_001919,loc_008,2026-08-29,cough,1
asha_001920,loc_008,2026-08-29,rash,1
asha_001921,loc_009,2026-07-01,fever,5
asha_001922,loc_009,2026-07-01,diarrhea,5
asha_001923,loc_009,2026-07-01,cough,5
asha_001924,loc_009,2026-07-01,rash,0
asha_001925,loc_009,2026-07-02,fever,4
asha_001926,loc_009,2026-07-02,diarrhea,5
asha_001927,loc_009,2026-07-02,cough,3
asha_001928,loc_009,2026-07-02,rash,1
asha_001929,loc_009,2026-07-03,fever,5
asha_001930,loc_009,2026-07-03,diarrhea,3
asha_001931,loc_009,2026-07-03,cough,5
asha_001932,loc_009,2026-07-03,rash,0
asha_001933,loc_009,2026-07-04,fever,2
asha_001934,loc_009,2026-07-04,diarrhea,5
asha_001935,loc_009,2026-07-04,cough,4
asha_001936,loc_009,2026-07-04,rash,1
asha_001937,loc_009,2026-07-05,fever,5
asha_001938,loc_009,2026-07-05,diarrhea,1
asha_001939,loc_009,2026-07-05,cough,2
asha_001940,loc_009,2026-07-05,rash,0
asha_001941,loc_009,2026-07-06,fever,2
asha_001942,loc_009,2026-07-06,diarrhea,3
asha_001943,loc_009,2026-07-06,cough,4
asha_001944,loc_009,2026-07-06,rash,3
asha_001945,loc_009,2026-07-07,fever,5
asha_001946,loc_009,2026-07-07,diarrhea,4
asha_001947,loc_009,2026-07-07,cough,5
asha_001948,loc_009,2026-07-07,rash,0
asha_001949,loc_009,2026-07-08,fever,2
asha_001950,loc_009,2026-07-08,diarrhea,4
asha_001951,loc_009,2026-07-08,cough,4
asha_001952,loc_009,2026-07-08,rash,2
asha_001953,loc_009,2026-07-09,fever,6
asha_001954,loc_009,2026-07-09,diarrhea,3
asha_001955,loc_009,2026-07-09,cough,4
asha_001956,loc_009,2026-07-09,rash,3
asha_001957,loc_009,2026-07-10,fever,4
asha_001958,loc_009,2026-07-10,diarrhea,1
asha_001959,loc_009,2026-07-10,cough,2
asha_001960,loc_009,2026-07-10,rash,0
asha_001961,loc_009,2026-07-11,fever,6
asha_001962,loc_009,2026-07-11,diarrhea,5
asha_001963,loc_009,2026-07-11,cough,3
asha_001964,loc_009,2026-07-11,rash,2
asha_001965,loc_009,2026-07-12,fever,6
asha_001966,loc_009,2026-07-12,diarrhea,3
asha_001967,loc_009,2026-07-12,cough,4
asha_001968,loc_009,2026-07-12,rash,3
asha_001969,loc_009,2026-07-13,fever,4
asha_001970,loc_009,2026-07-13,diarrhea,4
asha_001971,loc_009,2026-07-13,cough,2
asha_001972,loc_009,2026-07-13,rash,2
asha_001973,loc_009,2026-07-14,fever,6
asha_001974,loc_009,2026-07-14,diarrhea,2
asha_001975,loc_009,2026-07-14,cough,1
asha_001976,loc_009,2026-07-14,rash,0
asha_001977,loc_009,2026-07-15,fever,4
asha_001978,loc_009,2026-07-15,diarrhea,4
asha_001979,loc_009,2026-07-15,cough,4
asha_001980,loc_009,2026-07-15,rash,0
asha_001981,loc_009,2026-07-16,fever,2
asha_001982,loc_009,2026-07-16,diarrhea,4
asha_001983,loc_009,2026-07-16,cough,2
asha_001984,loc_009,2026-07-16,rash,3
asha_001985,loc_009,2026-07-17,fever,4
asha_001986,loc_009,2026-07-17,diarrhea,4
asha_001987,loc_009,2026-07-17,cough,4
asha_001988,loc_009,2026-07-17,rash,0
asha_001989,loc_009,2026-07-18,fever,6
asha_001990,loc_009,2026-07-18,diarrhea,4
asha_001991,loc_009,2026-07-18,cough,4
asha_001992,loc_009,2026-07-18,rash,1
asha_001993,loc_009,2026-07-19,fever,5
asha_001994,loc_009,2026-07-19,diarrhea,4
asha_001995,loc_009,2026-07-19,cough,3
asha_001996,loc_009,2026-07-19,rash,0
asha_001997,loc_009,2026-07-20,fever,5
asha_001998,loc_009,2026-07-20,diarrhea,2
asha_001999,loc_009,2026-07-20,cough,3
asha_002000,loc_009,2026-07-20,rash,1
asha_002001,loc_009,2026-07-21,fever,5
asha_002002,loc_009,2026-07-21,diarrhea,5
asha_002003,loc_009,2026-07-21,cough,2
asha_002004,loc_009,2026-07-21,rash,3
asha_002005,loc_009,2026-07-22,fever,5
asha_002006,loc_009,2026-07-22,diarrhea,3
asha_002007,loc_009,2026-07-22,cough,4
asha_002008,loc_009,2026-07-22,rash,0
asha_002009,loc_009,2026-07-23,fever,4
asha_002010,loc_009,2026-07-23,diarrhea,4
asha_002011,loc_009,2026-07-23,cough,1
asha_002012,loc_009,2026-07-23,rash,1
asha_002013,loc_009,2026-07-24,fever,4
asha_002014,loc_009,2026-07-24,diarrhea,5
asha_002015,loc_009,2026-07-24,cough,2
asha_002016,loc_009,2026-07-24,rash,1
asha_002017,loc_009,2026-07-25,fever,3
asha_002018,loc_009,2026-07-25,diarrhea,3
asha_002019,loc_009,2026-07-25,cough,1
asha_002020,loc_009,2026-07-25,rash,0
asha_002021,loc_009,2026-07-26,fever,4
asha_002022,loc_009,2026-07-26,diarrhea,3
asha_002023,loc_009,2026-07-26,cough,2
asha_002024,loc_009,2026-07-26,rash,0
asha_002025,loc_009,2026-07-27,fever,3
asha_002026,loc_009,2026-07-27,diarrhea,5
asha_002027,loc_009,2026-07-27,cough,5
asha_002028,loc_009,2026-07-27,rash,0
asha_002029,loc_009,2026-07-28,fever,2
asha_002030,loc_009,2026-07-28,diarrhea,2
asha_002031,loc_009,2026-07-28,cough,4
asha_002032,loc_009,2026-07-28,rash,0
asha_002033,loc_009,2026-07-29,fever,6
asha_002034,loc_009,2026-07-29,diarrhea,3
asha_002035,loc_009,2026-07-29,cough,4
asha_002036,loc_009,2026-07-29,rash,1
asha_002037,loc_009,2026-07-30,fever,5
asha_002038,loc_009,2026-07-30,diarrhea,4
asha_002039,loc_009,2026-07-30,cough,3
asha_002040,loc_009,2026-07-30,rash,0
asha_002041,loc_009,2026-07-31,fever,3
asha_002042,loc_009,2026-07-31,diarrhea,5
asha_002043,loc_009,2026-07-31,cough,2
asha_002044,loc_009,2026-07-31,rash,2
asha_002045,loc_009,2026-08-01,fever,5
asha_002046,loc_009,2026-08-01,diarrhea,1
asha_002047,loc_009,2026-08-01,cough,3
asha_002048,loc_009,2026-08-01,rash,0
asha_002049,loc_009,2026-08-02,fever,5
asha_002050,loc_009,2026-08-02,diarrhea,5
asha_002051,loc_009,2026-08-02,cough,4
asha_002052,loc_009,2026-08-02,rash,0
asha_002053,loc_009,2026-08-03,fever,5
asha_002054,loc_009,2026-08-03,diarrhea,4
asha_002055,loc_009,2026-08-03,cough,1
asha_002056,loc_009,2026-08-03,rash,2
asha_002057,loc_009,2026-08-04,fever,4
asha_002058,loc_009,2026-08-04,diarrhea,3
asha_002059,loc_009,2026-08-04,cough,3
asha_002060,loc_009,2026-08-04,rash,2
asha_002061,loc_009,2026-08-05,fever,4
asha_002062,loc_009,2026-08-05,diarrhea,5
asha_002063,loc_009,2026-08-05,cough,1
asha_002064,loc_009,2026-08-05,rash,0
asha_002065,loc_009,2026-08-06,fever,3
asha_002066,loc_009,2026-08-06,diarrhea,2
asha_002067,loc_009,2026-08-06,cough,3
asha_002068,loc_009,2026-08-06,rash,0
asha_002069,loc_009,2026-08-07,fever,3
asha_002070,loc_009,2026-08-07,diarrhea,2
asha_002071,loc_009,2026-08-07,cough,4
asha_002072,loc_009,2026-08-07,rash,1
asha_002073,loc_009,2026-08-08,fever,3
asha_002074,loc_009,2026-08-08,diarrhea,2
asha_002075,loc_009,2026-08-08,cough,2
asha_002076,loc_009,2026-08-08,rash,0
asha_002077,loc_009,2026-08-09,fever,3
asha_002078,loc_009,2026-08-09,diarrhea,2
asha_002079,loc_009,2026-08-09,cough,2
asha_002080,loc_009,2026-08-09,rash,3
asha_002081,loc_009,2026-08-10,fever,4
asha_002082,loc_009,2026-08-10,diarrhea,5
asha_002083,loc_009,2026-08-10,cough,5
asha_002084,loc_009,2026-08-10,rash,0
asha_002085,loc_009,2026-08-11,fever,4
asha_002086,loc_009,2026-08-11,diarrhea,2
asha_002087,loc_009,2026-08-11,cough,3
asha_002088,loc_009,2026-08-11,rash,2
asha_002089,loc_009,2026-08-12,fever,5
asha_002090,loc_009,2026-08-12,diarrhea,4
asha_002091,loc_009,2026-08-12,cough,4
asha_002092,loc_009,2026-08-12,rash,1
asha_002093,loc_009,2026-08-13,fever,4
asha_002094,loc_009,2026-08-13,diarrhea,3
asha_002095,loc_009,2026-08-13,cough,5
asha_002096,loc_009,2026-08-13,rash,0
asha_002097,loc_009,2026-08-14,fever,2
asha_002098,loc_009,2026-08-14,diarrhea,2
asha_002099,loc_009,2026-08-14,cough,2
asha_002100,loc_009,2026-08-14,rash,0
asha_002101,loc_009,2026-08-15,fever,5
asha_002102,loc_009,2026-08-15,diarrhea,1
asha_002103,loc_009,2026-08-15,cough,4
asha_002104,loc_009,2026-08-15,rash,0
asha_002105,loc_009,2026-08-16,fever,2
asha_002106,loc_009,2026-08-16,diarrhea,5
asha_002107,loc_009,2026-08-16,cough,1
asha_002108,loc_009,2026-08-16,rash,2
asha_002109,loc_009,2026-08-17,fever,5
asha_002110,loc_009,2026-08-17,diarrhea,5
asha_002111,loc_009,2026-08-17,cough,5
asha_002112,loc_009,2026-08-17,rash,3
asha_002113,loc_009,2026-08-18,fever,4
asha_002114,loc_009,2026-08-18,diarrhea,5
asha_002115,loc_009,2026-08-18,cough,3
asha_002116,loc_009,2026-08-18,rash,0
asha_002117,loc_009,2026-08-19,fever,2
asha_002118,loc_009,2026-08-19,diarrhea,2
asha_002119,loc_009,2026-08-19,cough,3
asha_002120,loc_009,2026-08-19,rash,3
asha_002121,loc_009,2026-08-20,fever,4
asha_002122,loc_009,2026-08-20,diarrhea,2
asha_002123,loc_009,2026-08-20,cough,1
asha_002124,loc_009,2026-08-20,rash,2
asha_002125,loc_009,2026-08-21,fever,3
asha_002126,loc_009,2026-08-21,diarrhea,4
asha_002127,loc_009,2026-08-21,cough,2
asha_002128,loc_009,2026-08-21,rash,0
asha_002129,loc_009,2026-08-22,fever,3
asha_002130,loc_009,2026-08-22,diarrhea,2
asha_002131,loc_009,2026-08-22,cough,4
asha_002132,loc_009,2026-08-22,rash,1
asha_002133,loc_009,2026-08-23,fever,4
asha_002134,loc_009,2026-08-23,diarrhea,5
asha_002135,loc_009,2026-08-23,cough,3
asha_002136,loc_009,2026-08-23,rash,3
asha_002137,loc_009,2026-08-24,fever,3
asha_002138,loc_009,2026-08-24,diarrhea,1
asha_002139,loc_009,2026-08-24,cough,1
asha_002140,loc_009,2026-08-24,rash,2
asha_002141,loc_009,2026-08-25,fever,5
asha_002142,loc_009,2026-08-25,diarrhea,1
asha_002143,loc_009,2026-08-25,cough,5
asha_002144,loc_009,2026-08-25,rash,0
asha_002145,loc_009,2026-08-26,fever,5
asha_002146,loc_009,2026-08-26,diarrhea,1
asha_002147,loc_009,2026-08-26,cough,2
asha_002148,loc_009,2026-08-26,rash,2
asha_002149,loc_009,2026-08-27,fever,6
asha_002150,loc_009,2026-08-27,diarrhea,5
asha_002151,loc_009,2026-08-27,cough,2
asha_002152,loc_009,2026-08-27,rash,2
asha_002153,loc_009,2026-08-28,fever,2
asha_002154,loc_009,2026-08-28,diarrhea,4
asha_002155,loc_009,2026-08-28,cough,4
asha_002156,loc_009,2026-08-28,rash,0
asha_002157,loc_009,2026-08-29,fever,2
asha_002158,loc_009,2026-08-29,diarrhea,1
asha_002159,loc_009,2026-08-29,cough,3
asha_002160,loc_009,2026-08-29,rash,0
asha_002161,loc_010,2026-07-01,fever,4
asha_002162,loc_010,2026-07-01,diarrhea,1
asha_002163,loc_010,2026-07-01,cough,4
asha_002164,loc_010,2026-07-01,rash,1
asha_002165,loc_010,2026-07-02,fever,5
asha_002166,loc_010,2026-07-02,diarrhea,4
asha_002167,loc_010,2026-07-02,cough,3
asha_002168,loc_010,2026-07-02,rash,0
asha_002169,loc_010,2026-07-03,fever,3
asha_002170,loc_010,2026-07-03,diarrhea,3
asha_002171,loc_010,2026-07-03,cough,1
asha_002172,loc_010,2026-07-03,rash,1
asha_002173,loc_010,2026-07-04,fever,3
asha_002174,loc_010,2026-07-04,diarrhea,3
asha_002175,loc_010,2026-07-04,cough,4
asha_002176,loc_010,2026-07-04,rash,2
asha_002177,loc_010,2026-07-05,fever,6
asha_002178,loc_010,2026-07-05,diarrhea,5
asha_002179,loc_010,2026-07-05,cough,1
asha_002180,loc_010,2026-07-05,rash,2
asha_002181,loc_010,2026-07-06,fever,4
asha_002182,loc_010,2026-07-06,diarrhea,5
asha_002183,loc_010,2026-07-06,cough,3
asha_002184,loc_010,2026-07-06,rash,3
asha_002185,loc_010,2026-07-07,fever,3
asha_002186,loc_010,2026-07-07,diarrhea,2
asha_002187,loc_010,2026-07-07,cough,5
asha_002188,loc_010,2026-07-07,rash,1
asha_002189,loc_010,2026-07-08,fever,4
asha_002190,loc_010,2026-07-08,diarrhea,3
asha_002191,loc_010,2026-07-08,cough,3
asha_002192,loc_010,2026-07-08,rash,0
asha_002193,loc_010,2026-07-09,fever,5
asha_002194,loc_010,2026-07-09,diarrhea,2
asha_002195,loc_010,2026-07-09,cough,3
asha_002196,loc_010,2026-07-09,rash,1
asha_002197,loc_010,2026-07-10,fever,2
asha_002198,loc_010,2026-07-10,diarrhea,3
asha_002199,loc_010,2026-07-10,cough,4
asha_002200,loc_010,2026-07-10,rash,1
asha_002201,loc_010,2026-07-11,fever,6
asha_002202,loc_010,2026-07-11,diarrhea,4
asha_002203,loc_010,2026-07-11,cough,4
asha_002204,loc_010,2026-07-11,rash,0
asha_002205,loc_010,2026-07-12,fever,5
asha_002206,loc_010,2026-07-12,diarrhea,5
asha_002207,loc_010,2026-07-12,cough,4
asha_002208,loc_010,2026-07-12,rash,2
asha_002209,loc_010,2026-07-13,fever,2
asha_002210,loc_010,2026-07-13,diarrhea,2
asha_002211,loc_010,2026-07-13,cough,3
asha_002212,loc_010,2026-07-13,rash,2
asha_002213,loc_010,2026-07-14,fever,6
asha_002214,loc_010,2026-07-14,diarrhea,1
asha_002215,loc_010,2026-07-14,cough,1
asha_002216,loc_010,2026-07-14,rash,0
asha_002217,loc_010,2026-07-15,fever,5
asha_002218,loc_010,2026-07-15,diarrhea,3
asha_002219,loc_010,2026-07-15,cough,4
asha_002220,loc_010,2026-07-15,rash,0
asha_002221,loc_010,2026-07-16,fever,3
asha_002222,loc_010,2026-07-16,diarrhea,5
asha_002223,loc_010,2026-07-16,cough,1
asha_002224,loc_010,2026-07-16,rash,3
asha_002225,loc_010,2026-07-17,fever,2
asha_002226,loc_010,2026-07-17,diarrhea,3
asha_002227,loc_010,2026-07-17,cough,3
asha_002228,loc_010,2026-07-17,rash,2
asha_002229,loc_010,2026-07-18,fever,3
asha_002230,loc_010,2026-07-18,diarrhea,1
asha_002231,loc_010,2026-07-18,cough,5
asha_002232,loc_010,2026-07-18,rash,0
asha_002233,loc_010,2026-07-19,fever,3
asha_002234,loc_010,2026-07-19,diarrhea,2
asha_002235,loc_010,2026-07-19,cough,1
asha_002236,loc_010,2026-07-19,rash,3
asha_002237,loc_010,2026-07-20,fever,6
asha_002238,loc_010,2026-07-20,diarrhea,1
asha_002239,loc_010,2026-07-20,cough,3
asha_002240,loc_010,2026-07-20,rash,0
asha_002241,loc_010,2026-07-21,fever,2
asha_002242,loc_010,2026-07-21,diarrhea,2
asha_002243,loc_010,2026-07-21,cough,5
asha_002244,loc_010,2026-07-21,rash,1
asha_002245,loc_010,2026-07-22,fever,3
asha_002246,loc_010,2026-07-22,diarrhea,1
asha_002247,loc_010,2026-07-22,cough,1
asha_002248,loc_010,2026-07-22,rash,0
asha_002249,loc_010,2026-07-23,fever,6
asha_002250,loc_010,2026-07-23,diarrhea,5
asha_002251,loc_010,2026-07-23,cough,3
asha_002252,loc_010,2026-07-23,rash,2
asha_002253,loc_010,2026-07-24,fever,2
asha_002254,loc_010,2026-07-24,diarrhea,2
asha_002255,loc_010,2026-07-24,cough,5
asha_002256,loc_010,2026-07-24,rash,0
asha_002257,loc_010,2026-07-25,fever,2
asha_002258,loc_010,2026-07-25,diarrhea,1
asha_002259,loc_010,2026-07-25,cough,5
asha_002260,loc_010,2026-07-25,rash,0
asha_002261,loc_010,2026-07-26,fever,3
asha_002262,loc_010,2026-07-26,diarrhea,1
asha_002263,loc_010,2026-07-26,cough,5
asha_002264,loc_010,2026-07-26,rash,1
asha_002265,loc_010,2026-07-27,fever,6
asha_002266,loc_010,2026-07-27,diarrhea,4
asha_002267,loc_010,2026-07-27,cough,4
asha_002268,loc_010,2026-07-27,rash,1
asha_002269,loc_010,2026-07-28,fever,3
asha_002270,loc_010,2026-07-28,diarrhea,5
asha_002271,loc_010,2026-07-28,cough,4
asha_002272,loc_010,2026-07-28,rash,2
asha_002273,loc_010,2026-07-29,fever,4
asha_002274,loc_010,2026-07-29,diarrhea,4
asha_002275,loc_010,2026-07-29,cough,2
asha_002276,loc_010,2026-07-29,rash,0
asha_002277,loc_010,2026-07-30,fever,3
asha_002278,loc_010,2026-07-30,diarrhea,2
asha_002279,loc_010,2026-07-30,cough,2
asha_002280,loc_010,2026-07-30,rash,0
asha_002281,loc_010,2026-07-31,fever,2
asha_002282,loc_010,2026-07-31,diarrhea,3
asha_002283,loc_010,2026-07-31,cough,5
asha_002284,loc_010,2026-07-31,rash,1
asha_002285,loc_010,2026-08-01,fever,3
asha_002286,loc_010,2026-08-01,diarrhea,5
asha_002287,loc_010,2026-08-01,cough,2
asha_002288,loc_010,2026-08-01,rash,2
asha_002289,loc_010,2026-08-02,fever,6
asha_002290,loc_010,2026-08-02,diarrhea,2
asha_002291,loc_010,2026-08-02,cough,1
asha_002292,loc_010,2026-08-02,rash,1
asha_002293,loc_010,2026-08-03,fever,5
asha_002294,loc_010,2026-08-03,diarrhea,2
asha_002295,loc_010,2026-08-03,cough,1
asha_002296,loc_010,2026-08-03,rash,1
asha_002297,loc_010,2026-08-04,fever,5
asha_002298,loc_010,2026-08-04,diarrhea,5
asha_002299,loc_010,2026-08-04,cough,2
asha_002300,loc_010,2026-08-04,rash,3
asha_002301,loc_010,2026-08-05,fever,4
asha_002302,loc_010,2026-08-05,diarrhea,3
asha_002303,loc_010,2026-08-05,cough,1
asha_002304,loc_010,2026-08-05,rash,3
asha_002305,loc_010,2026-08-06,fever,5
asha_002306,loc_010,2026-08-06,diarrhea,2
asha_002307,loc_010,2026-08-06,cough,3
asha_002308,loc_010,2026-08-06,rash,3
asha_002309,loc_010,2026-08-07,fever,2
asha_002310,loc_010,2026-08-07,diarrhea,5
asha_002311,loc_010,2026-08-07,cough,4
asha_002312,loc_010,2026-08-07,rash,1
asha_002313,loc_010,2026-08-08,fever,6
asha_002314,loc_010,2026-08-08,diarrhea,5
asha_002315,loc_010,2026-08-08,cough,5
asha_002316,loc_010,2026-08-08,rash,2
asha_002317,loc_010,2026-08-09,fever,2
asha_002318,loc_010,2026-08-09,diarrhea,4
asha_002319,loc_010,2026-08-09,cough,1
asha_002320,loc_010,2026-08-09,rash,0
asha_002321,loc_010,2026-08-10,fever,4
asha_002322,loc_010,2026-08-10,diarrhea,3
asha_002323,loc_010,2026-08-10,cough,2
asha_002324,loc_010,2026-08-10,rash,0
asha_002325,loc_010,2026-08-11,fever,2
asha_002326,loc_010,2026-08-11,diarrhea,1
asha_002327,loc_010,2026-08-11,cough,2
asha_002328,loc_010,2026-08-11,rash,3
asha_002329,loc_010,2026-08-12,fever,5
asha_002330,loc_010,2026-08-12,diarrhea,2
asha_002331,loc_010,2026-08-12,cough,2
asha_002332,loc_010,2026-08-12,rash,3
asha_002333,loc_010,2026-08-13,fever,3
asha_002334,loc_010,2026-08-13,diarrhea,1
asha_002335,loc_010,2026-08-13,cough,4
asha_002336,loc_010,2026-08-13,rash,3
asha_002337,loc_010,2026-08-14,fever,2
asha_002338,loc_010,2026-08-14,diarrhea,1
asha_002339,loc_010,2026-08-14,cough,4
asha_002340,loc_010,2026-08-14,rash,0
asha_002341,loc_010,2026-08-15,fever,4
asha_002342,loc_010,2026-08-15,diarrhea,5
asha_002343,loc_010,2026-08-15,cough,5
asha_002344,loc_010,2026-08-15,rash,3
asha_002345,loc_010,2026-08-16,fever,5
asha_002346,loc_010,2026-08-16,diarrhea,4
asha_002347,loc_010,2026-08-16,cough,1
asha_002348,loc_010,2026-08-16,rash,3
asha_002349,loc_010,2026-08-17,fever,3
asha_002350,loc_010,2026-08-17,diarrhea,2
asha_002351,loc_010,2026-08-17,cough,1
asha_002352,loc_010,2026-08-17,rash,1
asha_002353,loc_010,2026-08-18,fever,2
asha_002354,loc_010,2026-08-18,diarrhea,1
asha_002355,loc_010,2026-08-18,cough,5
asha_002356,loc_010,2026-08-18,rash,1
asha_002357,loc_010,2026-08-19,fever,3
asha_002358,loc_010,2026-08-19,diarrhea,5
asha_002359,loc_010,2026-08-19,cough,2
asha_002360,loc_010,2026-08-19,rash,3
asha_002361,loc_010,2026-08-20,fever,6
asha_002362,loc_010,2026-08-20,diarrhea,1
asha_002363,loc_010,2026-08-20,cough,1
asha_002364,loc_010,2026-08-20,rash,3
asha_002365,loc_010,2026-08-21,fever,2
asha_002366,loc_010,2026-08-21,diarrhea,2
asha_002367,loc_010,2026-08-21,cough,1
asha_002368,loc_010,2026-08-21,rash,1
asha_002369,loc_010,2026-08-22,fever,3
asha_002370,loc_010,2026-08-22,diarrhea,3
asha_002371,loc_010,2026-08-22,cough,2
asha_002372,loc_010,2026-08-22,rash,3
asha_002373,loc_010,2026-08-23,fever,6
asha_002374,loc_010,2026-08-23,diarrhea,1
asha_002375,loc_010,2026-08-23,cough,1
asha_002376,loc_010,2026-08-23,rash,0
asha_002377,loc_010,2026-08-24,fever,5
asha_002378,loc_010,2026-08-24,diarrhea,3
asha_002379,loc_010,2026-08-24,cough,1
asha_002380,loc_010,2026-08-24,rash,3
asha_002381,loc_010,2026-08-25,fever,4
asha_002382,loc_010,2026-08-25,diarrhea,2
asha_002383,loc_010,2026-08-25,cough,4
asha_002384,loc_010,2026-08-25,rash,3
asha_002385,loc_010,2026-08-26,fever,4
asha_002386,loc_010,2026-08-26,diarrhea,1
asha_002387,loc_010,2026-08-26,cough,4
asha_002388,loc_010,2026-08-26,rash,2
asha_002389,loc_010,2026-08-27,fever,4
asha_002390,loc_010,2026-08-27,diarrhea,2
asha_002391,loc_010,2026-08-27,cough,3
asha_002392,loc_010,2026-08-27,rash,1
asha_002393,loc_010,2026-08-28,fever,4
asha_002394,loc_010,2026-08-28,diarrhea,3
asha_002395,loc_010,2026-08-28,cough,1
asha_002396,loc_010,2026-08-28,rash,0
asha_002397,loc_010,2026-08-29,fever,4
asha_002398,loc_010,2026-08-29,diarrhea,1
asha_002399,loc_010,2026-08-29,cough,1
asha_002400,loc_010,2026-08-29,rash,0
asha_002401,loc_011,2026-07-01,fever,4
asha_002402,loc_011,2026-07-01,diarrhea,5
asha_002403,loc_011,2026-07-01,cough,1
asha_002404,loc_011,2026-07-01,rash,1
asha_002405,loc_011,2026-07-02,fever,6
asha_002406,loc_011,2026-07-02,diarrhea,5
asha_002407,loc_011,2026-07-02,cough,1
asha_002408,loc_011,2026-07-02,rash,0
asha_002409,loc_011,2026-07-03,fever,6
asha_002410,loc_011,2026-07-03,diarrhea,2
asha_002411,loc_011,2026-07-03,cough,3
asha_002412,loc_011,2026-07-03,rash,3
asha_002413,loc_011,2026-07-04,fever,3
asha_002414,loc_011,2026-07-04,diarrhea,4
asha_002415,loc_011,2026-07-04,cough,5
asha_002416,loc_011,2026-07-04,rash,3
asha_002417,loc_011,2026-07-05,fever,3
asha_002418,loc_011,2026-07-05,diarrhea,4
asha_002419,loc_011,2026-07-05,cough,4
asha_002420,loc_011,2026-07-05,rash,1
asha_002421,loc_011,2026-07-06,fever,2
asha_002422,loc_011,2026-07-06,diarrhea,4
asha_002423,loc_011,2026-07-06,cough,1
asha_002424,loc_011,2026-07-06,rash,3
asha_002425,loc_011,2026-07-07,fever,5
asha_002426,loc_011,2026-07-07,diarrhea,3
asha_002427,loc_011,2026-07-07,cough,3
asha_002428,loc_011,2026-07-07,rash,3
asha_002429,loc_011,2026-07-08,fever,2
asha_002430,loc_011,2026-07-08,diarrhea,5
asha_002431,loc_011,2026-07-08,cough,4
asha_002432,loc_011,2026-07-08,rash,3
asha_002433,loc_011,2026-07-09,fever,4
asha_002434,loc_011,2026-07-09,diarrhea,2
asha_002435,loc_011,2026-07-09,cough,3
asha_002436,loc_011,2026-07-09,rash,0
asha_002437,loc_011,2026-07-10,fever,4
asha_002438,loc_011,2026-07-10,diarrhea,2
asha_002439,loc_011,2026-07-10,cough,2
asha_002440,loc_011,2026-07-10,rash,0
asha_002441,loc_011,2026-07-11,fever,2
asha_002442,loc_011,2026-07-11,diarrhea,3
asha_002443,loc_011,2026-07-11,cough,3
asha_002444,loc_011,2026-07-11,rash,2
asha_002445,loc_011,2026-07-12,fever,2
asha_002446,loc_011,2026-07-12,diarrhea,3
asha_002447,loc_011,2026-07-12,cough,1
asha_002448,loc_011,2026-07-12,rash,0
asha_002449,loc_011,2026-07-13,fever,2
asha_002450,loc_011,2026-07-13,diarrhea,1
asha_002451,loc_011,2026-07-13,cough,3
asha_002452,loc_011,2026-07-13,rash,0
asha_002453,loc_011,2026-07-14,fever,5
asha_002454,loc_011,2026-07-14,diarrhea,4
asha_002455,loc_011,2026-07-14,cough,5
asha_002456,loc_011,2026-07-14,rash,1
asha_002457,loc_011,2026-07-15,fever,5
asha_002458,loc_011,2026-07-15,diarrhea,1
asha_002459,loc_011,2026-07-15,cough,3
asha_002460,loc_011,2026-07-15,rash,1
asha_002461,loc_011,2026-07-16,fever,4
asha_002462,loc_011,2026-07-16,diarrhea,3
asha_002463,loc_011,2026-07-16,cough,2
asha_002464,loc_011,2026-07-16,rash,2
asha_002465,loc_011,2026-07-17,fever,6
asha_002466,loc_011,2026-07-17,diarrhea,5
asha_002467,loc_011,2026-07-17,cough,1
asha_002468,loc_011,2026-07-17,rash,0
asha_002469,loc_011,2026-07-18,fever,3
asha_002470,loc_011,2026-07-18,diarrhea,3
asha_002471,loc_011,2026-07-18,cough,4
asha_002472,loc_011,2026-07-18,rash,0
asha_002473,loc_011,2026-07-19,fever,6
asha_002474,loc_011,2026-07-19,diarrhea,1
asha_002475,loc_011,2026-07-19,cough,1
asha_002476,loc_011,2026-07-19,rash,0
asha_002477,loc_011,2026-07-20,fever,2
asha_002478,loc_011,2026-07-20,diarrhea,2
asha_002479,loc_011,2026-07-20,cough,5
asha_002480,loc_011,2026-07-20,rash,1
asha_002481,loc_011,2026-07-21,fever,3
asha_002482,loc_011,2026-07-21,diarrhea,4
asha_002483,loc_011,2026-07-21,cough,4
asha_002484,loc_011,2026-07-21,rash,3
asha_002485,loc_011,2026-07-22,fever,4
asha_002486,loc_011,2026-07-22,diarrhea,3
asha_002487,loc_011,2026-07-22,cough,5
asha_002488,loc_011,2026-07-22,rash,2
asha_002489,loc_011,2026-07-23,fever,6
asha_002490,loc_011,2026-07-23,diarrhea,2
asha_002491,loc_011,2026-07-23,cough,2
asha_002492,loc_011,2026-07-23,rash,3
asha_002493,loc_011,2026-07-24,fever,3
asha_002494,loc_011,2026-07-24,diarrhea,1
asha_002495,loc_011,2026-07-24,cough,3
asha_002496,loc_011,2026-07-24,rash,0
asha_002497,loc_011,2026-07-25,fever,5
asha_002498,loc_011,2026-07-25,diarrhea,1
asha_002499,loc_011,2026-07-25,cough,2
asha_002500,loc_011,2026-07-25,rash,0
asha_002501,loc_011,2026-07-26,fever,5
asha_002502,loc_011,2026-07-26,diarrhea,5
asha_002503,loc_011,2026-07-26,cough,3
asha_002504,loc_011,2026-07-26,rash,0
asha_002505,loc_011,2026-07-27,fever,2
asha_002506,loc_011,2026-07-27,diarrhea,2
asha_002507,loc_011,2026-07-27,cough,4
asha_002508,loc_011,2026-07-27,rash,3
asha_002509,loc_011,2026-07-28,fever,2
asha_002510,loc_011,2026-07-28,diarrhea,1
asha_002511,loc_011,2026-07-28,cough,1
asha_002512,loc_011,2026-07-28,rash,3
asha_002513,loc_011,2026-07-29,fever,6
asha_002514,loc_011,2026-07-29,diarrhea,2
asha_002515,loc_011,2026-07-29,cough,2
asha_002516,loc_011,2026-07-29,rash,0
asha_002517,loc_011,2026-07-30,fever,5
asha_002518,loc_011,2026-07-30,diarrhea,5
asha_002519,loc_011,2026-07-30,cough,3
asha_002520,loc_011,2026-07-30,rash,3
asha_002521,loc_011,2026-07-31,fever,3
asha_002522,loc_011,2026-07-31,diarrhea,2
asha_002523,loc_011,2026-07-31,cough,4
asha_002524,loc_011,2026-07-31,rash,0
asha_002525,loc_011,2026-08-01,fever,6
asha_002526,loc_011,2026-08-01,diarrhea,2
asha_002527,loc_011,2026-08-01,cough,3
asha_002528,loc_011,2026-08-01,rash,3
asha_002529,loc_011,2026-08-02,fever,6
asha_002530,loc_011,2026-08-02,diarrhea,5
asha_002531,loc_011,2026-08-02,cough,1
asha_002532,loc_011,2026-08-02,rash,1
asha_002533,loc_011,2026-08-03,fever,5
asha_002534,loc_011,2026-08-03,diarrhea,1
asha_002535,loc_011,2026-08-03,cough,1
asha_002536,loc_011,2026-08-03,rash,0
asha_002537,loc_011,2026-08-04,fever,3
asha_002538,loc_011,2026-08-04,diarrhea,3
asha_002539,loc_011,2026-08-04,cough,3
asha_002540,loc_011,2026-08-04,rash,3
asha_002541,loc_011,2026-08-05,fever,5
asha_002542,loc_011,2026-08-05,diarrhea,5
asha_002543,loc_011,2026-08-05,cough,2
asha_002544,loc_011,2026-08-05,rash,0
asha_002545,loc_011,2026-08-06,fever,2
asha_002546,loc_011,2026-08-06,diarrhea,5
asha_002547,loc_011,2026-08-06,cough,5
asha_002548,loc_011,2026-08-06,rash,1
asha_002549,loc_011,2026-08-07,fever,5
asha_002550,loc_011,2026-08-07,diarrhea,5
asha_002551,loc_011,2026-08-07,cough,3
asha_002552,loc_011,2026-08-07,rash,3
asha_002553,loc_011,2026-08-08,fever,6
asha_002554,loc_011,2026-08-08,diarrhea,5
asha_002555,loc_011,2026-08-08,cough,3
asha_002556,loc_011,2026-08-08,rash,0
asha_002557,loc_011,2026-08-09,fever,3
asha_002558,loc_011,2026-08-09,diarrhea,5
asha_002559,loc_011,2026-08-09,cough,1
asha_002560,loc_011,2026-08-09,rash,1
asha_002561,loc_011,2026-08-10,fever,6
asha_002562,loc_011,2026-08-10,diarrhea,5
asha_002563,loc_011,2026-08-10,cough,2
asha_002564,loc_011,2026-08-10,rash,1
asha_002565,loc_011,2026-08-11,fever,2
asha_002566,loc_011,2026-08-11,diarrhea,1
asha_002567,loc_011,2026-08-11,cough,2
asha_002568,loc_011,2026-08-11,rash,2
asha_002569,loc_011,2026-08-12,fever,3
asha_002570,loc_011,2026-08-12,diarrhea,2
asha_002571,loc_011,2026-08-12,cough,3
asha_002572,loc_011,2026-08-12,rash,0
asha_002573,loc_011,2026-08-13,fever,2
asha_002574,loc_011,2026-08-13,diarrhea,5
asha_002575,loc_011,2026-08-13,cough,3
asha_002576,loc_011,2026-08-13,rash,2
asha_002577,loc_011,2026-08-14,fever,5
asha_002578,loc_011,2026-08-14,diarrhea,3
asha_002579,loc_011,2026-08-14,cough,1
asha_002580,loc_011,2026-08-14,rash,0
asha_002581,loc_011,2026-08-15,fever,6
asha_002582,loc_011,2026-08-15,diarrhea,1
asha_002583,loc_011,2026-08-15,cough,2
asha_002584,loc_011,2026-08-15,rash,1
asha_002585,loc_011,2026-08-16,fever,6
asha_002586,loc_011,2026-08-16,diarrhea,4
asha_002587,loc_011,2026-08-16,cough,4
asha_002588,loc_011,2026-08-16,rash,3
asha_002589,loc_011,2026-08-17,fever,4
asha_002590,loc_011,2026-08-17,diarrhea,2
asha_002591,loc_011,2026-08-17,cough,1
asha_002592,loc_011,2026-08-17,rash,1
asha_002593,loc_011,2026-08-18,fever,6
asha_002594,loc_011,2026-08-18,diarrhea,1
asha_002595,loc_011,2026-08-18,cough,5
asha_002596,loc_011,2026-08-18,rash,3
asha_002597,loc_011,2026-08-19,fever,4
asha_002598,loc_011,2026-08-19,diarrhea,3
asha_002599,loc_011,2026-08-19,cough,3
asha_002600,loc_011,2026-08-19,rash,0
asha_002601,loc_011,2026-08-20,fever,2
asha_002602,loc_011,2026-08-20,diarrhea,1
asha_002603,loc_011,2026-08-20,cough,1
asha_002604,loc_011,2026-08-20,rash,0
asha_002605,loc_011,2026-08-21,fever,3
asha_002606,loc_011,2026-08-21,diarrhea,2
asha_002607,loc_011,2026-08-21,cough,5
asha_002608,loc_011,2026-08-21,rash,0
asha_002609,loc_011,2026-08-22,fever,2
asha_002610,loc_011,2026-08-22,diarrhea,3
asha_002611,loc_011,2026-08-22,cough,5
asha_002612,loc_011,2026-08-22,rash,0
asha_002613,loc_011,2026-08-23,fever,5
asha_002614,loc_011,2026-08-23,diarrhea,3
asha_002615,loc_011,2026-08-23,cough,4
asha_002616,loc_011,2026-08-23,rash,1
asha_002617,loc_011,2026-08-24,fever,5
asha_002618,loc_011,2026-08-24,diarrhea,3
asha_002619,loc_011,2026-08-24,cough,2
asha_002620,loc_011,2026-08-24,rash,0
asha_002621,loc_011,2026-08-25,fever,3
asha_002622,loc_011,2026-08-25,diarrhea,2
asha_002623,loc_011,2026-08-25,cough,5
asha_002624,loc_011,2026-08-25,rash,0
asha_002625,loc_011,2026-08-26,fever,4
asha_002626,loc_011,2026-08-26,diarrhea,5
asha_002627,loc_011,2026-08-26,cough,5
asha_002628,loc_011,2026-08-26,rash,3
asha_002629,loc_011,2026-08-27,fever,6
asha_002630,loc_011,2026-08-27,diarrhea,5
asha_002631,loc_011,2026-08-27,cough,2
asha_002632,loc_011,2026-08-27,rash,1
asha_002633,loc_011,2026-08-28,fever,3
asha_002634,loc_011,2026-08-28,diarrhea,1
asha_002635,loc_011,2026-08-28,cough,5
asha_002636,loc_011,2026-08-28,rash,1
asha_002637,loc_011,2026-08-29,fever,3
asha_002638,loc_011,2026-08-29,diarrhea,1
asha_002639,loc_011,2026-08-29,cough,2
asha_002640,loc_011,2026-08-29,rash,0
asha_002641,loc_012,2026-07-01,fever,5
asha_002642,loc_012,2026-07-01,diarrhea,3
asha_002643,loc_012,2026-07-01,cough,2
asha_002644,loc_012,2026-07-01,rash,0
asha_002645,loc_012,2026-07-02,fever,4
asha_002646,loc_012,2026-07-02,diarrhea,5
asha_002647,loc_012,2026-07-02,cough,5
asha_002648,loc_012,2026-07-02,rash,2
asha_002649,loc_012,2026-07-03,fever,4
asha_002650,loc_012,2026-07-03,diarrhea,4
asha_002651,loc_012,2026-07-03,cough,3
asha_002652,loc_012,2026-07-03,rash,1
asha_002653,loc_012,2026-07-04,fever,4
asha_002654,loc_012,2026-07-04,diarrhea,3
asha_002655,loc_012,2026-07-04,cough,4
asha_002656,loc_012,2026-07-04,rash,0
asha_002657,loc_012,2026-07-05,fever,5
asha_002658,loc_012,2026-07-05,diarrhea,3
asha_002659,loc_012,2026-07-05,cough,4
asha_002660,loc_012,2026-07-05,rash,1
asha_002661,loc_012,2026-07-06,fever,6
asha_002662,loc_012,2026-07-06,diarrhea,1
asha_002663,loc_012,2026-07-06,cough,2
asha_002664,loc_012,2026-07-06,rash,0
asha_002665,loc_012,2026-07-07,fever,5
asha_002666,loc_012,2026-07-07,diarrhea,3
asha_002667,loc_012,2026-07-07,cough,2
asha_002668,loc_012,2026-07-07,rash,1
asha_002669,loc_012,2026-07-08,fever,3
asha_002670,loc_012,2026-07-08,diarrhea,2
asha_002671,loc_012,2026-07-08,cough,4
asha_002672,loc_012,2026-07-08,rash,3
asha_002673,loc_012,2026-07-09,fever,5
asha_002674,loc_012,2026-07-09,diarrhea,5
asha_002675,loc_012,2026-07-09,cough,2
asha_002676,loc_012,2026-07-09,rash,0
asha_002677,loc_012,2026-07-10,fever,5
asha_002678,loc_012,2026-07-10,diarrhea,2
asha_002679,loc_012,2026-07-10,cough,5
asha_002680,loc_012,2026-07-10,rash,2
asha_002681,loc_012,2026-07-11,fever,4
asha_002682,loc_012,2026-07-11,diarrhea,1
asha_002683,loc_012,2026-07-11,cough,1
asha_002684,loc_012,2026-07-11,rash,0
asha_002685,loc_012,2026-07-12,fever,2
asha_002686,loc_012,2026-07-12,diarrhea,1
asha_002687,loc_012,2026-07-12,cough,2
asha_002688,loc_012,2026-07-12,rash,2
asha_002689,loc_012,2026-07-13,fever,4
asha_002690,loc_012,2026-07-13,diarrhea,4
asha_002691,loc_012,2026-07-13,cough,1
asha_002692,loc_012,2026-07-13,rash,2
asha_002693,loc_012,2026-07-14,fever,3
asha_002694,loc_012,2026-07-14,diarrhea,1
asha_002695,loc_012,2026-07-14,cough,5
asha_002696,loc_012,2026-07-14,rash,3
asha_002697,loc_012,2026-07-15,fever,3
asha_002698,loc_012,2026-07-15,diarrhea,2
asha_002699,loc_012,2026-07-15,cough,4
asha_002700,loc_012,2026-07-15,rash,2
asha_002701,loc_012,2026-07-16,fever,3
asha_002702,loc_012,2026-07-16,diarrhea,4
asha_002703,loc_012,2026-07-16,cough,4
asha_002704,loc_012,2026-07-16,rash,0
asha_002705,loc_012,2026-07-17,fever,6
asha_002706,loc_012,2026-07-17,diarrhea,3
asha_002707,loc_012,2026-07-17,cough,3
asha_002708,loc_012,2026-07-17,rash,0
asha_002709,loc_012,2026-07-18,fever,3
asha_002710,loc_012,2026-07-18,diarrhea,1
asha_002711,loc_012,2026-07-18,cough,4
asha_002712,loc_012,2026-07-18,rash,2
asha_002713,loc_012,2026-07-19,fever,6
asha_002714,loc_012,2026-07-19,diarrhea,3
asha_002715,loc_012,2026-07-19,cough,5
asha_002716,loc_012,2026-07-19,rash,0
asha_002717,loc_012,2026-07-20,fever,3
asha_002718,loc_012,2026-07-20,diarrhea,4
asha_002719,loc_012,2026-07-20,cough,3
asha_002720,loc_012,2026-07-20,rash,3
asha_002721,loc_012,2026-07-21,fever,4
asha_002722,loc_012,2026-07-21,diarrhea,1
asha_002723,loc_012,2026-07-21,cough,4
asha_002724,loc_012,2026-07-21,rash,0
asha_002725,loc_012,2026-07-22,fever,3
asha_002726,loc_012,2026-07-22,diarrhea,1
asha_002727,loc_012,2026-07-22,cough,1
asha_002728,loc_012,2026-07-22,rash,1
asha_002729,loc_012,2026-07-23,fever,4
asha_002730,loc_012,2026-07-23,diarrhea,5
asha_002731,loc_012,2026-07-23,cough,3
asha_002732,loc_012,2026-07-23,rash,1
asha_002733,loc_012,2026-07-24,fever,4
asha_002734,loc_012,2026-07-24,diarrhea,2
asha_002735,loc_012,2026-07-24,cough,1
asha_002736,loc_012,2026-07-24,rash,0
asha_002737,loc_012,2026-07-25,fever,2
asha_002738,loc_012,2026-07-25,diarrhea,4
asha_002739,loc_012,2026-07-25,cough,5
asha_002740,loc_012,2026-07-25,rash,2
asha_002741,loc_012,2026-07-26,fever,6
asha_002742,loc_012,2026-07-26,diarrhea,3
asha_002743,loc_012,2026-07-26,cough,1
asha_002744,loc_012,2026-07-26,rash,1
asha_002745,loc_012,2026-07-27,fever,6
asha_002746,loc_012,2026-07-27,diarrhea,5
asha_002747,loc_012,2026-07-27,cough,2
asha_002748,loc_012,2026-07-27,rash,0
asha_002749,loc_012,2026-07-28,fever,4
asha_002750,loc_012,2026-07-28,diarrhea,1
asha_002751,loc_012,2026-07-28,cough,2
asha_002752,loc_012,2026-07-28,rash,0
asha_002753,loc_012,2026-07-29,fever,3
asha_002754,loc_012,2026-07-29,diarrhea,2
asha_002755,loc_012,2026-07-29,cough,2
asha_002756,loc_012,2026-07-29,rash,3
asha_002757,loc_012,2026-07-30,fever,6
asha_002758,loc_012,2026-07-30,diarrhea,2
asha_002759,loc_012,2026-07-30,cough,3
asha_002760,loc_012,2026-07-30,rash,3
asha_002761,loc_012,2026-07-31,fever,6
asha_002762,loc_012,2026-07-31,diarrhea,4
asha_002763,loc_012,2026-07-31,cough,1
asha_002764,loc_012,2026-07-31,rash,0
asha_002765,loc_012,2026-08-01,fever,3
asha_002766,loc_012,2026-08-01,diarrhea,3
asha_002767,loc_012,2026-08-01,cough,2
asha_002768,loc_012,2026-08-01,rash,1
asha_002769,loc_012,2026-08-02,fever,4
asha_002770,loc_012,2026-08-02,diarrhea,5
asha_002771,loc_012,2026-08-02,cough,3
asha_002772,loc_012,2026-08-02,rash,0
asha_002773,loc_012,2026-08-03,fever,6
asha_002774,loc_012,2026-08-03,diarrhea,3
asha_002775,loc_012,2026-08-03,cough,5
asha_002776,loc_012,2026-08-03,rash,1
asha_002777,loc_012,2026-08-04,fever,5
asha_002778,loc_012,2026-08-04,diarrhea,4
asha_002779,loc_012,2026-08-04,cough,3
asha_002780,loc_012,2026-08-04,rash,2
asha_002781,loc_012,2026-08-05,fever,5
asha_002782,loc_012,2026-08-05,diarrhea,1
asha_002783,loc_012,2026-08-05,cough,2
asha_002784,loc_012,2026-08-05,rash,0
asha_002785,loc_012,2026-08-06,fever,6
asha_002786,loc_012,2026-08-06,diarrhea,2
asha_002787,loc_012,2026-08-06,cough,4
asha_002788,loc_012,2026-08-06,rash,2
asha_002789,loc_012,2026-08-07,fever,6
asha_002790,loc_012,2026-08-07,diarrhea,2
asha_002791,loc_012,2026-08-07,cough,2
asha_002792,loc_012,2026-08-07,rash,3
asha_002793,loc_012,2026-08-08,fever,2
asha_002794,loc_012,2026-08-08,diarrhea,3
asha_002795,loc_012,2026-08-08,cough,1
asha_002796,loc_012,2026-08-08,rash,1
asha_002797,loc_012,2026-08-09,fever,6
asha_002798,loc_012,2026-08-09,diarrhea,1
asha_002799,loc_012,2026-08-09,cough,5
asha_002800,loc_012,2026-08-09,rash,3
asha_002801,loc_012,2026-08-10,fever,5
asha_002802,loc_012,2026-08-10,diarrhea,3
asha_002803,loc_012,2026-08-10,cough,4
asha_002804,loc_012,2026-08-10,rash,3
asha_002805,loc_012,2026-08-11,fever,6
asha_002806,loc_012,2026-08-11,diarrhea,5
asha_002807,loc_012,2026-08-11,cough,5
asha_002808,loc_012,2026-08-11,rash,1
asha_002809,loc_012,2026-08-12,fever,3
asha_002810,loc_012,2026-08-12,diarrhea,3
asha_002811,loc_012,2026-08-12,cough,5
asha_002812,loc_012,2026-08-12,rash,0
asha_002813,loc_012,2026-08-13,fever,5
asha_002814,loc_012,2026-08-13,diarrhea,3
asha_002815,loc_012,2026-08-13,cough,2
asha_002816,loc_012,2026-08-13,rash,3
asha_002817,loc_012,2026-08-14,fever,4
asha_002818,loc_012,2026-08-14,diarrhea,5
asha_002819,loc_012,2026-08-14,cough,5
asha_002820,loc_012,2026-08-14,rash,0
asha_002821,loc_012,2026-08-15,fever,3
asha_002822,loc_012,2026-08-15,diarrhea,2
asha_002823,loc_012,2026-08-15,cough,2
asha_002824,loc_012,2026-08-15,rash,0
asha_002825,loc_012,2026-08-16,fever,5
asha_002826,loc_012,2026-08-16,diarrhea,1
asha_002827,loc_012,2026-08-16,cough,5
asha_002828,loc_012,2026-08-16,rash,0
asha_002829,loc_012,2026-08-17,fever,3
asha_002830,loc_012,2026-08-17,diarrhea,2
asha_002831,loc_012,2026-08-17,cough,2
asha_002832,loc_012,2026-08-17,rash,1
asha_002833,loc_012,2026-08-18,fever,6
asha_002834,loc_012,2026-08-18,diarrhea,2
asha_002835,loc_012,2026-08-18,cough,2
asha_002836,loc_012,2026-08-18,rash,0
asha_002837,loc_012,2026-08-19,fever,2
asha_002838,loc_012,2026-08-19,diarrhea,5
asha_002839,loc_012,2026-08-19,cough,1
asha_002840,loc_012,2026-08-19,rash,0
asha_002841,loc_012,2026-08-20,fever,5
asha_002842,loc_012,2026-08-20,diarrhea,2
asha_002843,loc_012,2026-08-20,cough,2
asha_002844,loc_012,2026-08-20,rash,0
asha_002845,loc_012,2026-08-21,fever,3
asha_002846,loc_012,2026-08-21,diarrhea,2
asha_002847,loc_012,2026-08-21,cough,2
asha_002848,loc_012,2026-08-21,rash,0
asha_002849,loc_012,2026-08-22,fever,2
asha_002850,loc_012,2026-08-22,diarrhea,2
asha_002851,loc_012,2026-08-22,cough,2
asha_002852,loc_012,2026-08-22,rash,0
asha_002853,loc_012,2026-08-23,fever,2
asha_002854,loc_012,2026-08-23,diarrhea,5
asha_002855,loc_012,2026-08-23,cough,3
asha_002856,loc_012,2026-08-23,rash,1
asha_002857,loc_012,2026-08-24,fever,2
asha_002858,loc_012,2026-08-24,diarrhea,4
asha_002859,loc_012,2026-08-24,cough,5
asha_002860,loc_012,2026-08-24,rash,2
asha_002861,loc_012,2026-08-25,fever,4
asha_002862,loc_012,2026-08-25,diarrhea,1
asha_002863,loc_012,2026-08-25,cough,5
asha_002864,loc_012,2026-08-25,rash,2
asha_002865,loc_012,2026-08-26,fever,5
asha_002866,loc_012,2026-08-26,diarrhea,2
asha_002867,loc_012,2026-08-26,cough,3
asha_002868,loc_012,2026-08-26,rash,0
asha_002869,loc_012,2026-08-27,fever,3
asha_002870,loc_012,2026-08-27,diarrhea,5
asha_002871,loc_012,2026-08-27,cough,4
asha_002872,loc_012,2026-08-27,rash,2
asha_002873,loc_012,2026-08-28,fever,6
asha_002874,loc_012,2026-08-28,diarrhea,5
asha_002875,loc_012,2026-08-28,cough,4
asha_002876,loc_012,2026-08-28,rash,1
asha_002877,loc_012,2026-08-29,fever,5
asha_002878,loc_012,2026-08-29,diarrhea,2
asha_002879,loc_012,2026-08-29,cough,5
asha_002880,loc_012,2026-08-29,rash,0
