signal_id,location_id,date,syndrome,patient_count
opd_000001,loc_001,2026-07-01,fever,17
opd_000002,loc_001,2026-07-01,diarrhea,12
opd_000003,loc_001,2026-07-01,cough,5
opd_000004,loc_001,2026-07-01,rash,3
opd_000005,loc_001,2026-07-02,fever,18
opd_000006,loc_001,2026-07-02,diarrhea,14
opd_000007,loc_001,2026-07-02,cough,6
opd_000008,loc_001,2026-07-02,rash,0
opd_000009,loc_001,2026-07-03,fever,15
opd_000010,loc_001,2026-07-03,diarrhea,13
opd_000011,loc_001,2026-07-03,cough,2
opd_000012,loc_001,2026-07-03,rash,3
opd_000013,loc_001,2026-07-04,fever,17
opd_000014,loc_001,2026-07-04,diarrhea,14
opd_000015,loc_001,2026-07-04,cough,4
opd_000016,loc_001,2026-07-04,rash,0
opd_000017,loc_001,2026-07-05,fever,17
opd_000018,loc_001,2026-07-05,diarrhea,10
opd_000019,loc_001,2026-07-05,cough,2
opd_000020,loc_001,2026-07-05,rash,0
opd_000021,loc_001,2026-07-06,fever,14
opd_000022,loc_001,2026-07-06,diarrhea,11
opd_000023,loc_001,2026-07-06,cough,6
opd_000024,loc_001,2026-07-06,rash,3
opd_000025,loc_001,2026-07-07,fever,18
opd_000026,loc_001,2026-07-07,diarrhea,12
opd_000027,loc_001,2026-07-07,cough,4
opd_000028,loc_001,2026-07-07,rash,1
opd_000029,loc_001,2026-07-08,fever,18
opd_000030,loc_001,2026-07-08,diarrhea,11
opd_000031,loc_001,2026-07-08,cough,2
opd_000032,loc_001,2026-07-08,rash,2
opd_000033,loc_001,2026-07-09,fever,16
opd_000034,loc_001,2026-07-09,diarrhea,12
opd_000035,loc_001,2026-07-09,cough,6
opd_000036,loc_001,2026-07-09,rash,0
opd_000037,loc_001,2026-07-10,fever,17
opd_000038,loc_001,2026-07-10,diarrhea,13
opd_000039,loc_001,2026-07-10,cough,4
opd_000040,loc_001,2026-07-10,rash,3
opd_000041,loc_001,2026-07-11,fever,17
opd_000042,loc_001,2026-07-11,diarrhea,13
opd_000043,loc_001,2026-07-11,cough,6
opd_000044,loc_001,2026-07-11,rash,2
opd_000045,loc_001,2026-07-12,fever,15
opd_000046,loc_001,2026-07-12,diarrhea,14
opd_000047,loc_001,2026-07-12,cough,4
opd_000048,loc_001,2026-07-12,rash,2
opd_000049,loc_001,2026-07-13,fever,16
opd_000050,loc_001,2026-07-13,diarrhea,14
opd_000051,loc_001,2026-07-13,cough,5
opd_000052,loc_001,2026-07-13,rash,2
opd_000053,loc_001,2026-07-14,fever,16
opd_000054,loc_001,2026-07-14,diarrhea,13
opd_000055,loc_001,2026-07-14,cough,4
opd_000056,loc_001,2026-07-14,rash,3
opd_000057,loc_001,2026-07-15,fever,18
opd_000058,loc_001,2026-07-15,diarrhea,10
opd_000059,loc_001,2026-07-15,cough,3
opd_000060,loc_001,2026-07-15,rash,3
opd_000061,loc_001,2026-07-16,fever,16
opd_000062,loc_001,2026-07-16,diarrhea,12
opd_000063,loc_001,2026-07-16,cough,5
opd_000064,loc_001,2026-07-16,rash,2
opd_000065,loc_001,2026-07-17,fever,17
opd_000066,loc_001,2026-07-17,diarrhea,10
opd_000067,loc_001,2026-07-17,cough,4
opd_000068,loc_001,2026-07-17,rash,3
opd_000069,loc_001,2026-07-18,fever,18
opd_000070,loc_001,2026-07-18,diarrhea,13
opd_000071,loc_001,2026-07-18,cough,6
opd_000072,loc_001,2026-07-18,rash,3
opd_000073,loc_001,2026-07-19,fever,14
opd_000074,loc_001,2026-07-19,diarrhea,11
opd_000075,loc_001,2026-07-19,cough,4
opd_000076,loc_001,2026-07-19,rash,0
opd_000077,loc_001,2026-07-20,fever,17
opd_000078,loc_001,2026-07-20,diarrhea,11
opd_000079,loc_001,2026-07-20,cough,2
opd_000080,loc_001,2026-07-20,rash,3
opd_000081,loc_001,2026-07-21,fever,16
opd_000082,loc_001,2026-07-21,diarrhea,13
opd_000083,loc_001,2026-07-21,cough,2
opd_000084,loc_001,2026-07-21,rash,2
opd_000085,loc_001,2026-07-22,fever,17
opd_000086,loc_001,2026-07-22,diarrhea,14
opd_000087,loc_001,2026-07-22,cough,4
opd_000088,loc_001,2026-07-22,rash,2
opd_000089,loc_001,2026-07-23,fever,16
opd_000090,loc_001,2026-07-23,diarrhea,13
opd_000091,loc_001,2026-07-23,cough,4
opd_000092,loc_001,2026-07-23,rash,3
opd_000093,loc_001,2026-07-24,fever,18
opd_000094,loc_001,2026-07-24,diarrhea,11
opd_000095,loc_001,2026-07-24,cough,4
opd_000096,loc_001,2026-07-24,rash,2
opd_000097,loc_001,2026-07-25,fever,14
opd_000098,loc_001,2026-07-25,diarrhea,12
opd_000099,loc_001,2026-07-25,cough,5
opd_000100,loc_001,2026-07-25,rash,2
opd_000101,loc_001,2026-07-26,fever,17
opd_000102,loc_001,2026-07-26,diarrhea,14
opd_000103,loc_001,2026-07-26,cough,6
opd_000104,loc_001,2026-07-26,rash,2
opd_000105,loc_001,2026-07-27,fever,17
opd_000106,loc_001,2026-07-27,diarrhea,12
opd_000107,loc_001,2026-07-27,cough,4
opd_000108,loc_001,2026-07-27,rash,1
opd_000109,loc_001,2026-07-28,fever,16
opd_000110,loc_001,2026-07-28,diarrhea,12
opd_000111,loc_001,2026-07-28,cough,4
opd_000112,loc_001,2026-07-28,rash,1
opd_000113,loc_001,2026-07-29,fever,17
opd_000114,loc_001,2026-07-29,diarrhea,14
opd_000115,loc_001,2026-07-29,cough,4
opd_000116,loc_001,2026-07-29,rash,0
opd_000117,loc_001,2026-07-30,fever,17
opd_000118,loc_001,2026-07-30,diarrhea,11
opd_000119,loc_001,2026-07-30,cough,2
opd_000120,loc_001,2026-07-30,rash,1
opd_000121,loc_001,2026-07-31,fever,18
opd_000122,loc_001,2026-07-31,diarrhea,11
opd_000123,loc_001,2026-07-31,cough,6
opd_000124,loc_001,2026-07-31,rash,2
opd_000125,loc_001,2026-08-01,fever,14
opd_000126,loc_001,2026-08-01,diarrhea,11
opd_000127,loc_001,2026-08-01,cough,2
opd_000128,loc_001,2026-08-01,rash,3
opd_000129,loc_001,2026-08-02,fever,14
opd_000130,loc_001,2026-08-02,diarrhea,14
opd_000131,loc_001,2026-08-02,cough,4
opd_000132,loc_001,2026-08-02,rash,0
opd_000133,loc_001,2026-08-03,fever,18
opd_000134,loc_001,2026-08-03,diarrhea,14
opd_000135,loc_001,2026-08-03,cough,3
opd_000136,loc_001,2026-08-03,rash,0
opd_000137,loc_001,2026-08-04,fever,17
opd_000138,loc_001,2026-08-04,diarrhea,13
opd_000139,loc_001,2026-08-04,cough,6
opd_000140,loc_001,2026-08-04,rash,0
opd_000141,loc_001,2026-08-05,fever,15
opd_000142,loc_001,2026-08-05,diarrhea,12
opd_000143,loc_001,2026-08-05,cough,2
opd_000144,loc_001,2026-08-05,rash,3
opd_000145,loc_001,2026-08-06,fever,18
opd_000146,loc_001,2026-08-06,diarrhea,11
opd_000147,loc_001,2026-08-06,cough,2
opd_000148,loc_001,2026-08-06,rash,1
opd_000149,loc_001,2026-08-07,fever,16
opd_000150,loc_001,2026-08-07,diarrhea,10
opd_000151,loc_001,2026-08-07,cough,2
opd_000152,loc_001,2026-08-07,rash,1
opd_000153,loc_001,2026-08-08,fever,16
opd_000154,loc_001,2026-08-08,diarrhea,12
opd_000155,loc_001,2026-08-08,cough,3
opd_000156,loc_001,2026-08-08,rash,0
opd_000157,loc_001,2026-08-09,fever,15
opd_000158,loc_001,2026-08-09,diarrhea,12
opd_000159,loc_001,2026-08-09,cough,6
opd_000160,loc_001,2026-08-09,rash,0
opd_000161,loc_001,2026-08-10,fever,16
opd_000162,loc_001,2026-08-10,diarrhea,12
opd_000163,loc_001,2026-08-10,cough,3
opd_000164,loc_001,2026-08-10,rash,2
opd_000165,loc_001,2026-08-11,fever,18
opd_000166,loc_001,2026-08-11,diarrhea,13
opd_000167,loc_001,2026-08-11,cough,6
opd_000168,loc_001,2026-08-11,rash,0
opd_000169,loc_001,2026-08-12,fever,14
opd_000170,loc_001,2026-08-12,diarrhea,10
opd_000171,loc_001,2026-08-12,cough,6
opd_000172,loc_001,2026-08-12,rash,2
opd_000173,loc_001,2026-08-13,fever,14
opd_000174,loc_001,2026-08-13,diarrhea,14
opd_000175,loc_001,2026-08-13,cough,5
opd_000176,loc_001,2026-08-13,rash,1
opd_000177,loc_001,2026-08-14,fever,18
opd_000178,loc_001,2026-08-14,diarrhea,12
opd_000179,loc_001,2026-08-14,cough,2
opd_000180,loc_001,2026-08-14,rash,3
opd_000181,loc_001,2026-08-15,fever,17
opd_000182,loc_001,2026-08-15,diarrhea,13
opd_000183,loc_001,2026-08-15,cough,4
opd_000184,loc_001,2026-08-15,rash,3
opd_000185,loc_001,2026-08-16,fever,24
opd_000186,loc_001,2026-08-16,diarrhea,14
opd_000187,loc_001,2026-08-16,cough,2
opd_000188,loc_001,2026-08-16,rash,2
opd_000189,loc_001,2026-08-17,fever,27
opd_000190,loc_001,2026-08-17,diarrhea,22
opd_000191,loc_001,2026-08-17,cough,3
opd_000192,loc_001,2026-08-17,rash,3
opd_000193,loc_001,2026-08-18,fever,31
opd_000194,loc_001,2026-08-18,diarrhea,28
opd_000195,loc_001,2026-08-18,cough,6
opd_000196,loc_001,2026-08-18,rash,1
opd_000197,loc_001,2026-08-19,fever,38
opd_000198,loc_001,2026-08-19,diarrhea,32
opd_000199,loc_001,2026-08-19,cough,3
opd_000200,loc_001,2026-08-19,rash,2
opd_000201,loc_001,2026-08-20,fever,44
opd_000202,loc_001,2026-08-20,diarrhea,31
opd_000203,loc_001,2026-08-20,cough,3
opd_000204,loc_001,2026-08-20,rash,2
opd_000205,loc_001,2026-08-21,fever,51
opd_000206,loc_001,2026-08-21,diarrhea,35
opd_000207,loc_001,2026-08-21,cough,6
opd_000208,loc_001,2026-08-21,rash,3
opd_000209,loc_001,2026-08-22,fever,54
opd_000210,loc_001,2026-08-22,diarrhea,45
opd_000211,loc_001,2026-08-22,cough,3
opd_000212,loc_001,2026-08-22,rash,3
opd_000213,loc_001,2026-08-23,fever,64
opd_000214,loc_001,2026-08-23,diarrhea,45
opd_000215,loc_001,2026-08-23,cough,4
opd_000216,loc_001,2026-08-23,rash,3
opd_000217,loc_001,2026-08-24,fever,69
opd_000218,loc_001,2026-08-24,diarrhea,54
opd_000219,loc_001,2026-08-24,cough,4
opd_000220,loc_001,2026-08-24,rash,1
opd_000221,loc_001,2026-08-25,fever,76
opd_000222,loc_001,2026-08-25,diarrhea,54
opd_000223,loc_001,2026-08-25,cough,2
opd_000224,loc_001,2026-08-25,rash,0
opd_000225,loc_001,2026-08-26,fever,79
opd_000226,loc_001,2026-08-26,diarrhea,62
opd_000227,loc_001,2026-08-26,cough,2
opd_000228,loc_001,2026-08-26,rash,3
opd_000229,loc_001,2026-08-27,fever,83
opd_000230,loc_001,2026-08-27,diarrhea,64
opd_000231,loc_001,2026-08-27,cough,2
opd_000232,loc_001,2026-08-27,rash,1
opd_000233,loc_001,2026-08-28,fever,90
opd_000234,loc_001,2026-08-28,diarrhea,65
opd_000235,loc_001,2026-08-28,cough,4
opd_000236,loc_001,2026-08-28,rash,2
opd_000237,loc_001,2026-08-29,fever,93
opd_000238,loc_001,2026-08-29,diarrhea,74
opd_000239,loc_001,2026-08-29,cough,3
opd_000240,loc_001,2026-08-29,rash,0
opd_000241,loc_002,2026-07-01,fever,15
opd_000242,loc_002,2026-07-01,diarrhea,11
opd_000243,loc_002,2026-07-01,cough,4
opd_000244,loc_002,2026-07-01,rash,2
opd_000245,loc_002,2026-07-02,fever,18
opd_000246,loc_002,2026-07-02,diarrhea,14
opd_000247,loc_002,2026-07-02,cough,3
opd_000248,loc_002,2026-07-02,rash,0
opd_000249,loc_002,2026-07-03,fever,14
opd_000250,loc_002,2026-07-03,diarrhea,14
opd_000251,loc_002,2026-07-03,cough,2
opd_000252,loc_002,2026-07-03,rash,3
opd_000253,loc_002,2026-07-04,fever,17
opd_000254,loc_002,2026-07-04,diarrhea,13
opd_000255,loc_002,2026-07-04,cough,6
opd_000256,loc_002,2026-07-04,rash,0
opd_000257,loc_002,2026-07-05,fever,16
opd_000258,loc_002,2026-07-05,diarrhea,14
opd_000259,loc_002,2026-07-05,cough,6
opd_000260,loc_002,2026-07-05,rash,2
opd_000261,loc_002,2026-07-06,fever,14
opd_000262,loc_002,2026-07-06,diarrhea,12
opd_000263,loc_002,2026-07-06,cough,2
opd_000264,loc_002,2026-07-06,rash,3
opd_000265,loc_002,2026-07-07,fever,18
opd_000266,loc_002,2026-07-07,diarrhea,13
opd_000267,loc_002,2026-07-07,cough,6
opd_000268,loc_002,2026-07-07,rash,0
opd_000269,loc_002,2026-07-08,fever,17
opd_000270,loc_002,2026-07-08,diarrhea,14
opd_000271,loc_002,2026-07-08,cough,6
opd_000272,loc_002,2026-07-08,rash,1
opd_000273,loc_002,2026-07-09,fever,18
opd_000274,loc_002,2026-07-09,diarrhea,13
opd_000275,loc_002,2026-07-09,cough,4
opd_000276,loc_002,2026-07-09,rash,2
opd_000277,loc_002,2026-07-10,fever,18
opd_000278,loc_002,2026-07-10,diarrhea,10
opd_000279,loc_002,2026-07-10,cough,6
opd_000280,loc_002,2026-07-10,rash,0
opd_000281,loc_002,2026-07-11,fever,18
opd_000282,loc_002,2026-07-11,diarrhea,10
opd_000283,loc_002,2026-07-11,cough,3
opd_000284,loc_002,2026-07-11,rash,0
opd_000285,loc_002,2026-07-12,fever,18
opd_000286,loc_002,2026-07-12,diarrhea,13
opd_000287,loc_002,2026-07-12,cough,4
opd_000288,loc_002,2026-07-12,rash,0
opd_000289,loc_002,2026-07-13,fever,18
opd_000290,loc_002,2026-07-13,diarrhea,14
opd_000291,loc_002,2026-07-13,cough,4
opd_000292,loc_002,2026-07-13,rash,1
opd_000293,loc_002,2026-07-14,fever,18
opd_000294,loc_002,2026-07-14,diarrhea,13
opd_000295,loc_002,2026-07-14,cough,3
opd_000296,loc_002,2026-07-14,rash,2
opd_000297,loc_002,2026-07-15,fever,14
opd_000298,loc_002,2026-07-15,diarrhea,14
opd_000299,loc_002,2026-07-15,cough,3
opd_000300,loc_002,2026-07-15,rash,3
opd_000301,loc_002,2026-07-16,fever,14
opd_000302,loc_002,2026-07-16,diarrhea,14
opd_000303,loc_002,2026-07-16,cough,4
opd_000304,loc_002,2026-07-16,rash,0
opd_000305,loc_002,2026-07-17,fever,17
opd_000306,loc_002,2026-07-17,diarrhea,12
opd_000307,loc_002,2026-07-17,cough,4
opd_000308,loc_002,2026-07-17,rash,0
opd_000309,loc_002,2026-07-18,fever,15
opd_000310,loc_002,2026-07-18,diarrhea,14
opd_000311,loc_002,2026-07-18,cough,6
opd_000312,loc_002,2026-07-18,rash,3
opd_000313,loc_002,2026-07-19,fever,18
opd_000314,loc_002,2026-07-19,diarrhea,12
opd_000315,loc_002,2026-07-19,cough,5
opd_000316,loc_002,2026-07-19,rash,0
opd_000317,loc_002,2026-07-20,fever,15
opd_000318,loc_002,2026-07-20,diarrhea,13
opd_000319,loc_002,2026-07-20,cough,6
opd_000320,loc_002,2026-07-20,rash,0
opd_000321,loc_002,2026-07-21,fever,16
opd_000322,loc_002,2026-07-21,diarrhea,13
opd_000323,loc_002,2026-07-21,cough,3
opd_000324,loc_002,2026-07-21,rash,2
opd_000325,loc_002,2026-07-22,fever,18
opd_000326,loc_002,2026-07-22,diarrhea,13
opd_000327,loc_002,2026-07-22,cough,2
opd_000328,loc_002,2026-07-22,rash,3
opd_000329,loc_002,2026-07-23,fever,14
opd_000330,loc_002,2026-07-23,diarrhea,10
opd_000331,loc_002,2026-07-23,cough,6
opd_000332,loc_002,2026-07-23,rash,3
opd_000333,loc_002,2026-07-24,fever,15
opd_000334,loc_002,2026-07-24,diarrhea,14
opd_000335,loc_002,2026-07-24,cough,6
opd_000336,loc_002,2026-07-24,rash,0
opd_000337,loc_002,2026-07-25,fever,18
opd_000338,loc_002,2026-07-25,diarrhea,14
opd_000339,loc_002,2026-07-25,cough,6
opd_000340,loc_002,2026-07-25,rash,2
opd_000341,loc_002,2026-07-26,fever,18
opd_000342,loc_002,2026-07-26,diarrhea,10
opd_000343,loc_002,2026-07-26,cough,4
opd_000344,loc_002,2026-07-26,rash,2
opd_000345,loc_002,2026-07-27,fever,16
opd_000346,loc_002,2026-07-27,diarrhea,12
opd_000347,loc_002,2026-07-27,cough,6
opd_000348,loc_002,2026-07-27,rash,2
opd_000349,loc_002,2026-07-28,fever,17
opd_000350,loc_002,2026-07-28,diarrhea,13
opd_000351,loc_002,2026-07-28,cough,5
opd_000352,loc_002,2026-07-28,rash,2
opd_000353,loc_002,2026-07-29,fever,14
opd_000354,loc_002,2026-07-29,diarrhea,13
opd_000355,loc_002,2026-07-29,cough,5
opd_000356,loc_002,2026-07-29,rash,0
opd_000357,loc_002,2026-07-30,fever,15
opd_000358,loc_002,2026-07-30,diarrhea,11
opd_000359,loc_002,2026-07-30,cough,3
opd_000360,loc_002,2026-07-30,rash,0
opd_000361,loc_002,2026-07-31,fever,18
opd_000362,loc_002,2026-07-31,diarrhea,13
opd_000363,loc_002,2026-07-31,cough,4
opd_000364,loc_002,2026-07-31,rash,2
opd_000365,loc_002,2026-08-01,fever,14
opd_000366,loc_002,2026-08-01,diarrhea,10
opd_000367,loc_002,2026-08-01,cough,2
opd_000368,loc_002,2026-08-01,rash,1
opd_000369,loc_002,2026-08-02,fever,17
opd_000370,loc_002,2026-08-02,diarrhea,10
opd_000371,loc_002,2026-08-02,cough,4
opd_000372,loc_002,2026-08-02,rash,1
opd_000373,loc_002,2026-08-03,fever,17
opd_000374,loc_002,2026-08-03,diarrhea,14
opd_000375,loc_002,2026-08-03,cough,2
opd_000376,loc_002,2026-08-03,rash,3
opd_000377,loc_002,2026-08-04,fever,17
opd_000378,loc_002,2026-08-04,diarrhea,11
opd_000379,loc_002,2026-08-04,cough,3
opd_000380,loc_002,2026-08-04,rash,0
opd_000381,loc_002,2026-08-05,fever,15
opd_000382,loc_002,2026-08-05,diarrhea,13
opd_000383,loc_002,2026-08-05,cough,3
opd_000384,loc_002,2026-08-05,rash,2
opd_000385,loc_002,2026-08-06,fever,16
opd_000386,loc_002,2026-08-06,diarrhea,12
opd_000387,loc_002,2026-08-06,cough,3
opd_000388,loc_002,2026-08-06,rash,1
opd_000389,loc_002,2026-08-07,fever,18
opd_000390,loc_002,2026-08-07,diarrhea,14
opd_000391,loc_002,2026-08-07,cough,2
opd_000392,loc_002,2026-08-07,rash,2
opd_000393,loc_002,2026-08-08,fever,17
opd_000394,loc_002,2026-08-08,diarrhea,11
opd_000395,loc_002,2026-08-08,cough,6
opd_000396,loc_002,2026-08-08,rash,3
opd_000397,loc_002,2026-08-09,fever,14
opd_000398,loc_002,2026-08-09,diarrhea,12
opd_000399,loc_002,2026-08-09,cough,5
opd_000400,loc_002,2026-08-09,rash,1
opd_000401,loc_002,2026-08-10,fever,17
opd_000402,loc_002,2026-08-10,diarrhea,11
opd_000403,loc_002,2026-08-10,cough,4
opd_000404,loc_002,2026-08-10,rash,0
opd_000405,loc_002,2026-08-11,fever,17
opd_000406,loc_002,2026-08-11,diarrhea,12
opd_000407,loc_002,2026-08-11,cough,4
opd_000408,loc_002,2026-08-11,rash,3
opd_000409,loc_002,2026-08-12,fever,16
opd_000410,loc_002,2026-08-12,diarrhea,13
opd_000411,loc_002,2026-08-12,cough,4
opd_000412,loc_002,2026-08-12,rash,2
opd_000413,loc_002,2026-08-13,fever,17
opd_000414,loc_002,2026-08-13,diarrhea,10
opd_000415,loc_002,2026-08-13,cough,6
opd_000416,loc_002,2026-08-13,rash,1
opd_000417,loc_002,2026-08-14,fever,18
opd_000418,loc_002,2026-08-14,diarrhea,11
opd_000419,loc_002,2026-08-14,cough,4
opd_000420,loc_002,2026-08-14,rash,1
opd_000421,loc_002,2026-08-15,fever,14
opd_000422,loc_002,2026-08-15,diarrhea,10
opd_000423,loc_002,2026-08-15,cough,4
opd_000424,loc_002,2026-08-15,rash,1
opd_000425,loc_002,2026-08-16,fever,22
opd_000426,loc_002,2026-08-16,diarrhea,13
opd_000427,loc_002,2026-08-16,cough,5
opd_000428,loc_002,2026-08-16,rash,2
opd_000429,loc_002,2026-08-17,fever,28
opd_000430,loc_002,2026-08-17,diarrhea,18
opd_000431,loc_002,2026-08-17,cough,4
opd_000432,loc_002,2026-08-17,rash,0
opd_000433,loc_002,2026-08-18,fever,35
opd_000434,loc_002,2026-08-18,diarrhea,28
opd_000435,loc_002,2026-08-18,cough,3
opd_000436,loc_002,2026-08-18,rash,1
opd_000437,loc_002,2026-08-19,fever,39
opd_000438,loc_002,2026-08-19,diarrhea,28
opd_000439,loc_002,2026-08-19,cough,5
opd_000440,loc_002,2026-08-19,rash,0
opd_000441,loc_002,2026-08-20,fever,47
opd_000442,loc_002,2026-08-20,diarrhea,36
opd_000443,loc_002,2026-08-20,cough,4
opd_000444,loc_002,2026-08-20,rash,3
opd_000445,loc_002,2026-08-21,fever,51
opd_000446,loc_002,2026-08-21,diarrhea,40
opd_000447,loc_002,2026-08-21,cough,6
opd_000448,loc_002,2026-08-21,rash,0
opd_000449,loc_002,2026-08-22,fever,55
opd_000450,loc_002,2026-08-22,diarrhea,42
opd_000451,loc_002,2026-08-22,cough,4
opd_000452,loc_002,2026-08-22,rash,0
opd_000453,loc_002,2026-08-23,fever,64
opd_000454,loc_002,2026-08-23,diarrhea,44
opd_000455,loc_002,2026-08-23,cough,5
opd_000456,loc_002,2026-08-23,rash,1
opd_000457,loc_002,2026-08-24,fever,68
opd_000458,loc_002,2026-08-24,diarrhea,54
opd_000459,loc_002,2026-08-24,cough,6
opd_000460,loc_002,2026-08-24,rash,0
opd_000461,loc_002,2026-08-25,fever,71
opd_000462,loc_002,2026-08-25,diarrhea,54
opd_000463,loc_002,2026-08-25,cough,2
opd_000464,loc_002,2026-08-25,rash,3
opd_000465,loc_002,2026-08-26,fever,78
opd_000466,loc_002,2026-08-26,diarrhea,59
opd_000467,loc_002,2026-08-26,cough,4
opd_000468,loc_002,2026-08-26,rash,3
opd_000469,loc_002,2026-08-27,fever,82
opd_000470,loc_002,2026-08-27,diarrhea,65
opd_000471,loc_002,2026-08-27,cough,5
opd_000472,loc_002,2026-08-27,rash,0
opd_000473,loc_002,2026-08-28,fever,88
opd_000474,loc_002,2026-08-28,diarrhea,69
opd_000475,loc_002,2026-08-28,cough,3
opd_000476,loc_002,2026-08-28,rash,0
opd_000477,loc_002,2026-08-29,fever,99
opd_000478,loc_002,2026-08-29,diarrhea,72
opd_000479,loc_002,2026-08-29,cough,6
opd_000480,loc_002,2026-08-29,rash,2
opd_000481,loc_003,2026-07-01,fever,18
opd_000482,loc_003,2026-07-01,diarrhea,11
opd_000483,loc_003,2026-07-01,cough,2
opd_000484,loc_003,2026-07-01,rash,2
opd_000485,loc_003,2026-07-02,fever,18
opd_000486,loc_003,2026-07-02,diarrhea,14
opd_000487,loc_003,2026-07-02,cough,5
opd_000488,loc_003,2026-07-02,rash,0
opd_000489,loc_003,2026-07-03,fever,18
opd_000490,loc_003,2026-07-03,diarrhea,12
opd_000491,loc_003,2026-07-03,cough,4
opd_000492,loc_003,2026-07-03,rash,1
opd_000493,loc_003,2026-07-04,fever,16
opd_000494,loc_003,2026-07-04,diarrhea,11
opd_000495,loc_003,2026-07-04,cough,4
opd_000496,loc_003,2026-07-04,rash,3
opd_000497,loc_003,2026-07-05,fever,15
opd_000498,loc_003,2026-07-05,diarrhea,10
opd_000499,loc_003,2026-07-05,cough,3
opd_000500,loc_003,2026-07-05,rash,3
opd_000501,loc_003,2026-07-06,fever,16
opd_000502,loc_003,2026-07-06,diarrhea,13
opd_000503,loc_003,2026-07-06,cough,2
opd_000504,loc_003,2026-07-06,rash,3
opd_000505,loc_003,2026-07-07,fever,14
opd_000506,loc_003,2026-07-07,diarrhea,11
opd_000507,loc_003,2026-07-07,cough,6
opd_000508,loc_003,2026-07-07,rash,3
opd_000509,loc_003,2026-07-08,fever,17
opd_000510,loc_003,2026-07-08,diarrhea,14
opd_000511,loc_003,2026-07-08,cough,2
opd_000512,loc_003,2026-07-08,rash,2
opd_000513,loc_003,2026-07-09,fever,18
opd_000514,loc_003,2026-07-09,diarrhea,12
opd_000515,loc_003,2026-07-09,cough,3
opd_000516,loc_003,2026-07-09,rash,3
opd_000517,loc_003,2026-07-10,fever,18
opd_000518,loc_003,2026-07-10,diarrhea,12
opd_000519,loc_003,2026-07-10,cough,2
opd_000520,loc_003,2026-07-10,rash,3
opd_000521,loc_003,2026-07-11,fever,16
opd_000522,loc_003,2026-07-11,diarrhea,12
opd_000523,loc_003,2026-07-11,cough,4
opd_000524,loc_003,2026-07-11,rash,2
opd_000525,loc_003,2026-07-12,fever,15
opd_000526,loc_003,2026-07-12,diarrhea,11
opd_000527,loc_003,2026-07-12,cough,5
opd_000528,loc_003,2026-07-12,rash,3
opd_000529,loc_003,2026-07-13,fever,14
opd_000530,loc_003,2026-07-13,diarrhea,13
opd_000531,loc_003,2026-07-13,cough,3
opd_000532,loc_003,2026-07-13,rash,1
opd_000533,loc_003,2026-07-14,fever,14
opd_000534,loc_003,2026-07-14,diarrhea,14
opd_000535,loc_003,2026-07-14,cough,2
opd_000536,loc_003,2026-07-14,rash,0
opd_000537,loc_003,2026-07-15,fever,14
opd_000538,loc_003,2026-07-15,diarrhea,13
opd_000539,loc_003,2026-07-15,cough,3
opd_000540,loc_003,2026-07-15,rash,0
opd_000541,loc_003,2026-07-16,fever,16
opd_000542,loc_003,2026-07-16,diarrhea,13
opd_000543,loc_003,2026-07-16,cough,2
opd_000544,loc_003,2026-07-16,rash,2
opd_000545,loc_003,2026-07-17,fever,16
opd_000546,loc_003,2026-07-17,diarrhea,11
opd_000547,loc_003,2026-07-17,cough,3
opd_000548,loc_003,2026-07-17,rash,0
opd_000549,loc_003,2026-07-18,fever,18
opd_000550,loc_003,2026-07-18,diarrhea,11
opd_000551,loc_003,2026-07-18,cough,3
opd_000552,loc_003,2026-07-18,rash,3
opd_000553,loc_003,2026-07-19,fever,14
opd_000554,loc_003,2026-07-19,diarrhea,14
opd_000555,loc_003,2026-07-19,cough,5
opd_000556,loc_003,2026-07-19,rash,3
opd_000557,loc_003,2026-07-20,fever,16
opd_000558,loc_003,2026-07-20,diarrhea,10
opd_000559,loc_003,2026-07-20,cough,3
opd_000560,loc_003,2026-07-20,rash,3
opd_000561,loc_003,2026-07-21,fever,15
opd_000562,loc_003,2026-07-21,diarrhea,13
opd_000563,loc_003,2026-07-21,cough,5
opd_000564,loc_003,2026-07-21,rash,1
opd_000565,loc_003,2026-07-22,fever,17
opd_000566,loc_003,2026-07-22,diarrhea,12
opd_000567,loc_003,2026-07-22,cough,3
opd_000568,loc_003,2026-07-22,rash,3
opd_000569,loc_003,2026-07-23,fever,18
opd_000570,loc_003,2026-07-23,diarrhea,14
opd_000571,loc_003,2026-07-23,cough,4
opd_000572,loc_003,2026-07-23,rash,0
opd_000573,loc_003,2026-07-24,fever,15
opd_000574,loc_003,2026-07-24,diarrhea,13
opd_000575,loc_003,2026-07-24,cough,5
opd_000576,loc_003,2026-07-24,rash,0
opd_000577,loc_003,2026-07-25,fever,16
opd_000578,loc_003,2026-07-25,diarrhea,11
opd_000579,loc_003,2026-07-25,cough,4
opd_000580,loc_003,2026-07-25,rash,3
opd_000581,loc_003,2026-07-26,fever,14
opd_000582,loc_003,2026-07-26,diarrhea,11
opd_000583,loc_003,2026-07-26,cough,6
opd_000584,loc_003,2026-07-26,rash,0
opd_000585,loc_003,2026-07-27,fever,15
opd_000586,loc_003,2026-07-27,diarrhea,13
opd_000587,loc_003,2026-07-27,cough,5
opd_000588,loc_003,2026-07-27,rash,2
opd_000589,loc_003,2026-07-28,fever,18
opd_000590,loc_003,2026-07-28,diarrhea,11
opd_000591,loc_003,2026-07-28,cough,4
opd_000592,loc_003,2026-07-28,rash,1
opd_000593,loc_003,2026-07-29,fever,17
opd_000594,loc_003,2026-07-29,diarrhea,10
opd_000595,loc_003,2026-07-29,cough,6
opd_000596,loc_003,2026-07-29,rash,1
opd_000597,loc_003,2026-07-30,fever,15
opd_000598,loc_003,2026-07-30,diarrhea,10
opd_000599,loc_003,2026-07-30,cough,4
opd_000600,loc_003,2026-07-30,rash,0
opd_000601,loc_003,2026-07-31,fever,18
opd_000602,loc_003,2026-07-31,diarrhea,13
opd_000603,loc_003,2026-07-31,cough,4
opd_000604,loc_003,2026-07-31,rash,3
opd_000605,loc_003,2026-08-01,fever,16
opd_000606,loc_003,2026-08-01,diarrhea,10
opd_000607,loc_003,2026-08-01,cough,3
opd_000608,loc_003,2026-08-01,rash,1
opd_000609,loc_003,2026-08-02,fever,15
opd_000610,loc_003,2026-08-02,diarrhea,10
opd_000611,loc_003,2026-08-02,cough,3
opd_000612,loc_003,2026-08-02,rash,0
opd_000613,loc_003,2026-08-03,fever,16
opd_000614,loc_003,2026-08-03,diarrhea,13
opd_000615,loc_003,2026-08-03,cough,2
opd_000616,loc_003,2026-08-03,rash,0
opd_000617,loc_003,2026-08-04,fever,17
opd_000618,loc_003,2026-08-04,diarrhea,12
opd_000619,loc_003,2026-08-04,cough,6
opd_000620,loc_003,2026-08-04,rash,1
opd_000621,loc_003,2026-08-05,fever,15
opd_000622,loc_003,2026-08-05,diarrhea,13
opd_000623,loc_003,2026-08-05,cough,2
opd_000624,loc_003,2026-08-05,rash,2
opd_000625,loc_003,2026-08-06,fever,16
opd_000626,loc_003,2026-08-06,diarrhea,14
opd_000627,loc_003,2026-08-06,cough,2
opd_000628,loc_003,2026-08-06,rash,3
opd_000629,loc_003,2026-08-07,fever,16
opd_000630,loc_003,2026-08-07,diarrhea,12
opd_000631,loc_003,2026-08-07,cough,6
opd_000632,loc_003,2026-08-07,rash,1
opd_000633,loc_003,2026-08-08,fever,16
opd_000634,loc_003,2026-08-08,diarrhea,14
opd_000635,loc_003,2026-08-08,cough,2
opd_000636,loc_003,2026-08-08,rash,3
opd_000637,loc_003,2026-08-09,fever,18
opd_000638,loc_003,2026-08-09,diarrhea,11
opd_000639,loc_003,2026-08-09,cough,3
opd_000640,loc_003,2026-08-09,rash,3
opd_000641,loc_003,2026-08-10,fever,16
opd_000642,loc_003,2026-08-10,diarrhea,13
opd_000643,loc_003,2026-08-10,cough,4
opd_000644,loc_003,2026-08-10,rash,0
opd_000645,loc_003,2026-08-11,fever,17
opd_000646,loc_003,2026-08-11,diarrhea,10
opd_000647,loc_003,2026-08-11,cough,2
opd_000648,loc_003,2026-08-11,rash,3
opd_000649,loc_003,2026-08-12,fever,14
opd_000650,loc_003,2026-08-12,diarrhea,14
opd_000651,loc_003,2026-08-12,cough,4
opd_000652,loc_003,2026-08-12,rash,1
opd_000653,loc_003,2026-08-13,fever,14
opd_000654,loc_003,2026-08-13,diarrhea,14
opd_000655,loc_003,2026-08-13,cough,3
opd_000656,loc_003,2026-08-13,rash,1
opd_000657,loc_003,2026-08-14,fever,14
opd_000658,loc_003,2026-08-14,diarrhea,13
opd_000659,loc_003,2026-08-14,cough,3
opd_000660,loc_003,2026-08-14,rash,3
opd_000661,loc_003,2026-08-15,fever,16
opd_000662,loc_003,2026-08-15,diarrhea,11
opd_000663,loc_003,2026-08-15,cough,3
opd_000664,loc_003,2026-08-15,rash,0
opd_000665,loc_003,2026-08-16,fever,21
opd_000666,loc_003,2026-08-16,diarrhea,14
opd_000667,loc_003,2026-08-16,cough,5
opd_000668,loc_003,2026-08-16,rash,2
opd_000669,loc_003,2026-08-17,fever,29
opd_000670,loc_003,2026-08-17,diarrhea,18
opd_000671,loc_003,2026-08-17,cough,4
opd_000672,loc_003,2026-08-17,rash,0
opd_000673,loc_003,2026-08-18,fever,30
opd_000674,loc_003,2026-08-18,diarrhea,22
opd_000675,loc_003,2026-08-18,cough,6
opd_000676,loc_003,2026-08-18,rash,2
opd_000677,loc_003,2026-08-19,fever,42
opd_000678,loc_003,2026-08-19,diarrhea,28
opd_000679,loc_003,2026-08-19,cough,4
opd_000680,loc_003,2026-08-19,rash,2
opd_000681,loc_003,2026-08-20,fever,45
opd_000682,loc_003,2026-08-20,diarrhea,35
opd_000683,loc_003,2026-08-20,cough,2
opd_000684,loc_003,2026-08-20,rash,0
opd_000685,loc_003,2026-08-21,fever,52
opd_000686,loc_003,2026-08-21,diarrhea,41
opd_000687,loc_003,2026-08-21,cough,4
opd_000688,loc_003,2026-08-21,rash,0
opd_000689,loc_003,2026-08-22,fever,53
opd_000690,loc_003,2026-08-22,diarrhea,39
opd_000691,loc_003,2026-08-22,cough,5
opd_000692,loc_003,2026-08-22,rash,2
opd_000693,loc_003,2026-08-23,fever,63
opd_000694,loc_003,2026-08-23,diarrhea,47
opd_000695,loc_003,2026-08-23,cough,5
opd_000696,loc_003,2026-08-23,rash,3
opd_000697,loc_003,2026-08-24,fever,64
opd_000698,loc_003,2026-08-24,diarrhea,52
opd_000699,loc_003,2026-08-24,cough,5
opd_000700,loc_003,2026-08-24,rash,0
opd_000701,loc_003,2026-08-25,fever,72
opd_000702,loc_003,2026-08-25,diarrhea,57
opd_000703,loc_003,2026-08-25,cough,2
opd_000704,loc_003,2026-08-25,rash,0
opd_000705,loc_003,2026-08-26,fever,82
opd_000706,loc_003,2026-08-26,diarrhea,56
opd_000707,loc_003,2026-08-26,cough,6
opd_000708,loc_003,2026-08-26,rash,1
opd_000709,loc_003,2026-08-27,fever,86
opd_000710,loc_003,2026-08-27,diarrhea,60
opd_000711,loc_003,2026-08-27,cough,3
opd_000712,loc_003,2026-08-27,rash,3
opd_000713,loc_003,2026-08-28,fever,90
opd_000714,loc_003,2026-08-28,diarrhea,68
opd_000715,loc_003,2026-08-28,cough,2
opd_000716,loc_003,2026-08-28,rash,2
opd_000717,loc_003,2026-08-29,fever,96
opd_000718,loc_003,2026-08-29,diarrhea,75
opd_000719,loc_003,2026-08-29,cough,6
opd_000720,loc_003,2026-08-29,rash,2
opd_000721,loc_004,2026-07-01,fever,4
opd_000722,loc_004,2026-07-01,diarrhea,5
opd_000723,loc_004,2026-07-01,cough,3
opd_000724,loc_004,2026-07-01,rash,3
opd_000725,loc_004,2026-07-02,fever,8
opd_000726,loc_004,2026-07-02,diarrhea,4
opd_000727,loc_004,2026-07-02,cough,3
opd_000728,loc_004,2026-07-02,rash,0
opd_000729,loc_004,2026-07-03,fever,4
opd_000730,loc_004,2026-07-03,diarrhea,5
opd_000731,loc_004,2026-07-03,cough,2
opd_000732,loc_004,2026-07-03,rash,1
opd_000733,loc_004,2026-07-04,fever,6
opd_000734,loc_004,2026-07-04,diarrhea,6
opd_000735,loc_004,2026-07-04,cough,6
opd_000736,loc_004,2026-07-04,rash,0
opd_000737,loc_004,2026-07-05,fever,6
opd_000738,loc_004,2026-07-05,diarrhea,6
opd_000739,loc_004,2026-07-05,cough,3
opd_000740,loc_004,2026-07-05,rash,2
opd_000741,loc_004,2026-07-06,fever,7
opd_000742,loc_004,2026-07-06,diarrhea,2
opd_000743,loc_004,2026-07-06,cough,4
opd_000744,loc_004,2026-07-06,rash,0
opd_000745,loc_004,2026-07-07,fever,8
opd_000746,loc_004,2026-07-07,diarrhea,5
opd_000747,loc_004,2026-07-07,cough,3
opd_000748,loc_004,2026-07-07,rash,2
opd_000749,loc_004,2026-07-08,fever,5
opd_000750,loc_004,2026-07-08,diarrhea,5
opd_000751,loc_004,2026-07-08,cough,3
opd_000752,loc_004,2026-07-08,rash,0
opd_000753,loc_004,2026-07-09,fever,6
opd_000754,loc_004,2026-07-09,diarrhea,5
opd_000755,loc_004,2026-07-09,cough,4
opd_000756,loc_004,2026-07-09,rash,0
opd_000757,loc_004,2026-07-10,fever,6
opd_000758,loc_004,2026-07-10,diarrhea,6
opd_000759,loc_004,2026-07-10,cough,5
opd_000760,loc_004,2026-07-10,rash,1
opd_000761,loc_004,2026-07-11,fever,4
opd_000762,loc_004,2026-07-11,diarrhea,2
opd_000763,loc_004,2026-07-11,cough,6
opd_000764,loc_004,2026-07-11,rash,0
opd_000765,loc_004,2026-07-12,fever,8
opd_000766,loc_004,2026-07-12,diarrhea,3
opd_000767,loc_004,2026-07-12,cough,5
opd_000768,loc_004,2026-07-12,rash,1
opd_000769,loc_004,2026-07-13,fever,4
opd_000770,loc_004,2026-07-13,diarrhea,3
opd_000771,loc_004,2026-07-13,cough,6
opd_000772,loc_004,2026-07-13,rash,0
opd_000773,loc_004,2026-07-14,fever,6
opd_000774,loc_004,2026-07-14,diarrhea,2
opd_000775,loc_004,2026-07-14,cough,2
opd_000776,loc_004,2026-07-14,rash,3
opd_000777,loc_004,2026-07-15,fever,7
opd_000778,loc_004,2026-07-15,diarrhea,6
opd_000779,loc_004,2026-07-15,cough,4
opd_000780,loc_004,2026-07-15,rash,3
opd_000781,loc_004,2026-07-16,fever,6
opd_000782,loc_004,2026-07-16,diarrhea,2
opd_000783,loc_004,2026-07-16,cough,2
opd_000784,loc_004,2026-07-16,rash,0
opd_000785,loc_004,2026-07-17,fever,7
opd_000786,loc_004,2026-07-17,diarrhea,4
opd_000787,loc_004,2026-07-17,cough,6
opd_000788,loc_004,2026-07-17,rash,0
opd_000789,loc_004,2026-07-18,fever,7
opd_000790,loc_004,2026-07-18,diarrhea,6
opd_000791,loc_004,2026-07-18,cough,6
opd_000792,loc_004,2026-07-18,rash,0
opd_000793,loc_004,2026-07-19,fever,4
opd_000794,loc_004,2026-07-19,diarrhea,4
opd_000795,loc_004,2026-07-19,cough,2
opd_000796,loc_004,2026-07-19,rash,0
opd_000797,loc_004,2026-07-20,fever,4
opd_000798,loc_004,2026-07-20,diarrhea,6
opd_000799,loc_004,2026-07-20,cough,3
opd_000800,loc_004,2026-07-20,rash,3
opd_000801,loc_004,2026-07-21,fever,7
opd_000802,loc_004,2026-07-21,diarrhea,2
opd_000803,loc_004,2026-07-21,cough,2
opd_000804,loc_004,2026-07-21,rash,0
opd_000805,loc_004,2026-07-22,fever,8
opd_000806,loc_004,2026-07-22,diarrhea,2
opd_000807,loc_004,2026-07-22,cough,4
opd_000808,loc_004,2026-07-22,rash,1
opd_000809,loc_004,2026-07-23,fever,4
opd_000810,loc_004,2026-07-23,diarrhea,6
opd_000811,loc_004,2026-07-23,cough,2
opd_000812,loc_004,2026-07-23,rash,2
opd_000813,loc_004,2026-07-24,fever,5
opd_000814,loc_004,2026-07-24,diarrhea,5
opd_000815,loc_004,2026-07-24,cough,2
opd_000816,loc_004,2026-07-24,rash,0
opd_000817,loc_004,2026-07-25,fever,7
opd_000818,loc_004,2026-07-25,diarrhea,2
opd_000819,loc_004,2026-07-25,cough,2
opd_000820,loc_004,2026-07-25,rash,1
opd_000821,loc_004,2026-07-26,fever,7
opd_000822,loc_004,2026-07-26,diarrhea,4
opd_000823,loc_004,2026-07-26,cough,2
opd_000824,loc_004,2026-07-26,rash,0
opd_000825,loc_004,2026-07-27,fever,5
opd_000826,loc_004,2026-07-27,diarrhea,3
opd_000827,loc_004,2026-07-27,cough,2
opd_000828,loc_004,2026-07-27,rash,0
opd_000829,loc_004,2026-07-28,fever,7
opd_000830,loc_004,2026-07-28,diarrhea,6
opd_000831,loc_004,2026-07-28,cough,2
opd_000832,loc_004,2026-07-28,rash,0
opd_000833,loc_004,2026-07-29,fever,6
opd_000834,loc_004,2026-07-29,diarrhea,3
opd_000835,loc_004,2026-07-29,cough,2
opd_000836,loc_004,2026-07-29,rash,2
opd_000837,loc_004,2026-07-30,fever,5
opd_000838,loc_004,2026-07-30,diarrhea,3
opd_000839,loc_004,2026-07-30,cough,6
opd_000840,loc_004,2026-07-30,rash,0
opd_000841,loc_004,2026-07-31,fever,7
opd_000842,loc_004,2026-07-31,diarrhea,5
opd_000843,loc_004,2026-07-31,cough,5
opd_000844,loc_004,2026-07-31,rash,3
opd_000845,loc_004,2026-08-01,fever,7
opd_000846,loc_004,2026-08-01,diarrhea,5
opd_000847,loc_004,2026-08-01,cough,4
opd_000848,loc_004,2026-08-01,rash,1
opd_000849,loc_004,2026-08-02,fever,5
opd_000850,loc_004,2026-08-02,diarrhea,6
opd_000851,loc_004,2026-08-02,cough,5
opd_000852,loc_004,2026-08-02,rash,2
opd_000853,loc_004,2026-08-03,fever,5
opd_000854,loc_004,2026-08-03,diarrhea,6
opd_000855,loc_004,2026-08-03,cough,4
opd_000856,loc_004,2026-08-03,rash,0
opd_000857,loc_004,2026-08-04,fever,7
opd_000858,loc_004,2026-08-04,diarrhea,6
opd_000859,loc_004,2026-08-04,cough,6
opd_000860,loc_004,2026-08-04,rash,1
opd_000861,loc_004,2026-08-05,fever,5
opd_000862,loc_004,2026-08-05,diarrhea,4
opd_000863,loc_004,2026-08-05,cough,6
opd_000864,loc_004,2026-08-05,rash,0
opd_000865,loc_004,2026-08-06,fever,5
opd_000866,loc_004,2026-08-06,diarrhea,5
opd_000867,loc_004,2026-08-06,cough,4
opd_000868,loc_004,2026-08-06,rash,0
opd_000869,loc_004,2026-08-07,fever,6
opd_000870,loc_004,2026-08-07,diarrhea,5
opd_000871,loc_004,2026-08-07,cough,3
opd_000872,loc_004,2026-08-07,rash,2
opd_000873,loc_004,2026-08-08,fever,7
opd_000874,loc_004,2026-08-08,diarrhea,6
opd_000875,loc_004,2026-08-08,cough,3
opd_000876,loc_004,2026-08-08,rash,0
opd_000877,loc_004,2026-08-09,fever,5
opd_000878,loc_004,2026-08-09,diarrhea,2
opd_000879,loc_004,2026-08-09,cough,3
opd_000880,loc_004,2026-08-09,rash,3
opd_000881,loc_004,2026-08-10,fever,4
opd_000882,loc_004,2026-08-10,diarrhea,5
opd_000883,loc_004,2026-08-10,cough,6
opd_000884,loc_004,2026-08-10,rash,0
opd_000885,loc_004,2026-08-11,fever,4
opd_000886,loc_004,2026-08-11,diarrhea,5
opd_000887,loc_004,2026-08-11,cough,2
opd_000888,loc_004,2026-08-11,rash,0
opd_000889,loc_004,2026-08-12,fever,8
opd_000890,loc_004,2026-08-12,diarrhea,4
opd_000891,loc_004,2026-08-12,cough,3
opd_000892,loc_004,2026-08-12,rash,1
opd_000893,loc_004,2026-08-13,fever,4
opd_000894,loc_004,2026-08-13,diarrhea,4
opd_000895,loc_004,2026-08-13,cough,6
opd_000896,loc_004,2026-08-13,rash,2
opd_000897,loc_004,2026-08-14,fever,8
opd_000898,loc_004,2026-08-14,diarrhea,4
opd_000899,loc_004,2026-08-14,cough,2
opd_000900,loc_004,2026-08-14,rash,0
opd_000901,loc_004,2026-08-15,fever,4
opd_000902,loc_004,2026-08-15,diarrhea,5
opd_000903,loc_004,2026-08-15,cough,5
opd_000904,loc_004,2026-08-15,rash,0
opd_000905,loc_004,2026-08-16,fever,8
opd_000906,loc_004,2026-08-16,diarrhea,3
opd_000907,loc_004,2026-08-16,cough,2
opd_000908,loc_004,2026-08-16,rash,2
opd_000909,loc_004,2026-08-17,fever,6
opd_000910,loc_004,2026-08-17,diarrhea,5
opd_000911,loc_004,2026-08-17,cough,5
opd_000912,loc_004,2026-08-17,rash,3
opd_000913,loc_004,2026-08-18,fever,4
opd_000914,loc_004,2026-08-18,diarrhea,2
opd_000915,loc_004,2026-08-18,cough,2
opd_000916,loc_004,2026-08-18,rash,0
opd_000917,loc_004,2026-08-19,fever,4
opd_000918,loc_004,2026-08-19,diarrhea,5
opd_000919,loc_004,2026-08-19,cough,4
opd_000920,loc_004,2026-08-19,rash,1
opd_000921,loc_004,2026-08-20,fever,6
opd_000922,loc_004,2026-08-20,diarrhea,5
opd_000923,loc_004,2026-08-20,cough,6
opd_000924,loc_004,2026-08-20,rash,0
opd_000925,loc_004,2026-08-21,fever,7
opd_000926,loc_004,2026-08-21,diarrhea,2
opd_000927,loc_004,2026-08-21,cough,2
opd_000928,loc_004,2026-08-21,rash,3
opd_000929,loc_004,2026-08-22,fever,4
opd_000930,loc_004,2026-08-22,diarrhea,6
opd_000931,loc_004,2026-08-22,cough,4
opd_000932,loc_004,2026-08-22,rash,1
opd_000933,loc_004,2026-08-23,fever,7
opd_000934,loc_004,2026-08-23,diarrhea,4
opd_000935,loc_004,2026-08-23,cough,3
opd_000936,loc_004,2026-08-23,rash,1
opd_000937,loc_004,2026-08-24,fever,5
opd_000938,loc_004,2026-08-24,diarrhea,4
opd_000939,loc_004,2026-08-24,cough,2
opd_000940,loc_004,2026-08-24,rash,2
opd_000941,loc_004,2026-08-25,fever,6
opd_000942,loc_004,2026-08-25,diarrhea,6
opd_000943,loc_004,2026-08-25,cough,6
opd_000944,loc_004,2026-08-25,rash,2
opd_000945,loc_004,2026-08-26,fever,8
opd_000946,loc_004,2026-08-26,diarrhea,5
opd_000947,loc_004,2026-08-26,cough,3
opd_000948,loc_004,2026-08-26,rash,1
opd_000949,loc_004,2026-08-27,fever,8
opd_000950,loc_004,2026-08-27,diarrhea,4
opd_000951,loc_004,2026-08-27,cough,3
opd_000952,loc_004,2026-08-27,rash,2
opd_000953,loc_004,2026-08-28,fever,5
opd_000954,loc_004,2026-08-28,diarrhea,4
opd_000955,loc_004,2026-08-28,cough,6
opd_000956,loc_004,2026-08-28,rash,0
opd_000957,loc_004,2026-08-29,fever,8
opd_000958,loc_004,2026-08-29,diarrhea,5
opd_000959,loc_004,2026-08-29,cough,3
opd_000960,loc_004,2026-08-29,rash,3
opd_000961,loc_005,2026-07-01,fever,8
opd_000962,loc_005,2026-07-01,diarrhea,4
opd_000963,loc_005,2026-07-01,cough,4
opd_000964,loc_005,2026-07-01,rash,1
opd_000965,loc_005,2026-07-02,fever,5
opd_000966,loc_005,2026-07-02,diarrhea,5
opd_000967,loc_005,2026-07-02,cough,5
opd_000968,loc_005,2026-07-02,rash,3
opd_000969,loc_005,2026-07-03,fever,8
opd_000970,loc_005,2026-07-03,diarrhea,2
opd_000971,loc_005,2026-07-03,cough,3
opd_000972,loc_005,2026-07-03,rash,0
opd_000973,loc_005,2026-07-04,fever,6
opd_000974,loc_005,2026-07-04,diarrhea,2
opd_000975,loc_005,2026-07-04,cough,5
opd_000976,loc_005,2026-07-04,rash,1
opd_000977,loc_005,2026-07-05,fever,8
opd_000978,loc_005,2026-07-05,diarrhea,6
opd_000979,loc_005,2026-07-05,cough,6
opd_000980,loc_005,2026-07-05,rash,0
opd_000981,loc_005,2026-07-06,fever,6
opd_000982,loc_005,2026-07-06,diarrhea,2
opd_000983,loc_005,2026-07-06,cough,4
opd_000984,loc_005,2026-07-06,rash,0
opd_000985,loc_005,2026-07-07,fever,5
opd_000986,loc_005,2026-07-07,diarrhea,2
opd_000987,loc_005,2026-07-07,cough,3
opd_000988,loc_005,2026-07-07,rash,2
opd_000989,loc_005,2026-07-08,fever,7
opd_000990,loc_005,2026-07-08,diarrhea,6
opd_000991,loc_005,2026-07-08,cough,3
opd_000992,loc_005,2026-07-08,rash,3
opd_000993,loc_005,2026-07-09,fever,6
opd_000994,loc_005,2026-07-09,diarrhea,2
opd_000995,loc_005,2026-07-09,cough,3
opd_000996,loc_005,2026-07-09,rash,0
opd_000997,loc_005,2026-07-10,fever,8
opd_000998,loc_005,2026-07-10,diarrhea,4
opd_000999,loc_005,2026-07-10,cough,5
opd_001000,loc_005,2026-07-10,rash,3
opd_001001,loc_005,2026-07-11,fever,6
opd_001002,loc_005,2026-07-11,diarrhea,3
opd_001003,loc_005,2026-07-11,cough,5
opd_001004,loc_005,2026-07-11,rash,2
opd_001005,loc_005,2026-07-12,fever,7
opd_001006,loc_005,2026-07-12,diarrhea,3
opd_001007,loc_005,2026-07-12,cough,6
opd_001008,loc_005,2026-07-12,rash,2
opd_001009,loc_005,2026-07-13,fever,8
opd_001010,loc_005,2026-07-13,diarrhea,5
opd_001011,loc_005,2026-07-13,cough,2
opd_001012,loc_005,2026-07-13,rash,2
opd_001013,loc_005,2026-07-14,fever,4
opd_001014,loc_005,2026-07-14,diarrhea,4
opd_001015,loc_005,2026-07-14,cough,5
opd_001016,loc_005,2026-07-14,rash,3
opd_001017,loc_005,2026-07-15,fever,7
opd_001018,loc_005,2026-07-15,diarrhea,3
opd_001019,loc_005,2026-07-15,cough,4
opd_001020,loc_005,2026-07-15,rash,0
opd_001021,loc_005,2026-07-16,fever,5
opd_001022,loc_005,2026-07-16,diarrhea,4
opd_001023,loc_005,2026-07-16,cough,3
opd_001024,loc_005,2026-07-16,rash,2
opd_001025,loc_005,2026-07-17,fever,6
opd_001026,loc_005,2026-07-17,diarrhea,2
opd_001027,loc_005,2026-07-17,cough,5
opd_001028,loc_005,2026-07-17,rash,3
opd_001029,loc_005,2026-07-18,fever,6
opd_001030,loc_005,2026-07-18,diarrhea,3
opd_001031,loc_005,2026-07-18,cough,4
opd_001032,loc_005,2026-07-18,rash,0
opd_001033,loc_005,2026-07-19,fever,4
opd_001034,loc_005,2026-07-19,diarrhea,5
opd_001035,loc_005,2026-07-19,cough,4
opd_001036,loc_005,2026-07-19,rash,0
opd_001037,loc_005,2026-07-20,fever,7
opd_001038,loc_005,2026-07-20,diarrhea,2
opd_001039,loc_005,2026-07-20,cough,2
opd_001040,loc_005,2026-07-20,rash,2
opd_001041,loc_005,2026-07-21,fever,5
opd_001042,loc_005,2026-07-21,diarrhea,5
opd_001043,loc_005,2026-07-21,cough,3
opd_001044,loc_005,2026-07-21,rash,0
opd_001045,loc_005,2026-07-22,fever,6
opd_001046,loc_005,2026-07-22,diarrhea,5
opd_001047,loc_005,2026-07-22,cough,3
opd_001048,loc_005,2026-07-22,rash,0
opd_001049,loc_005,2026-07-23,fever,4
opd_001050,loc_005,2026-07-23,diarrhea,3
opd_001051,loc_005,2026-07-23,cough,3
opd_001052,loc_005,2026-07-23,rash,0
opd_001053,loc_005,2026-07-24,fever,8
opd_001054,loc_005,2026-07-24,diarrhea,2
opd_001055,loc_005,2026-07-24,cough,4
opd_001056,loc_005,2026-07-24,rash,3
opd_001057,loc_005,2026-07-25,fever,8
opd_001058,loc_005,2026-07-25,diarrhea,5
opd_001059,loc_005,2026-07-25,cough,6
opd_001060,loc_005,2026-07-25,rash,0
opd_001061,loc_005,2026-07-26,fever,6
opd_001062,loc_005,2026-07-26,diarrhea,3
opd_001063,loc_005,2026-07-26,cough,6
opd_001064,loc_005,2026-07-26,rash,1
opd_001065,loc_005,2026-07-27,fever,7
opd_001066,loc_005,2026-07-27,diarrhea,3
opd_001067,loc_005,2026-07-27,cough,6
opd_001068,loc_005,2026-07-27,rash,1
opd_001069,loc_005,2026-07-28,fever,6
opd_001070,loc_005,2026-07-28,diarrhea,4
opd_001071,loc_005,2026-07-28,cough,2
opd_001072,loc_005,2026-07-28,rash,0
opd_001073,loc_005,2026-07-29,fever,7
opd_001074,loc_005,2026-07-29,diarrhea,2
opd_001075,loc_005,2026-07-29,cough,2
opd_001076,loc_005,2026-07-29,rash,2
opd_001077,loc_005,2026-07-30,fever,7
opd_001078,loc_005,2026-07-30,diarrhea,6
opd_001079,loc_005,2026-07-30,cough,4
opd_001080,loc_005,2026-07-30,rash,0
opd_001081,loc_005,2026-07-31,fever,4
opd_001082,loc_005,2026-07-31,diarrhea,5
opd_001083,loc_005,2026-07-31,cough,2
opd_001084,loc_005,2026-07-31,rash,2
opd_001085,loc_005,2026-08-01,fever,6
opd_001086,loc_005,2026-08-01,diarrhea,2
opd_001087,loc_005,2026-08-01,cough,4
opd_001088,loc_005,2026-08-01,rash,3
opd_001089,loc_005,2026-08-02,fever,4
opd_001090,loc_005,2026-08-02,diarrhea,2
opd_001091,loc_005,2026-08-02,cough,2
opd_001092,loc_005,2026-08-02,rash,0
opd_001093,loc_005,2026-08-03,fever,7
opd_001094,loc_005,2026-08-03,diarrhea,3
opd_001095,loc_005,2026-08-03,cough,6
opd_001096,loc_005,2026-08-03,rash,0
opd_001097,loc_005,2026-08-04,fever,5
opd_001098,loc_005,2026-08-04,diarrhea,3
opd_001099,loc_005,2026-08-04,cough,6
opd_001100,loc_005,2026-08-04,rash,2
opd_001101,loc_005,2026-08-05,fever,5
opd_001102,loc_005,2026-08-05,diarrhea,4
opd_001103,loc_005,2026-08-05,cough,2
opd_001104,loc_005,2026-08-05,rash,3
opd_001105,loc_005,2026-08-06,fever,5
opd_001106,loc_005,2026-08-06,diarrhea,4
opd_001107,loc_005,2026-08-06,cough,3
opd_001108,loc_005,2026-08-06,rash,0
opd_001109,loc_005,2026-08-07,fever,8
opd_001110,loc_005,2026-08-07,diarrhea,6
opd_001111,loc_005,2026-08-07,cough,5
opd_001112,loc_005,2026-08-07,rash,0
opd_001113,loc_005,2026-08-08,fever,6
opd_001114,loc_005,2026-08-08,diarrhea,4
opd_001115,loc_005,2026-08-08,cough,2
opd_001116,loc_005,2026-08-08,rash,2
opd_001117,loc_005,2026-08-09,fever,7
opd_001118,loc_005,2026-08-09,diarrhea,4
opd_001119,loc_005,2026-08-09,cough,4
opd_001120,loc_005,2026-08-09,rash,1
opd_001121,loc_005,2026-08-10,fever,7
opd_001122,loc_005,2026-08-10,diarrhea,6
opd_001123,loc_005,2026-08-10,cough,4
opd_001124,loc_005,2026-08-10,rash,3
opd_001125,loc_005,2026-08-11,fever,4
opd_001126,loc_005,2026-08-11,diarrhea,2
opd_001127,loc_005,2026-08-11,cough,4
opd_001128,loc_005,2026-08-11,rash,0
opd_001129,loc_005,2026-08-12,fever,8
opd_001130,loc_005,2026-08-12,diarrhea,6
opd_001131,loc_005,2026-08-12,cough,5
opd_001132,loc_005,2026-08-12,rash,3
opd_001133,loc_005,2026-08-13,fever,8
opd_001134,loc_005,2026-08-13,diarrhea,4
opd_001135,loc_005,2026-08-13,cough,4
opd_001136,loc_005,2026-08-13,rash,0
opd_001137,loc_005,2026-08-14,fever,7
opd_001138,loc_005,2026-08-14,diarrhea,4
opd_001139,loc_005,2026-08-14,cough,5
opd_001140,loc_005,2026-08-14,rash,1
opd_001141,loc_005,2026-08-15,fever,8
opd_001142,loc_005,2026-08-15,diarrhea,4
opd_001143,loc_005,2026-08-15,cough,4
opd_001144,loc_005,2026-08-15,rash,0
opd_001145,loc_005,2026-08-16,fever,7
opd_001146,loc_005,2026-08-16,diarrhea,4
opd_001147,loc_005,2026-08-16,cough,6
opd_001148,loc_005,2026-08-16,rash,0
opd_001149,loc_005,2026-08-17,fever,6
opd_001150,loc_005,2026-08-17,diarrhea,5
opd_001151,loc_005,2026-08-17,cough,5
opd_001152,loc_005,2026-08-17,rash,3
opd_001153,loc_005,2026-08-18,fever,8
opd_001154,loc_005,2026-08-18,diarrhea,2
opd_001155,loc_005,2026-08-18,cough,6
opd_001156,loc_005,2026-08-18,rash,1
opd_001157,loc_005,2026-08-19,fever,5
opd_001158,loc_005,2026-08-19,diarrhea,4
opd_001159,loc_005,2026-08-19,cough,3
opd_001160,loc_005,2026-08-19,rash,3
opd_001161,loc_005,2026-08-20,fever,5
opd_001162,loc_005,2026-08-20,diarrhea,3
opd_001163,loc_005,2026-08-20,cough,3
opd_001164,loc_005,2026-08-20,rash,1
opd_001165,loc_005,2026-08-21,fever,4
opd_001166,loc_005,2026-08-21,diarrhea,4
opd_001167,loc_005,2026-08-21,cough,6
opd_001168,loc_005,2026-08-21,rash,0
opd_001169,loc_005,2026-08-22,fever,6
opd_001170,loc_005,2026-08-22,diarrhea,6
opd_001171,loc_005,2026-08-22,cough,6
opd_001172,loc_005,2026-08-22,rash,1
opd_001173,loc_005,2026-08-23,fever,5
opd_001174,loc_005,2026-08-23,diarrhea,4
opd_001175,loc_005,2026-08-23,cough,3
opd_001176,loc_005,2026-08-23,rash,3
opd_001177,loc_005,2026-08-24,fever,7
opd_001178,loc_005,2026-08-24,diarrhea,3
opd_001179,loc_005,2026-08-24,cough,4
opd_001180,loc_005,2026-08-24,rash,0
opd_001181,loc_005,2026-08-25,fever,7
opd_001182,loc_005,2026-08-25,diarrhea,6
opd_001183,loc_005,2026-08-25,cough,2
opd_001184,loc_005,2026-08-25,rash,0
opd_001185,loc_005,2026-08-26,fever,6
opd_001186,loc_005,2026-08-26,diarrhea,5
opd_001187,loc_005,2026-08-26,cough,3
opd_001188,loc_005,2026-08-26,rash,1
opd_001189,loc_005,2026-08-27,fever,6
opd_001190,loc_005,2026-08-27,diarrhea,4
opd_001191,loc_005,2026-08-27,cough,3
opd_001192,loc_005,2026-08-27,rash,0
opd_001193,loc_005,2026-08-28,fever,7
opd_001194,loc_005,2026-08-28,diarrhea,2
opd_001195,loc_005,2026-08-28,cough,4
opd_001196,loc_005,2026-08-28,rash,0
opd_001197,loc_005,2026-08-29,fever,5
opd_001198,loc_005,2026-08-29,diarrhea,6
opd_001199,loc_005,2026-08-29,cough,6
opd_001200,loc_005,2026-08-29,rash,1
opd_001201,loc_006,2026-07-01,fever,6
opd_001202,loc_006,2026-07-01,diarrhea,2
opd_001203,loc_006,2026-07-01,cough,4
opd_001204,loc_006,2026-07-01,rash,0
opd_001205,loc_006,2026-07-02,fever,8
opd_001206,loc_006,2026-07-02,diarrhea,6
opd_001207,loc_006,2026-07-02,cough,6
opd_001208,loc_006,2026-07-02,rash,0
opd_001209,loc_006,2026-07-03,fever,4
opd_001210,loc_006,2026-07-03,diarrhea,2
opd_001211,loc_006,2026-07-03,cough,3
opd_001212,loc_006,2026-07-03,rash,0
opd_001213,loc_006,2026-07-04,fever,4
opd_001214,loc_006,2026-07-04,diarrhea,4
opd_001215,loc_006,2026-07-04,cough,3
opd_001216,loc_006,2026-07-04,rash,3
opd_001217,loc_006,2026-07-05,fever,8
opd_001218,loc_006,2026-07-05,diarrhea,5
opd_001219,loc_006,2026-07-05,cough,5
opd_001220,loc_006,2026-07-05,rash,0
opd_001221,loc_006,2026-07-06,fever,6
opd_001222,loc_006,2026-07-06,diarrhea,3
opd_001223,loc_006,2026-07-06,cough,2
opd_001224,loc_006,2026-07-06,rash,0
opd_001225,loc_006,2026-07-07,fever,4
opd_001226,loc_006,2026-07-07,diarrhea,6
opd_001227,loc_006,2026-07-07,cough,4
opd_001228,loc_006,2026-07-07,rash,1
opd_001229,loc_006,2026-07-08,fever,5
opd_001230,loc_006,2026-07-08,diarrhea,2
opd_001231,loc_006,2026-07-08,cough,3
opd_001232,loc_006,2026-07-08,rash,0
opd_001233,loc_006,2026-07-09,fever,5
opd_001234,loc_006,2026-07-09,diarrhea,2
opd_001235,loc_006,2026-07-09,cough,6
opd_001236,loc_006,2026-07-09,rash,2
opd_001237,loc_006,2026-07-10,fever,7
opd_001238,loc_006,2026-07-10,diarrhea,4
opd_001239,loc_006,2026-07-10,cough,2
opd_001240,loc_006,2026-07-10,rash,2
opd_001241,loc_006,2026-07-11,fever,8
opd_001242,loc_006,2026-07-11,diarrhea,2
opd_001243,loc_006,2026-07-11,cough,6
opd_001244,loc_006,2026-07-11,rash,3
opd_001245,loc_006,2026-07-12,fever,4
opd_001246,loc_006,2026-07-12,diarrhea,3
opd_001247,loc_006,2026-07-12,cough,5
opd_001248,loc_006,2026-07-12,rash,2
opd_001249,loc_006,2026-07-13,fever,7
opd_001250,loc_006,2026-07-13,diarrhea,2
opd_001251,loc_006,2026-07-13,cough,6
opd_001252,loc_006,2026-07-13,rash,1
opd_001253,loc_006,2026-07-14,fever,7
opd_001254,loc_006,2026-07-14,diarrhea,4
opd_001255,loc_006,2026-07-14,cough,3
opd_001256,loc_006,2026-07-14,rash,1
opd_001257,loc_006,2026-07-15,fever,4
opd_001258,loc_006,2026-07-15,diarrhea,6
opd_001259,loc_006,2026-07-15,cough,6
opd_001260,loc_006,2026-07-15,rash,0
opd_001261,loc_006,2026-07-16,fever,6
opd_001262,loc_006,2026-07-16,diarrhea,2
opd_001263,loc_006,2026-07-16,cough,4
opd_001264,loc_006,2026-07-16,rash,0
opd_001265,loc_006,2026-07-17,fever,7
opd_001266,loc_006,2026-07-17,diarrhea,5
opd_001267,loc_006,2026-07-17,cough,4
opd_001268,loc_006,2026-07-17,rash,3
opd_001269,loc_006,2026-07-18,fever,6
opd_001270,loc_006,2026-07-18,diarrhea,5
opd_001271,loc_006,2026-07-18,cough,6
opd_001272,loc_006,2026-07-18,rash,1
opd_001273,loc_006,2026-07-19,fever,6
opd_001274,loc_006,2026-07-19,diarrhea,2
opd_001275,loc_006,2026-07-19,cough,3
opd_001276,loc_006,2026-07-19,rash,1
opd_001277,loc_006,2026-07-20,fever,5
opd_001278,loc_006,2026-07-20,diarrhea,4
opd_001279,loc_006,2026-07-20,cough,3
opd_001280,loc_006,2026-07-20,rash,0
opd_001281,loc_006,2026-07-21,fever,6
opd_001282,loc_006,2026-07-21,diarrhea,6
opd_001283,loc_006,2026-07-21,cough,6
opd_001284,loc_006,2026-07-21,rash,0
opd_001285,loc_006,2026-07-22,fever,6
opd_001286,loc_006,2026-07-22,diarrhea,4
opd_001287,loc_006,2026-07-22,cough,6
opd_001288,loc_006,2026-07-22,rash,3
opd_001289,loc_006,2026-07-23,fever,8
opd_001290,loc_006,2026-07-23,diarrhea,5
opd_001291,loc_006,2026-07-23,cough,6
opd_001292,loc_006,2026-07-23,rash,3
opd_001293,loc_006,2026-07-24,fever,4
opd_001294,loc_006,2026-07-24,diarrhea,2
opd_001295,loc_006,2026-07-24,cough,4
opd_001296,loc_006,2026-07-24,rash,0
opd_001297,loc_006,2026-07-25,fever,5
opd_001298,loc_006,2026-07-25,diarrhea,3
opd_001299,loc_006,2026-07-25,cough,4
opd_001300,loc_006,2026-07-25,rash,1
opd_001301,loc_006,2026-07-26,fever,4
opd_001302,loc_006,2026-07-26,diarrhea,2
opd_001303,loc_006,2026-07-26,cough,3
opd_001304,loc_006,2026-07-26,rash,1
opd_001305,loc_006,2026-07-27,fever,7
opd_001306,loc_006,2026-07-27,diarrhea,4
opd_001307,loc_006,2026-07-27,cough,2
opd_001308,loc_006,2026-07-27,rash,0
opd_001309,loc_006,2026-07-28,fever,6
opd_001310,loc_006,2026-07-28,diarrhea,4
opd_001311,loc_006,2026-07-28,cough,2
opd_001312,loc_006,2026-07-28,rash,0
opd_001313,loc_006,2026-07-29,fever,4
opd_001314,loc_006,2026-07-29,diarrhea,4
opd_001315,loc_006,2026-07-29,cough,6
opd_001316,loc_006,2026-07-29,rash,0
opd_001317,loc_006,2026-07-30,fever,4
opd_001318,loc_006,2026-07-30,diarrhea,3
opd_001319,loc_006,2026-07-30,cough,6
opd_001320,loc_006,2026-07-30,rash,2
opd_001321,loc_006,2026-07-31,fever,6
opd_001322,loc_006,2026-07-31,diarrhea,6
opd_001323,loc_006,2026-07-31,cough,4
opd_001324,loc_006,2026-07-31,rash,2
opd_001325,loc_006,2026-08-01,fever,6
opd_001326,loc_006,2026-08-01,diarrhea,2
opd_001327,loc_006,2026-08-01,cough,2
opd_001328,loc_006,2026-08-01,rash,0
opd_001329,loc_006,2026-08-02,fever,6
opd_001330,loc_006,2026-08-02,diarrhea,6
opd_001331,loc_006,2026-08-02,cough,2
opd_001332,loc_006,2026-08-02,rash,0
opd_001333,loc_006,2026-08-03,fever,5
opd_001334,loc_006,2026-08-03,diarrhea,5
opd_001335,loc_006,2026-08-03,cough,3
opd_001336,loc_006,2026-08-03,rash,1
opd_001337,loc_006,2026-08-04,fever,5
opd_001338,loc_006,2026-08-04,diarrhea,5
opd_001339,loc_006,2026-08-04,cough,2
opd_001340,loc_006,2026-08-04,rash,2
opd_001341,loc_006,2026-08-05,fever,4
opd_001342,loc_006,2026-08-05,diarrhea,3
opd_001343,loc_006,2026-08-05,cough,5
opd_001344,loc_006,2026-08-05,rash,3
opd_001345,loc_006,2026-08-06,fever,8
opd_001346,loc_006,2026-08-06,diarrhea,3
opd_001347,loc_006,2026-08-06,cough,6
opd_001348,loc_006,2026-08-06,rash,0
opd_001349,loc_006,2026-08-07,fever,8
opd_001350,loc_006,2026-08-07,diarrhea,2
opd_001351,loc_006,2026-08-07,cough,6
opd_001352,loc_006,2026-08-07,rash,0
opd_001353,loc_006,2026-08-08,fever,7
opd_001354,loc_006,2026-08-08,diarrhea,6
opd_001355,loc_006,2026-08-08,cough,6
opd_001356,loc_006,2026-08-08,rash,3
opd_001357,loc_006,2026-08-09,fever,8
opd_001358,loc_006,2026-08-09,diarrhea,6
opd_001359,loc_006,2026-08-09,cough,6
opd_001360,loc_006,2026-08-09,rash,0
opd_001361,loc_006,2026-08-10,fever,6
opd_001362,loc_006,2026-08-10,diarrhea,6
opd_001363,loc_006,2026-08-10,cough,5
opd_001364,loc_006,2026-08-10,rash,0
opd_001365,loc_006,2026-08-11,fever,4
opd_001366,loc_006,2026-08-11,diarrhea,4
opd_001367,loc_006,2026-08-11,cough,2
opd_001368,loc_006,2026-08-11,rash,3
opd_001369,loc_006,2026-08-12,fever,6
opd_001370,loc_006,2026-08-12,diarrhea,4
opd_001371,loc_006,2026-08-12,cough,2
opd_001372,loc_006,2026-08-12,rash,2
opd_001373,loc_006,2026-08-13,fever,7
opd_001374,loc_006,2026-08-13,diarrhea,3
opd_001375,loc_006,2026-08-13,cough,3
opd_001376,loc_006,2026-08-13,rash,3
opd_001377,loc_006,2026-08-14,fever,8
opd_001378,loc_006,2026-08-14,diarrhea,3
opd_001379,loc_006,2026-08-14,cough,4
opd_001380,loc_006,2026-08-14,rash,1
opd_001381,loc_006,2026-08-15,fever,7
opd_001382,loc_006,2026-08-15,diarrhea,4
opd_001383,loc_006,2026-08-15,cough,4
opd_001384,loc_006,2026-08-15,rash,1
opd_001385,loc_006,2026-08-16,fever,4
opd_001386,loc_006,2026-08-16,diarrhea,4
opd_001387,loc_006,2026-08-16,cough,3
opd_001388,loc_006,2026-08-16,rash,0
opd_001389,loc_006,2026-08-17,fever,7
opd_001390,loc_006,2026-08-17,diarrhea,5
opd_001391,loc_006,2026-08-17,cough,3
opd_001392,loc_006,2026-08-17,rash,0
opd_001393,loc_006,2026-08-18,fever,8
opd_001394,loc_006,2026-08-18,diarrhea,3
opd_001395,loc_006,2026-08-18,cough,4
opd_001396,loc_006,2026-08-18,rash,2
opd_001397,loc_006,2026-08-19,fever,4
opd_001398,loc_006,2026-08-19,diarrhea,6
opd_001399,loc_006,2026-08-19,cough,4
opd_001400,loc_006,2026-08-19,rash,0
opd_001401,loc_006,2026-08-20,fever,5
opd_001402,loc_006,2026-08-20,diarrhea,6
opd_001403,loc_006,2026-08-20,cough,2
opd_001404,loc_006,2026-08-20,rash,2
opd_001405,loc_006,2026-08-21,fever,5
opd_001406,loc_006,2026-08-21,diarrhea,6
opd_001407,loc_006,2026-08-21,cough,2
opd_001408,loc_006,2026-08-21,rash,1
opd_001409,loc_006,2026-08-22,fever,8
opd_001410,loc_006,2026-08-22,diarrhea,4
opd_001411,loc_006,2026-08-22,cough,5
opd_001412,loc_006,2026-08-22,rash,0
opd_001413,loc_006,2026-08-23,fever,5
opd_001414,loc_006,2026-08-23,diarrhea,2
opd_001415,loc_006,2026-08-23,cough,3
opd_001416,loc_006,2026-08-23,rash,0
opd_001417,loc_006,2026-08-24,fever,7
opd_001418,loc_006,2026-08-24,diarrhea,6
opd_001419,loc_006,2026-08-24,cough,2
opd_001420,loc_006,2026-08-24,rash,2
opd_001421,loc_006,2026-08-25,fever,8
opd_001422,loc_006,2026-08-25,diarrhea,4
opd_001423,loc_006,2026-08-25,cough,2
opd_001424,loc_006,2026-08-25,rash,2
opd_001425,loc_006,2026-08-26,fever,7
opd_001426,loc_006,2026-08-26,diarrhea,4
opd_001427,loc_006,2026-08-26,cough,6
opd_001428,loc_006,2026-08-26,rash,0
opd_001429,loc_006,2026-08-27,fever,6
opd_001430,loc_006,2026-08-27,diarrhea,4
opd_001431,loc_006,2026-08-27,cough,6
opd_001432,loc_006,2026-08-27,rash,3
opd_001433,loc_006,2026-08-28,fever,5
opd_001434,loc_006,2026-08-28,diarrhea,3
opd_001435,loc_006,2026-08-28,cough,3
opd_001436,loc_006,2026-08-28,rash,1
opd_001437,loc_006,2026-08-29,fever,4
opd_001438,loc_006,2026-08-29,diarrhea,4
opd_001439,loc_006,2026-08-29,cough,2
opd_001440,loc_006,2026-08-29,rash,0
opd_001441,loc_007,2026-07-01,fever,7
opd_001442,loc_007,2026-07-01,diarrhea,5
opd_001443,loc_007,2026-07-01,cough,2
opd_001444,loc_007,2026-07-01,rash,2
opd_001445,loc_007,2026-07-02,fever,6
opd_001446,loc_007,2026-07-02,diarrhea,5
opd_001447,loc_007,2026-07-02,cough,4
opd_001448,loc_007,2026-07-02,rash,2
opd_001449,loc_007,2026-07-03,fever,7
opd_001450,loc_007,2026-07-03,diarrhea,6
opd_001451,loc_007,2026-07-03,cough,4
opd_001452,loc_007,2026-07-03,rash,3
opd_001453,loc_007,2026-07-04,fever,7
opd_001454,loc_007,2026-07-04,diarrhea,6
opd_001455,loc_007,2026-07-04,cough,3
opd_001456,loc_007,2026-07-04,rash,0
opd_001457,loc_007,2026-07-05,fever,4
opd_001458,loc_007,2026-07-05,diarrhea,3
opd_001459,loc_007,2026-07-05,cough,5
opd_001460,loc_007,2026-07-05,rash,0
opd_001461,loc_007,2026-07-06,fever,4
opd_001462,loc_007,2026-07-06,diarrhea,5
opd_001463,loc_007,2026-07-06,cough,5
opd_001464,loc_007,2026-07-06,rash,0
opd_001465,loc_007,2026-07-07,fever,6
opd_001466,loc_007,2026-07-07,diarrhea,3
opd_001467,loc_007,2026-07-07,cough,4
opd_001468,loc_007,2026-07-07,rash,0
opd_001469,loc_007,2026-07-08,fever,7
opd_001470,loc_007,2026-07-08,diarrhea,3
opd_001471,loc_007,2026-07-08,cough,5
opd_001472,loc_007,2026-07-08,rash,2
opd_001473,loc_007,2026-07-09,fever,4
opd_001474,loc_007,2026-07-09,diarrhea,4
opd_001475,loc_007,2026-07-09,cough,2
opd_001476,loc_007,2026-07-09,rash,0
opd_001477,loc_007,2026-07-10,fever,4
opd_001478,loc_007,2026-07-10,diarrhea,3
opd_001479,loc_007,2026-07-10,cough,6
opd_001480,loc_007,2026-07-10,rash,0
opd_001481,loc_007,2026-07-11,fever,8
opd_001482,loc_007,2026-07-11,diarrhea,4
opd_001483,loc_007,2026-07-11,cough,4
opd_001484,loc_007,2026-07-11,rash,1
opd_001485,loc_007,2026-07-12,fever,8
opd_001486,loc_007,2026-07-12,diarrhea,5
opd_001487,loc_007,2026-07-12,cough,6
opd_001488,loc_007,2026-07-12,rash,0
opd_001489,loc_007,2026-07-13,fever,5
opd_001490,loc_007,2026-07-13,diarrhea,6
opd_001491,loc_007,2026-07-13,cough,4
opd_001492,loc_007,2026-07-13,rash,2
opd_001493,loc_007,2026-07-14,fever,8
opd_001494,loc_007,2026-07-14,diarrhea,2
opd_001495,loc_007,2026-07-14,cough,5
opd_001496,loc_007,2026-07-14,rash,1
opd_001497,loc_007,2026-07-15,fever,8
opd_001498,loc_007,2026-07-15,diarrhea,4
opd_001499,loc_007,2026-07-15,cough,3
opd_001500,loc_007,2026-07-15,rash,0
opd_001501,loc_007,2026-07-16,fever,5
opd_001502,loc_007,2026-07-16,diarrhea,3
opd_001503,loc_007,2026-07-16,cough,2
opd_001504,loc_007,2026-07-16,rash,1
opd_001505,loc_007,2026-07-17,fever,5
opd_001506,loc_007,2026-07-17,diarrhea,5
opd_001507,loc_007,2026-07-17,cough,3
opd_001508,loc_007,2026-07-17,rash,1
opd_001509,loc_007,2026-07-18,fever,4
opd_001510,loc_007,2026-07-18,diarrhea,2
opd_001511,loc_007,2026-07-18,cough,6
opd_001512,loc_007,2026-07-18,rash,3
opd_001513,loc_007,2026-07-19,fever,5
opd_001514,loc_007,2026-07-19,diarrhea,4
opd_001515,loc_007,2026-07-19,cough,5
opd_001516,loc_007,2026-07-19,rash,3
opd_001517,loc_007,2026-07-20,fever,5
opd_001518,loc_007,2026-07-20,diarrhea,5
opd_001519,loc_007,2026-07-20,cough,5
opd_001520,loc_007,2026-07-20,rash,0
opd_001521,loc_007,2026-07-21,fever,7
opd_001522,loc_007,2026-07-21,diarrhea,2
opd_001523,loc_007,2026-07-21,cough,4
opd_001524,loc_007,2026-07-21,rash,1
opd_001525,loc_007,2026-07-22,fever,7
opd_001526,loc_007,2026-07-22,diarrhea,3
opd_001527,loc_007,2026-07-22,cough,2
opd_001528,loc_007,2026-07-22,rash,1
opd_001529,loc_007,2026-07-23,fever,7
opd_001530,loc_007,2026-07-23,diarrhea,5
opd_001531,loc_007,2026-07-23,cough,4
opd_001532,loc_007,2026-07-23,rash,3
opd_001533,loc_007,2026-07-24,fever,5
opd_001534,loc_007,2026-07-24,diarrhea,6
opd_001535,loc_007,2026-07-24,cough,5
opd_001536,loc_007,2026-07-24,rash,1
opd_001537,loc_007,2026-07-25,fever,4
opd_001538,loc_007,2026-07-25,diarrhea,6
opd_001539,loc_007,2026-07-25,cough,4
opd_001540,loc_007,2026-07-25,rash,1
opd_001541,loc_007,2026-07-26,fever,8
opd_001542,loc_007,2026-07-26,diarrhea,5
opd_001543,loc_007,2026-07-26,cough,5
opd_001544,loc_007,2026-07-26,rash,0
opd_001545,loc_007,2026-07-27,fever,4
opd_001546,loc_007,2026-07-27,diarrhea,3
opd_001547,loc_007,2026-07-27,cough,6
opd_001548,loc_007,2026-07-27,rash,2
opd_001549,loc_007,2026-07-28,fever,8
opd_001550,loc_007,2026-07-28,diarrhea,4
opd_001551,loc_007,2026-07-28,cough,2
opd_001552,loc_007,2026-07-28,rash,1
opd_001553,loc_007,2026-07-29,fever,7
opd_001554,loc_007,2026-07-29,diarrhea,5
opd_001555,loc_007,2026-07-29,cough,5
opd_001556,loc_007,2026-07-29,rash,0
opd_001557,loc_007,2026-07-30,fever,8
opd_001558,loc_007,2026-07-30,diarrhea,4
opd_001559,loc_007,2026-07-30,cough,5
opd_001560,loc_007,2026-07-30,rash,3
opd_001561,loc_007,2026-07-31,fever,5
opd_001562,loc_007,2026-07-31,diarrhea,4
opd_001563,loc_007,2026-07-31,cough,5
opd_001564,loc_007,2026-07-31,rash,3
opd_001565,loc_007,2026-08-01,fever,4
opd_001566,loc_007,2026-08-01,diarrhea,2
opd_001567,loc_007,2026-08-01,cough,3
opd_001568,loc_007,2026-08-01,rash,3
opd_001569,loc_007,2026-08-02,fever,8
opd_001570,loc_007,2026-08-02,diarrhea,2
opd_001571,loc_007,2026-08-02,cough,4
opd_001572,loc_007,2026-08-02,rash,0
opd_001573,loc_007,2026-08-03,fever,6
opd_001574,loc_007,2026-08-03,diarrhea,5
opd_001575,loc_007,2026-08-03,cough,5
opd_001576,loc_007,2026-08-03,rash,2
opd_001577,loc_007,2026-08-04,fever,7
opd_001578,loc_007,2026-08-04,diarrhea,5
opd_001579,loc_007,2026-08-04,cough,5
opd_001580,loc_007,2026-08-04,rash,0
opd_001581,loc_007,2026-08-05,fever,8
opd_001582,loc_007,2026-08-05,diarrhea,4
opd_001583,loc_007,2026-08-05,cough,5
opd_001584,loc_007,2026-08-05,rash,0
opd_001585,loc_007,2026-08-06,fever,8
opd_001586,loc_007,2026-08-06,diarrhea,6
opd_001587,loc_007,2026-08-06,cough,5
opd_001588,loc_007,2026-08-06,rash,2
opd_001589,loc_007,2026-08-07,fever,8
opd_001590,loc_007,2026-08-07,diarrhea,6
opd_001591,loc_007,2026-08-07,cough,2
opd_001592,loc_007,2026-08-07,rash,3
opd_001593,loc_007,2026-08-08,fever,4
opd_001594,loc_007,2026-08-08,diarrhea,3
opd_001595,loc_007,2026-08-08,cough,2
opd_001596,loc_007,2026-08-08,rash,2
opd_001597,loc_007,2026-08-09,fever,5
opd_001598,loc_007,2026-08-09,diarrhea,2
opd_001599,loc_007,2026-08-09,cough,2
opd_001600,loc_007,2026-08-09,rash,3
opd_001601,loc_007,2026-08-10,fever,4
opd_001602,loc_007,2026-08-10,diarrhea,5
opd_001603,loc_007,2026-08-10,cough,6
opd_001604,loc_007,2026-08-10,rash,0
opd_001605,loc_007,2026-08-11,fever,4
opd_001606,loc_007,2026-08-11,diarrhea,3
opd_001607,loc_007,2026-08-11,cough,6
opd_001608,loc_007,2026-08-11,rash,0
opd_001609,loc_007,2026-08-12,fever,5
opd_001610,loc_007,2026-08-12,diarrhea,4
opd_001611,loc_007,2026-08-12,cough,2
opd_001612,loc_007,2026-08-12,rash,1
opd_001613,loc_007,2026-08-13,fever,7
opd_001614,loc_007,2026-08-13,diarrhea,5
opd_001615,loc_007,2026-08-13,cough,3
opd_001616,loc_007,2026-08-13,rash,1
opd_001617,loc_007,2026-08-14,fever,7
opd_001618,loc_007,2026-08-14,diarrhea,4
opd_001619,loc_007,2026-08-14,cough,2
opd_001620,loc_007,2026-08-14,rash,3
opd_001621,loc_007,2026-08-15,fever,6
opd_001622,loc_007,2026-08-15,diarrhea,5
opd_001623,loc_007,2026-08-15,cough,4
opd_001624,loc_007,2026-08-15,rash,2
opd_001625,loc_007,2026-08-16,fever,5
opd_001626,loc_007,2026-08-16,diarrhea,6
opd_001627,loc_007,2026-08-16,cough,2
opd_001628,loc_007,2026-08-16,rash,2
opd_001629,loc_007,2026-08-17,fever,4
opd_001630,loc_007,2026-08-17,diarrhea,2
opd_001631,loc_007,2026-08-17,cough,6
opd_001632,loc_007,2026-08-17,rash,2
opd_001633,loc_007,2026-08-18,fever,5
opd_001634,loc_007,2026-08-18,diarrhea,3
opd_001635,loc_007,2026-08-18,cough,4
opd_001636,loc_007,2026-08-18,rash,0
opd_001637,loc_007,2026-08-19,fever,5
opd_001638,loc_007,2026-08-19,diarrhea,3
opd_001639,loc_007,2026-08-19,cough,6
opd_001640,loc_007,2026-08-19,rash,1
opd_001641,loc_007,2026-08-20,fever,6
opd_001642,loc_007,2026-08-20,diarrhea,5
opd_001643,loc_007,2026-08-20,cough,3
opd_001644,loc_007,2026-08-20,rash,0
opd_001645,loc_007,2026-08-21,fever,7
opd_001646,loc_007,2026-08-21,diarrhea,3
opd_001647,loc_007,2026-08-21,cough,6
opd_001648,loc_007,2026-08-21,rash,3
opd_001649,loc_007,2026-08-22,fever,5
opd_001650,loc_007,2026-08-22,diarrhea,2
opd_001651,loc_007,2026-08-22,cough,5
opd_001652,loc_007,2026-08-22,rash,3
opd_001653,loc_007,2026-08-23,fever,5
opd_001654,loc_007,2026-08-23,diarrhea,4
opd_001655,loc_007,2026-08-23,cough,4
opd_001656,loc_007,2026-08-23,rash,0
opd_001657,loc_007,2026-08-24,fever,8
opd_001658,loc_007,2026-08-24,diarrhea,3
opd_001659,loc_007,2026-08-24,cough,4
opd_001660,loc_007,2026-08-24,rash,1
opd_001661,loc_007,2026-08-25,fever,4
opd_001662,loc_007,2026-08-25,diarrhea,3
opd_001663,loc_007,2026-08-25,cough,3
opd_001664,loc_007,2026-08-25,rash,3
opd_001665,loc_007,2026-08-26,fever,5
opd_001666,loc_007,2026-08-26,diarrhea,3
opd_001667,loc_007,2026-08-26,cough,2
opd_001668,loc_007,2026-08-26,rash,2
opd_001669,loc_007,2026-08-27,fever,8
opd_001670,loc_007,2026-08-27,diarrhea,6
opd_001671,loc_007,2026-08-27,cough,6
opd_001672,loc_007,2026-08-27,rash,2
opd_001673,loc_007,2026-08-28,fever,4
opd_001674,loc_007,2026-08-28,diarrhea,6
opd_001675,loc_007,2026-08-28,cough,6
opd_001676,loc_007,2026-08-28,rash,2
opd_001677,loc_007,2026-08-29,fever,6
opd_001678,loc_007,2026-08-29,diarrhea,4
opd_001679,loc_007,2026-08-29,cough,4
opd_001680,loc_007,2026-08-29,rash,0
opd_001681,loc_008,2026-07-01,fever,7
opd_001682,loc_008,2026-07-01,diarrhea,3
opd_001683,loc_008,2026-07-01,cough,2
opd_001684,loc_008,2026-07-01,rash,2
opd_001685,loc_008,2026-07-02,fever,4
opd_001686,loc_008,2026-07-02,diarrhea,4
opd_001687,loc_008,2026-07-02,cough,3
opd_001688,loc_008,2026-07-02,rash,0
opd_001689,loc_008,2026-07-03,fever,5
opd_001690,loc_008,2026-07-03,diarrhea,4
opd_001691,loc_008,2026-07-03,cough,4
opd_001692,loc_008,2026-07-03,rash,0
opd_001693,loc_008,2026-07-04,fever,5
opd_001694,loc_008,2026-07-04,diarrhea,2
opd_001695,loc_008,2026-07-04,cough,6
opd_001696,loc_008,2026-07-04,rash,0
opd_001697,loc_008,2026-07-05,fever,6
opd_001698,loc_008,2026-07-05,diarrhea,5
opd_001699,loc_008,2026-07-05,cough,5
opd_001700,loc_008,2026-07-05,rash,2
opd_001701,loc_008,2026-07-06,fever,4
opd_001702,loc_008,2026-07-06,diarrhea,5
opd_001703,loc_008,2026-07-06,cough,2
opd_001704,loc_008,2026-07-06,rash,2
opd_001705,loc_008,2026-07-07,fever,7
opd_001706,loc_008,2026-07-07,diarrhea,5
opd_001707,loc_008,2026-07-07,cough,5
opd_001708,loc_008,2026-07-07,rash,3
opd_001709,loc_008,2026-07-08,fever,7
opd_001710,loc_008,2026-07-08,diarrhea,6
opd_001711,loc_008,2026-07-08,cough,6
opd_001712,loc_008,2026-07-08,rash,0
opd_001713,loc_008,2026-07-09,fever,5
opd_001714,loc_008,2026-07-09,diarrhea,5
opd_001715,loc_008,2026-07-09,cough,2
opd_001716,loc_008,2026-07-09,rash,0
opd_001717,loc_008,2026-07-10,fever,7
opd_001718,loc_008,2026-07-10,diarrhea,6
opd_001719,loc_008,2026-07-10,cough,5
opd_001720,loc_008,2026-07-10,rash,2
opd_001721,loc_008,2026-07-11,fever,5
opd_001722,loc_008,2026-07-11,diarrhea,3
opd_001723,loc_008,2026-07-11,cough,3
opd_001724,loc_008,2026-07-11,rash,3
opd_001725,loc_008,2026-07-12,fever,7
opd_001726,loc_008,2026-07-12,diarrhea,6
opd_001727,loc_008,2026-07-12,cough,6
opd_001728,loc_008,2026-07-12,rash,3
opd_001729,loc_008,2026-07-13,fever,4
opd_001730,loc_008,2026-07-13,diarrhea,6
opd_001731,loc_008,2026-07-13,cough,2
opd_001732,loc_008,2026-07-13,rash,0
opd_001733,loc_008,2026-07-14,fever,6
opd_001734,loc_008,2026-07-14,diarrhea,2
opd_001735,loc_008,2026-07-14,cough,4
opd_001736,loc_008,2026-07-14,rash,3
opd_001737,loc_008,2026-07-15,fever,7
opd_001738,loc_008,2026-07-15,diarrhea,5
opd_001739,loc_008,2026-07-15,cough,6
opd_001740,loc_008,2026-07-15,rash,2
opd_001741,loc_008,2026-07-16,fever,5
opd_001742,loc_008,2026-07-16,diarrhea,2
opd_001743,loc_008,2026-07-16,cough,5
opd_001744,loc_008,2026-07-16,rash,3
opd_001745,loc_008,2026-07-17,fever,5
opd_001746,loc_008,2026-07-17,diarrhea,2
opd_001747,loc_008,2026-07-17,cough,4
opd_001748,loc_008,2026-07-17,rash,3
opd_001749,loc_008,2026-07-18,fever,7
opd_001750,loc_008,2026-07-18,diarrhea,5
opd_001751,loc_008,2026-07-18,cough,4
opd_001752,loc_008,2026-07-18,rash,3
opd_001753,loc_008,2026-07-19,fever,6
opd_001754,loc_008,2026-07-19,diarrhea,5
opd_001755,loc_008,2026-07-19,cough,5
opd_001756,loc_008,2026-07-19,rash,2
opd_001757,loc_008,2026-07-20,fever,6
opd_001758,loc_008,2026-07-20,diarrhea,2
opd_001759,loc_008,2026-07-20,cough,2
opd_001760,loc_008,2026-07-20,rash,2
opd_001761,loc_008,2026-07-21,fever,6
opd_001762,loc_008,2026-07-21,diarrhea,6
opd_001763,loc_008,2026-07-21,cough,3
opd_001764,loc_008,2026-07-21,rash,3
opd_001765,loc_008,2026-07-22,fever,6
opd_001766,loc_008,2026-07-22,diarrhea,4
opd_001767,loc_008,2026-07-22,cough,3
opd_001768,loc_008,2026-07-22,rash,0
opd_001769,loc_008,2026-07-23,fever,5
opd_001770,loc_008,2026-07-23,diarrhea,5
opd_001771,loc_008,2026-07-23,cough,2
opd_001772,loc_008,2026-07-23,rash,1
opd_001773,loc_008,2026-07-24,fever,7
opd_001774,loc_008,2026-07-24,diarrhea,5
opd_001775,loc_008,2026-07-24,cough,3
opd_001776,loc_008,2026-07-24,rash,1
opd_001777,loc_008,2026-07-25,fever,6
opd_001778,loc_008,2026-07-25,diarrhea,5
opd_001779,loc_008,2026-07-25,cough,4
opd_001780,loc_008,2026-07-25,rash,1
opd_001781,loc_008,2026-07-26,fever,5
opd_001782,loc_008,2026-07-26,diarrhea,5
opd_001783,loc_008,2026-07-26,cough,5
opd_001784,loc_008,2026-07-26,rash,2
opd_001785,loc_008,2026-07-27,fever,5
opd_001786,loc_008,2026-07-27,diarrhea,6
opd_001787,loc_008,2026-07-27,cough,3
opd_001788,loc_008,2026-07-27,rash,0
opd_001789,loc_008,2026-07-28,fever,6
opd_001790,loc_008,2026-07-28,diarrhea,2
opd_001791,loc_008,2026-07-28,cough,3
opd_001792,loc_008,2026-07-28,rash,1
opd_001793,loc_008,2026-07-29,fever,6
opd_001794,loc_008,2026-07-29,diarrhea,5
opd_001795,loc_008,2026-07-29,cough,3
opd_001796,loc_008,2026-07-29,rash,3
opd_001797,loc_008,2026-07-30,fever,8
opd_001798,loc_008,2026-07-30,diarrhea,6
opd_001799,loc_008,2026-07-30,cough,2
opd_001800,loc_008,2026-07-30,rash,3
opd_001801,loc_008,2026-07-31,fever,5
opd_001802,loc_008,2026-07-31,diarrhea,5
opd_001803,loc_008,2026-07-31,cough,3
opd_001804,loc_008,2026-07-31,rash,0
opd_001805,loc_008,2026-08-01,fever,8
opd_001806,loc_008,2026-08-01,diarrhea,5
opd_001807,loc_008,2026-08-01,cough,5
opd_001808,loc_008,2026-08-01,rash,1
opd_001809,loc_008,2026-08-02,fever,7
opd_001810,loc_008,2026-08-02,diarrhea,6
opd_001811,loc_008,2026-08-02,cough,4
opd_001812,loc_008,2026-08-02,rash,0
opd_001813,loc_008,2026-08-03,fever,7
opd_001814,loc_008,2026-08-03,diarrhea,2
opd_001815,loc_008,2026-08-03,cough,3
opd_001816,loc_008,2026-08-03,rash,2
opd_001817,loc_008,2026-08-04,fever,6
opd_001818,loc_008,2026-08-04,diarrhea,6
opd_001819,loc_008,2026-08-04,cough,3
opd_001820,loc_008,2026-08-04,rash,0
opd_001821,loc_008,2026-08-05,fever,8
opd_001822,loc_008,2026-08-05,diarrhea,6
opd_001823,loc_008,2026-08-05,cough,5
opd_001824,loc_008,2026-08-05,rash,0
opd_001825,loc_008,2026-08-06,fever,7
opd_001826,loc_008,2026-08-06,diarrhea,4
opd_001827,loc_008,2026-08-06,cough,6
opd_001828,loc_008,2026-08-06,rash,2
opd_001829,loc_008,2026-08-07,fever,6
opd_001830,loc_008,2026-08-07,diarrhea,2
opd_001831,loc_008,2026-08-07,cough,5
opd_001832,loc_008,2026-08-07,rash,0
opd_001833,loc_008,2026-08-08,fever,6
opd_001834,loc_008,2026-08-08,diarrhea,4
opd_001835,loc_008,2026-08-08,cough,2
opd_001836,loc_008,2026-08-08,rash,0
opd_001837,loc_008,2026-08-09,fever,6
opd_001838,loc_008,2026-08-09,diarrhea,3
opd_001839,loc_008,2026-08-09,cough,6
opd_001840,loc_008,2026-08-09,rash,2
opd_001841,loc_008,2026-08-10,fever,6
opd_001842,loc_008,2026-08-10,diarrhea,3
opd_001843,loc_008,2026-08-10,cough,4
opd_001844,loc_008,2026-08-10,rash,0
opd_001845,loc_008,2026-08-11,fever,7
opd_001846,loc_008,2026-08-11,diarrhea,6
opd_001847,loc_008,2026-08-11,cough,6
opd_001848,loc_008,2026-08-11,rash,3
opd_001849,loc_008,2026-08-12,fever,4
opd_001850,loc_008,2026-08-12,diarrhea,6
opd_001851,loc_008,2026-08-12,cough,4
opd_001852,loc_008,2026-08-12,rash,3
opd_001853,loc_008,2026-08-13,fever,6
opd_001854,loc_008,2026-08-13,diarrhea,4
opd_001855,loc_008,2026-08-13,cough,4
opd_001856,loc_008,2026-08-13,rash,1
opd_001857,loc_008,2026-08-14,fever,8
opd_001858,loc_008,2026-08-14,diarrhea,4
opd_001859,loc_008,2026-08-14,cough,4
opd_001860,loc_008,2026-08-14,rash,0
opd_001861,loc_008,2026-08-15,fever,5
opd_001862,loc_008,2026-08-15,diarrhea,2
opd_001863,loc_008,2026-08-15,cough,5
opd_001864,loc_008,2026-08-15,rash,0
opd_001865,loc_008,2026-08-16,fever,6
opd_001866,loc_008,2026-08-16,diarrhea,6
opd_001867,loc_008,2026-08-16,cough,3
opd_001868,loc_008,2026-08-16,rash,3
opd_001869,loc_008,2026-08-17,fever,5
opd_001870,loc_008,2026-08-17,diarrhea,4
opd_001871,loc_008,2026-08-17,cough,3
opd_001872,loc_008,2026-08-17,rash,2
opd_001873,loc_008,2026-08-18,fever,4
opd_001874,loc_008,2026-08-18,diarrhea,6
opd_001875,loc_008,2026-08-18,cough,2
opd_001876,loc_008,2026-08-18,rash,1
opd_001877,loc_008,2026-08-19,fever,4
opd_001878,loc_008,2026-08-19,diarrhea,3
opd_001879,loc_008,2026-08-19,cough,3
opd_001880,loc_008,2026-08-19,rash,0
opd_001881,loc_008,2026-08-20,fever,6
opd_001882,loc_008,2026-08-20,diarrhea,6
opd_001883,loc_008,2026-08-20,cough,2
opd_001884,loc_008,2026-08-20,rash,0
opd_001885,loc_008,2026-08-21,fever,4
opd_001886,loc_008,2026-08-21,diarrhea,2
opd_001887,loc_008,2026-08-21,cough,4
opd_001888,loc_008,2026-08-21,rash,1
opd_001889,loc_008,2026-08-22,fever,4
opd_001890,loc_008,2026-08-22,diarrhea,4
opd_001891,loc_008,2026-08-22,cough,2
opd_001892,loc_008,2026-08-22,rash,0
opd_001893,loc_008,2026-08-23,fever,6
opd_001894,loc_008,2026-08-23,diarrhea,3
opd_001895,loc_008,2026-08-23,cough,3
opd_001896,loc_008,2026-08-23,rash,1
opd_001897,loc_008,2026-08-24,fever,8
opd_001898,loc_008,2026-08-24,diarrhea,2
opd_001899,loc_008,2026-08-24,cough,2
opd_001900,loc_008,2026-08-24,rash,0
opd_001901,loc_008,2026-08-25,fever,6
opd_001902,loc_008,2026-08-25,diarrhea,4
opd_001903,loc_008,2026-08-25,cough,4
opd_001904,loc_008,2026-08-25,rash,2
opd_001905,loc_008,2026-08-26,fever,7
opd_001906,loc_008,2026-08-26,diarrhea,2
opd_001907,loc_008,2026-08-26,cough,2
opd_001908,loc_008,2026-08-26,rash,3
opd_001909,loc_008,2026-08-27,fever,6
opd_001910,loc_008,2026-08-27,diarrhea,3
opd_001911,loc_008,2026-08-27,cough,2
opd_001912,loc_008,2026-08-27,rash,3
opd_001913,loc_008,2026-08-28,fever,4
opd_001914,loc_008,2026-08-28,diarrhea,3
opd_001915,loc_008,2026-08-28,cough,3
opd_001916,loc_008,2026-08-28,rash,1
opd_001917,loc_008,2026-08-29,fever,7
opd_001918,loc_008,2026-08-29,diarrhea,3
opd_001919,loc_008,2026-08-29,cough,6
opd_001920,loc_008,2026-08-29,rash,2
opd_001921,loc_009,2026-07-01,fever,5
opd_001922,loc_009,2026-07-01,diarrhea,5
opd_001923,loc_009,2026-07-01,cough,6
opd_001924,loc_009,2026-07-01,rash,2
opd_001925,loc_009,2026-07-02,fever,4
opd_001926,loc_009,2026-07-02,diarrhea,2
opd_001927,loc_009,2026-07-02,cough,4
opd_001928,loc_009,2026-07-02,rash,0
opd_001929,loc_009,2026-07-03,fever,6
opd_001930,loc_009,2026-07-03,diarrhea,5
opd_001931,loc_009,2026-07-03,cough,2
opd_001932,loc_009,2026-07-03,rash,2
opd_001933,loc_009,2026-07-04,fever,7
opd_001934,loc_009,2026-07-04,diarrhea,4
opd_001935,loc_009,2026-07-04,cough,4
opd_001936,loc_009,2026-07-04,rash,0
opd_001937,loc_009,2026-07-05,fever,8
opd_001938,loc_009,2026-07-05,diarrhea,2
opd_001939,loc_009,2026-07-05,cough,4
opd_001940,loc_009,2026-07-05,rash,1
opd_001941,loc_009,2026-07-06,fever,5
opd_001942,loc_009,2026-07-06,diarrhea,2
opd_001943,loc_009,2026-07-06,cough,2
opd_001944,loc_009,2026-07-06,rash,0
opd_001945,loc_009,2026-07-07,fever,5
opd_001946,loc_009,2026-07-07,diarrhea,3
opd_001947,loc_009,2026-07-07,cough,6
opd_001948,loc_009,2026-07-07,rash,3
opd_001949,loc_009,2026-07-08,fever,4
opd_001950,loc_009,2026-07-08,diarrhea,3
opd_001951,loc_009,2026-07-08,cough,4
opd_001952,loc_009,2026-07-08,rash,0
opd_001953,loc_009,2026-07-09,fever,8
opd_001954,loc_009,2026-07-09,diarrhea,4
opd_001955,loc_009,2026-07-09,cough,4
opd_001956,loc_009,2026-07-09,rash,0
opd_001957,loc_009,2026-07-10,fever,7
opd_001958,loc_009,2026-07-10,diarrhea,4
opd_001959,loc_009,2026-07-10,cough,5
opd_001960,loc_009,2026-07-10,rash,0
opd_001961,loc_009,2026-07-11,fever,5
opd_001962,loc_009,2026-07-11,diarrhea,4
opd_001963,loc_009,2026-07-11,cough,2
opd_001964,loc_009,2026-07-11,rash,3
opd_001965,loc_009,2026-07-12,fever,8
opd_001966,loc_009,2026-07-12,diarrhea,4
opd_001967,loc_009,2026-07-12,cough,5
opd_001968,loc_009,2026-07-12,rash,3
opd_001969,loc_009,2026-07-13,fever,7
opd_001970,loc_009,2026-07-13,diarrhea,4
opd_001971,loc_009,2026-07-13,cough,6
opd_001972,loc_009,2026-07-13,rash,3
opd_001973,loc_009,2026-07-14,fever,7
opd_001974,loc_009,2026-07-14,diarrhea,5
opd_001975,loc_009,2026-07-14,cough,6
opd_001976,loc_009,2026-07-14,rash,3
opd_001977,loc_009,2026-07-15,fever,4
opd_001978,loc_009,2026-07-15,diarrhea,3
opd_001979,loc_009,2026-07-15,cough,2
opd_001980,loc_009,2026-07-15,rash,0
opd_001981,loc_009,2026-07-16,fever,4
opd_001982,loc_009,2026-07-16,diarrhea,5
opd_001983,loc_009,2026-07-16,cough,3
opd_001984,loc_009,2026-07-16,rash,0
opd_001985,loc_009,2026-07-17,fever,5
opd_001986,loc_009,2026-07-17,diarrhea,3
opd_001987,loc_009,2026-07-17,cough,6
opd_001988,loc_009,2026-07-17,rash,0
opd_001989,loc_009,2026-07-18,fever,7
opd_001990,loc_009,2026-07-18,diarrhea,6
opd_001991,loc_009,2026-07-18,cough,5
opd_001992,loc_009,2026-07-18,rash,2
opd_001993,loc_009,2026-07-19,fever,8
opd_001994,loc_009,2026-07-19,diarrhea,2
opd_001995,loc_009,2026-07-19,cough,6
opd_001996,loc_009,2026-07-19,rash,3
opd_001997,loc_009,2026-07-20,fever,7
opd_001998,loc_009,2026-07-20,diarrhea,4
opd_001999,loc_009,2026-07-20,cough,6
opd_002000,loc_009,2026-07-20,rash,0
opd_002001,loc_009,2026-07-21,fever,6
opd_002002,loc_009,2026-07-21,diarrhea,6
opd_002003,loc_009,2026-07-21,cough,2
opd_002004,loc_009,2026-07-21,rash,0
opd_002005,loc_009,2026-07-22,fever,7
opd_002006,loc_009,2026-07-22,diarrhea,5
opd_002007,loc_009,2026-07-22,cough,4
opd_002008,loc_009,2026-07-22,rash,2
opd_002009,loc_009,2026-07-23,fever,5
opd_002010,loc_009,2026-07-23,diarrhea,6
opd_002011,loc_009,2026-07-23,cough,4
opd_002012,loc_009,2026-07-23,rash,3
opd_002013,loc_009,2026-07-24,fever,6
opd_002014,loc_009,2026-07-24,diarrhea,6
opd_002015,loc_009,2026-07-24,cough,5
opd_002016,loc_009,2026-07-24,rash,2
opd_002017,loc_009,2026-07-25,fever,7
opd_002018,loc_009,2026-07-25,diarrhea,4
opd_002019,loc_009,2026-07-25,cough,6
opd_002020,loc_009,2026-07-25,rash,0
opd_002021,loc_009,2026-07-26,fever,7
opd_002022,loc_009,2026-07-26,diarrhea,5
opd_002023,loc_009,2026-07-26,cough,2
opd_002024,loc_009,2026-07-26,rash,3
opd_002025,loc_009,2026-07-27,fever,6
opd_002026,loc_009,2026-07-27,diarrhea,2
opd_002027,loc_009,2026-07-27,cough,5
opd_002028,loc_009,2026-07-27,rash,3
opd_002029,loc_009,2026-07-28,fever,4
opd_002030,loc_009,2026-07-28,diarrhea,5
opd_002031,loc_009,2026-07-28,cough,5
opd_002032,loc_009,2026-07-28,rash,0
opd_002033,loc_009,2026-07-29,fever,6
opd_002034,loc_009,2026-07-29,diarrhea,5
opd_002035,loc_009,2026-07-29,cough,2
opd_002036,loc_009,2026-07-29,rash,1
opd_002037,loc_009,2026-07-30,fever,7
opd_002038,loc_009,2026-07-30,diarrhea,6
opd_002039,loc_009,2026-07-30,cough,4
opd_002040,loc_009,2026-07-30,rash,3
opd_002041,loc_009,2026-07-31,fever,8
opd_002042,loc_009,2026-07-31,diarrhea,4
opd_002043,loc_009,2026-07-31,cough,3
opd_002044,loc_009,2026-07-31,rash,0
opd_002045,loc_009,2026-08-01,fever,8
opd_002046,loc_009,2026-08-01,diarrhea,2
opd_002047,loc_009,2026-08-01,cough,5
opd_002048,loc_009,2026-08-01,rash,2
opd_002049,loc_009,2026-08-02,fever,7
opd_002050,loc_009,2026-08-02,diarrhea,6
opd_002051,loc_009,2026-08-02,cough,3
opd_002052,loc_009,2026-08-02,rash,3
opd_002053,loc_009,2026-08-03,fever,4
opd_002054,loc_009,2026-08-03,diarrhea,4
opd_002055,loc_009,2026-08-03,cough,6
opd_002056,loc_009,2026-08-03,rash,0
opd_002057,loc_009,2026-08-04,fever,5
opd_002058,loc_009,2026-08-04,diarrhea,6
opd_002059,loc_009,2026-08-04,cough,4
opd_002060,loc_009,2026-08-04,rash,2
opd_002061,loc_009,2026-08-05,fever,6
opd_002062,loc_009,2026-08-05,diarrhea,3
opd_002063,loc_009,2026-08-05,cough,5
opd_002064,loc_009,2026-08-05,rash,3
opd_002065,loc_009,2026-08-06,fever,8
opd_002066,loc_009,2026-08-06,diarrhea,2
opd_002067,loc_009,2026-08-06,cough,3
opd_002068,loc_009,2026-08-06,rash,3
opd_002069,loc_009,2026-08-07,fever,7
opd_002070,loc_009,2026-08-07,diarrhea,3
opd_002071,loc_009,2026-08-07,cough,6
opd_002072,loc_009,2026-08-07,rash,1
opd_002073,loc_009,2026-08-08,fever,6
opd_002074,loc_009,2026-08-08,diarrhea,3
opd_002075,loc_009,2026-08-08,cough,4
opd_002076,loc_009,2026-08-08,rash,3
opd_002077,loc_009,2026-08-09,fever,6
opd_002078,loc_009,2026-08-09,diarrhea,6
opd_002079,loc_009,2026-08-09,cough,5
opd_002080,loc_009,2026-08-09,rash,0
opd_002081,loc_009,2026-08-10,fever,7
opd_002082,loc_009,2026-08-10,diarrhea,6
opd_002083,loc_009,2026-08-10,cough,2
opd_002084,loc_009,2026-08-10,rash,1
opd_002085,loc_009,2026-08-11,fever,8
opd_002086,loc_009,2026-08-11,diarrhea,4
opd_002087,loc_009,2026-08-11,cough,3
opd_002088,loc_009,2026-08-11,rash,0
opd_002089,loc_009,2026-08-12,fever,8
opd_002090,loc_009,2026-08-12,diarrhea,2
opd_002091,loc_009,2026-08-12,cough,3
opd_002092,loc_009,2026-08-12,rash,0
opd_002093,loc_009,2026-08-13,fever,5
opd_002094,loc_009,2026-08-13,diarrhea,2
opd_002095,loc_009,2026-08-13,cough,2
opd_002096,loc_009,2026-08-13,rash,3
opd_002097,loc_009,2026-08-14,fever,8
opd_002098,loc_009,2026-08-14,diarrhea,5
opd_002099,loc_009,2026-08-14,cough,3
opd_002100,loc_009,2026-08-14,rash,1
opd_002101,loc_009,2026-08-15,fever,8
opd_002102,loc_009,2026-08-15,diarrhea,5
opd_002103,loc_009,2026-08-15,cough,3
opd_002104,loc_009,2026-08-15,rash,1
opd_002105,loc_009,2026-08-16,fever,5
opd_002106,loc_009,2026-08-16,diarrhea,2
opd_002107,loc_009,2026-08-16,cough,6
opd_002108,loc_009,2026-08-16,rash,1
opd_002109,loc_009,2026-08-17,fever,7
opd_002110,loc_009,2026-08-17,diarrhea,5
opd_002111,loc_009,2026-08-17,cough,6
opd_002112,loc_009,2026-08-17,rash,2
opd_002113,loc_009,2026-08-18,fever,6
opd_002114,loc_009,2026-08-18,diarrhea,3
opd_002115,loc_009,2026-08-18,cough,6
opd_002116,loc_009,2026-08-18,rash,2
opd_002117,loc_009,2026-08-19,fever,5
opd_002118,loc_009,2026-08-19,diarrhea,2
opd_002119,loc_009,2026-08-19,cough,5
opd_002120,loc_009,2026-08-19,rash,0
opd_002121,loc_009,2026-08-20,fever,5
opd_002122,loc_009,2026-08-20,diarrhea,6
opd_002123,loc_009,2026-08-20,cough,3
opd_002124,loc_009,2026-08-20,rash,0
opd_002125,loc_009,2026-08-21,fever,6
opd_002126,loc_009,2026-08-21,diarrhea,3
opd_002127,loc_009,2026-08-21,cough,2
opd_002128,loc_009,2026-08-21,rash,3
opd_002129,loc_009,2026-08-22,fever,7
opd_002130,loc_009,2026-08-22,diarrhea,3
opd_002131,loc_009,2026-08-22,cough,3
opd_002132,loc_009,2026-08-22,rash,3
opd_002133,loc_009,2026-08-23,fever,8
opd_002134,loc_009,2026-08-23,diarrhea,4
opd_002135,loc_009,2026-08-23,cough,5
opd_002136,loc_009,2026-08-23,rash,1
opd_002137,loc_009,2026-08-24,fever,4
opd_002138,loc_009,2026-08-24,diarrhea,2
opd_002139,loc_009,2026-08-24,cough,4
opd_002140,loc_009,2026-08-24,rash,1
opd_002141,loc_009,2026-08-25,fever,7
opd_002142,loc_009,2026-08-25,diarrhea,3
opd_002143,loc_009,2026-08-25,cough,3
opd_002144,loc_009,2026-08-25,rash,2
opd_002145,loc_009,2026-08-26,fever,5
opd_002146,loc_009,2026-08-26,diarrhea,3
opd_002147,loc_009,2026-08-26,cough,2
opd_002148,loc_009,2026-08-26,rash,3
opd_002149,loc_009,2026-08-27,fever,8
opd_002150,loc_009,2026-08-27,diarrhea,2
opd_002151,loc_009,2026-08-27,cough,6
opd_002152,loc_009,2026-08-27,rash,1
opd_002153,loc_009,2026-08-28,fever,5
opd_002154,loc_009,2026-08-28,diarrhea,2
opd_002155,loc_009,2026-08-28,cough,6
opd_002156,loc_009,2026-08-28,rash,0
opd_002157,loc_009,2026-08-29,fever,5
opd_002158,loc_009,2026-08-29,diarrhea,4
opd_002159,loc_009,2026-08-29,cough,6
opd_002160,loc_009,2026-08-29,rash,1
opd_002161,loc_010,2026-07-01,fever,6
opd_002162,loc_010,2026-07-01,diarrhea,4
opd_002163,loc_010,2026-07-01,cough,4
opd_002164,loc_010,2026-07-01,rash,3
opd_002165,loc_010,2026-07-02,fever,8
opd_002166,loc_010,2026-07-02,diarrhea,2
opd_002167,loc_010,2026-07-02,cough,3
opd_002168,loc_010,2026-07-02,rash,0
opd_002169,loc_010,2026-07-03,fever,7
opd_002170,loc_010,2026-07-03,diarrhea,2
opd_002171,loc_010,2026-07-03,cough,6
opd_002172,loc_010,2026-07-03,rash,3
opd_002173,loc_010,2026-07-04,fever,8
opd_002174,loc_010,2026-07-04,diarrhea,2
opd_002175,loc_010,2026-07-04,cough,6
opd_002176,loc_010,2026-07-04,rash,0
opd_002177,loc_010,2026-07-05,fever,4
opd_002178,loc_010,2026-07-05,diarrhea,6
opd_002179,loc_010,2026-07-05,cough,6
opd_002180,loc_010,2026-07-05,rash,2
opd_002181,loc_010,2026-07-06,fever,7
opd_002182,loc_010,2026-07-06,diarrhea,6
opd_002183,loc_010,2026-07-06,cough,6
opd_002184,loc_010,2026-07-06,rash,0
opd_002185,loc_010,2026-07-07,fever,8
opd_002186,loc_010,2026-07-07,diarrhea,5
opd_002187,loc_010,2026-07-07,cough,4
opd_002188,loc_010,2026-07-07,rash,3
opd_002189,loc_010,2026-07-08,fever,4
opd_002190,loc_010,2026-07-08,diarrhea,3
opd_002191,loc_010,2026-07-08,cough,4
opd_002192,loc_010,2026-07-08,rash,2
opd_002193,loc_010,2026-07-09,fever,4
opd_002194,loc_010,2026-07-09,diarrhea,2
opd_002195,loc_010,2026-07-09,cough,4
opd_002196,loc_010,2026-07-09,rash,1
opd_002197,loc_010,2026-07-10,fever,4
opd_002198,loc_010,2026-07-10,diarrhea,5
opd_002199,loc_010,2026-07-10,cough,3
opd_002200,loc_010,2026-07-10,rash,3
opd_002201,loc_010,2026-07-11,fever,6
opd_002202,loc_010,2026-07-11,diarrhea,4
opd_002203,loc_010,2026-07-11,cough,6
opd_002204,loc_010,2026-07-11,rash,2
opd_002205,loc_010,2026-07-12,fever,4
opd_002206,loc_010,2026-07-12,diarrhea,5
opd_002207,loc_010,2026-07-12,cough,3
opd_002208,loc_010,2026-07-12,rash,3
opd_002209,loc_010,2026-07-13,fever,8
opd_002210,loc_010,2026-07-13,diarrhea,5
opd_002211,loc_010,2026-07-13,cough,6
opd_002212,loc_010,2026-07-13,rash,0
opd_002213,loc_010,2026-07-14,fever,6
opd_002214,loc_010,2026-07-14,diarrhea,3
opd_002215,loc_010,2026-07-14,cough,4
opd_002216,loc_010,2026-07-14,rash,1
opd_002217,loc_010,2026-07-15,fever,6
opd_002218,loc_010,2026-07-15,diarrhea,3
opd_002219,loc_010,2026-07-15,cough,4
opd_002220,loc_010,2026-07-15,rash,1
opd_002221,loc_010,2026-07-16,fever,8
opd_002222,loc_010,2026-07-16,diarrhea,6
opd_002223,loc_010,2026-07-16,cough,3
opd_002224,loc_010,2026-07-16,rash,2
opd_002225,loc_010,2026-07-17,fever,8
opd_002226,loc_010,2026-07-17,diarrhea,5
opd_002227,loc_010,2026-07-17,cough,4
opd_002228,loc_010,2026-07-17,rash,3
opd_002229,loc_010,2026-07-18,fever,5
opd_002230,loc_010,2026-07-18,diarrhea,5
opd_002231,loc_010,2026-07-18,cough,5
opd_002232,loc_010,2026-07-18,rash,2
opd_002233,loc_010,2026-07-19,fever,5
opd_002234,loc_010,2026-07-19,diarrhea,6
opd_002235,loc_010,2026-07-19,cough,3
opd_002236,loc_010,2026-07-19,rash,1
opd_002237,loc_010,2026-07-20,fever,7
opd_002238,loc_010,2026-07-20,diarrhea,4
opd_002239,loc_010,2026-07-20,cough,2
opd_002240,loc_010,2026-07-20,rash,1
opd_002241,loc_010,2026-07-21,fever,8
opd_002242,loc_010,2026-07-21,diarrhea,3
opd_002243,loc_010,2026-07-21,cough,2
opd_002244,loc_010,2026-07-21,rash,2
opd_002245,loc_010,2026-07-22,fever,7
opd_002246,loc_010,2026-07-22,diarrhea,2
opd_002247,loc_010,2026-07-22,cough,6
opd_002248,loc_010,2026-07-22,rash,2
opd_002249,loc_010,2026-07-23,fever,4
opd_002250,loc_010,2026-07-23,diarrhea,4
opd_002251,loc_010,2026-07-23,cough,5
opd_002252,loc_010,2026-07-23,rash,1
opd_002253,loc_010,2026-07-24,fever,6
opd_002254,loc_010,2026-07-24,diarrhea,3
opd_002255,loc_010,2026-07-24,cough,4
opd_002256,loc_010,2026-07-24,rash,2
opd_002257,loc_010,2026-07-25,fever,6
opd_002258,loc_010,2026-07-25,diarrhea,4
opd_002259,loc_010,2026-07-25,cough,4
opd_002260,loc_010,2026-07-25,rash,1
opd_002261,loc_010,2026-07-26,fever,5
opd_002262,loc_010,2026-07-26,diarrhea,6
opd_002263,loc_010,2026-07-26,cough,6
opd_002264,loc_010,2026-07-26,rash,1
opd_002265,loc_010,2026-07-27,fever,7
opd_002266,loc_010,2026-07-27,diarrhea,2
opd_002267,loc_010,2026-07-27,cough,6
opd_002268,loc_010,2026-07-27,rash,2
opd_002269,loc_010,2026-07-28,fever,8
opd_002270,loc_010,2026-07-28,diarrhea,3
opd_002271,loc_010,2026-07-28,cough,5
opd_002272,loc_010,2026-07-28,rash,3
opd_002273,loc_010,2026-07-29,fever,8
opd_002274,loc_010,2026-07-29,diarrhea,6
opd_002275,loc_010,2026-07-29,cough,3
opd_002276,loc_010,2026-07-29,rash,2
opd_002277,loc_010,2026-07-30,fever,7
opd_002278,loc_010,2026-07-30,diarrhea,3
opd_002279,loc_010,2026-07-30,cough,2
opd_002280,loc_010,2026-07-30,rash,3
opd_002281,loc_010,2026-07-31,fever,8
opd_002282,loc_010,2026-07-31,diarrhea,2
opd_002283,loc_010,2026-07-31,cough,3
opd_002284,loc_010,2026-07-31,rash,0
opd_002285,loc_010,2026-08-01,fever,6
opd_002286,loc_010,2026-08-01,diarrhea,4
opd_002287,loc_010,2026-08-01,cough,4
opd_002288,loc_010,2026-08-01,rash,2
opd_002289,loc_010,2026-08-02,fever,8
opd_002290,loc_010,2026-08-02,diarrhea,3
opd_002291,loc_010,2026-08-02,cough,2
opd_002292,loc_010,2026-08-02,rash,0
opd_002293,loc_010,2026-08-03,fever,7
opd_002294,loc_010,2026-08-03,diarrhea,2
opd_002295,loc_010,2026-08-03,cough,6
opd_002296,loc_010,2026-08-03,rash,3
opd_002297,loc_010,2026-08-04,fever,8
opd_002298,loc_010,2026-08-04,diarrhea,5
opd_002299,loc_010,2026-08-04,cough,6
opd_002300,loc_010,2026-08-04,rash,3
opd_002301,loc_010,2026-08-05,fever,6
opd_002302,loc_010,2026-08-05,diarrhea,3
opd_002303,loc_010,2026-08-05,cough,3
opd_002304,loc_010,2026-08-05,rash,1
opd_002305,loc_010,2026-08-06,fever,8
opd_002306,loc_010,2026-08-06,diarrhea,5
opd_002307,loc_010,2026-08-06,cough,5
opd_002308,loc_010,2026-08-06,rash,2
opd_002309,loc_010,2026-08-07,fever,5
opd_002310,loc_010,2026-08-07,diarrhea,5
opd_002311,loc_010,2026-08-07,cough,6
opd_002312,loc_010,2026-08-07,rash,3
opd_002313,loc_010,2026-08-08,fever,5
opd_002314,loc_010,2026-08-08,diarrhea,2
opd_002315,loc_010,2026-08-08,cough,2
opd_002316,loc_010,2026-08-08,rash,3
opd_002317,loc_010,2026-08-09,fever,7
opd_002318,loc_010,2026-08-09,diarrhea,5
opd_002319,loc_010,2026-08-09,cough,4
opd_002320,loc_010,2026-08-09,rash,1
opd_002321,loc_010,2026-08-10,fever,5
opd_002322,loc_010,2026-08-10,diarrhea,2
opd_002323,loc_010,2026-08-10,cough,2
opd_002324,loc_010,2026-08-10,rash,0
opd_002325,loc_010,2026-08-11,fever,7
opd_002326,loc_010,2026-08-11,diarrhea,4
opd_002327,loc_010,2026-08-11,cough,6
opd_002328,loc_010,2026-08-11,rash,2
opd_002329,loc_010,2026-08-12,fever,8
opd_002330,loc_010,2026-08-12,diarrhea,2
opd_002331,loc_010,2026-08-12,cough,5
opd_002332,loc_010,2026-08-12,rash,0
opd_002333,loc_010,2026-08-13,fever,5
opd_002334,loc_010,2026-08-13,diarrhea,2
opd_002335,loc_010,2026-08-13,cough,2
opd_002336,loc_010,2026-08-13,rash,3
opd_002337,loc_010,2026-08-14,fever,7
opd_002338,loc_010,2026-08-14,diarrhea,2
opd_002339,loc_010,2026-08-14,cough,4
opd_002340,loc_010,2026-08-14,rash,3
opd_002341,loc_010,2026-08-15,fever,8
opd_002342,loc_010,2026-08-15,diarrhea,5
opd_002343,loc_010,2026-08-15,cough,2
opd_002344,loc_010,2026-08-15,rash,2
opd_002345,loc_010,2026-08-16,fever,6
opd_002346,loc_010,2026-08-16,diarrhea,4
opd_002347,loc_010,2026-08-16,cough,4
opd_002348,loc_010,2026-08-16,rash,1
opd_002349,loc_010,2026-08-17,fever,6
opd_002350,loc_010,2026-08-17,diarrhea,2
opd_002351,loc_010,2026-08-17,cough,6
opd_002352,loc_010,2026-08-17,rash,0
opd_002353,loc_010,2026-08-18,fever,6
opd_002354,loc_010,2026-08-18,diarrhea,4
opd_002355,loc_010,2026-08-18,cough,2
opd_002356,loc_010,2026-08-18,rash,3
opd_002357,loc_010,2026-08-19,fever,4
opd_002358,loc_010,2026-08-19,diarrhea,2
opd_002359,loc_010,2026-08-19,cough,3
opd_002360,loc_010,2026-08-19,rash,0
opd_002361,loc_010,2026-08-20,fever,7
opd_002362,loc_010,2026-08-20,diarrhea,5
opd_002363,loc_010,2026-08-20,cough,5
opd_002364,loc_010,2026-08-20,rash,0
opd_002365,loc_010,2026-08-21,fever,6
opd_002366,loc_010,2026-08-21,diarrhea,2
opd_002367,loc_010,2026-08-21,cough,2
opd_002368,loc_010,2026-08-21,rash,1
opd_002369,loc_010,2026-08-22,fever,6
opd_002370,loc_010,2026-08-22,diarrhea,6
opd_002371,loc_010,2026-08-22,cough,5
opd_002372,loc_010,2026-08-22,rash,2
opd_002373,loc_010,2026-08-23,fever,5
opd_002374,loc_010,2026-08-23,diarrhea,2
opd_002375,loc_010,2026-08-23,cough,2
opd_002376,loc_010,2026-08-23,rash,1
opd_002377,loc_010,2026-08-24,fever,4
opd_002378,loc_010,2026-08-24,diarrhea,5
opd_002379,loc_010,2026-08-24,cough,2
opd_002380,loc_010,2026-08-24,rash,1
opd_002381,loc_010,2026-08-25,fever,5
opd_002382,loc_010,2026-08-25,diarrhea,5
opd_002383,loc_010,2026-08-25,cough,3
opd_002384,loc_010,2026-08-25,rash,3
opd_002385,loc_010,2026-08-26,fever,6
opd_002386,loc_010,2026-08-26,diarrhea,2
opd_002387,loc_010,2026-08-26,cough,3
opd_002388,loc_010,2026-08-26,rash,3
opd_002389,loc_010,2026-08-27,fever,8
opd_002390,loc_010,2026-08-27,diarrhea,3
opd_002391,loc_010,2026-08-27,cough,5
opd_002392,loc_010,2026-08-27,rash,1
opd_002393,loc_010,2026-08-28,fever,4
opd_002394,loc_010,2026-08-28,diarrhea,3
opd_002395,loc_010,2026-08-28,cough,6
opd_002396,loc_010,2026-08-28,rash,1
opd_002397,loc_010,2026-08-29,fever,7
opd_002398,loc_010,2026-08-29,diarrhea,5
opd_002399,loc_010,2026-08-29,cough,2
opd_002400,loc_010,2026-08-29,rash,3
opd_002401,loc_011,2026-07-01,fever,7
opd_002402,loc_011,2026-07-01,diarrhea,6
opd_002403,loc_011,2026-07-01,cough,5
opd_002404,loc_011,2026-07-01,rash,3
opd_002405,loc_011,2026-07-02,fever,5
opd_002406,loc_011,2026-07-02,diarrhea,4
opd_002407,loc_011,2026-07-02,cough,5
opd_002408,loc_011,2026-07-02,rash,2
opd_002409,loc_011,2026-07-03,fever,8
opd_002410,loc_011,2026-07-03,diarrhea,4
opd_002411,loc_011,2026-07-03,cough,5
opd_002412,loc_011,2026-07-03,rash,0
opd_002413,loc_011,2026-07-04,fever,7
opd_002414,loc_011,2026-07-04,diarrhea,4
opd_002415,loc_011,2026-07-04,cough,2
opd_002416,loc_011,2026-07-04,rash,0
opd_002417,loc_011,2026-07-05,fever,8
opd_002418,loc_011,2026-07-05,diarrhea,3
opd_002419,loc_011,2026-07-05,cough,5
opd_002420,loc_011,2026-07-05,rash,1
opd_002421,loc_011,2026-07-06,fever,5
opd_002422,loc_011,2026-07-06,diarrhea,2
opd_002423,loc_011,2026-07-06,cough,2
opd_002424,loc_011,2026-07-06,rash,0
opd_002425,loc_011,2026-07-07,fever,4
opd_002426,loc_011,2026-07-07,diarrhea,4
opd_002427,loc_011,2026-07-07,cough,5
opd_002428,loc_011,2026-07-07,rash,0
opd_002429,loc_011,2026-07-08,fever,4
opd_002430,loc_011,2026-07-08,diarrhea,3
opd_002431,loc_011,2026-07-08,cough,6
opd_002432,loc_011,2026-07-08,rash,2
opd_002433,loc_011,2026-07-09,fever,8
opd_002434,loc_011,2026-07-09,diarrhea,3
opd_002435,loc_011,2026-07-09,cough,4
opd_002436,loc_011,2026-07-09,rash,3
opd_002437,loc_011,2026-07-10,fever,4
opd_002438,loc_011,2026-07-10,diarrhea,6
opd_002439,loc_011,2026-07-10,cough,6
opd_002440,loc_011,2026-07-10,rash,0
opd_002441,loc_011,2026-07-11,fever,5
opd_002442,loc_011,2026-07-11,diarrhea,4
opd_002443,loc_011,2026-07-11,cough,5
opd_002444,loc_011,2026-07-11,rash,2
opd_002445,loc_011,2026-07-12,fever,4
opd_002446,loc_011,2026-07-12,diarrhea,4
opd_002447,loc_011,2026-07-12,cough,5
opd_002448,loc_011,2026-07-12,rash,0
opd_002449,loc_011,2026-07-13,fever,5
opd_002450,loc_011,2026-07-13,diarrhea,4
opd_002451,loc_011,2026-07-13,cough,3
opd_002452,loc_011,2026-07-13,rash,0
opd_002453,loc_011,2026-07-14,fever,5
opd_002454,loc_011,2026-07-14,diarrhea,5
opd_002455,loc_011,2026-07-14,cough,3
opd_002456,loc_011,2026-07-14,rash,0
opd_002457,loc_011,2026-07-15,fever,6
opd_002458,loc_011,2026-07-15,diarrhea,3
opd_002459,loc_011,2026-07-15,cough,2
opd_002460,loc_011,2026-07-15,rash,2
opd_002461,loc_011,2026-07-16,fever,6
opd_002462,loc_011,2026-07-16,diarrhea,3
opd_002463,loc_011,2026-07-16,cough,3
opd_002464,loc_011,2026-07-16,rash,1
opd_002465,loc_011,2026-07-17,fever,7
opd_002466,loc_011,2026-07-17,diarrhea,3
opd_002467,loc_011,2026-07-17,cough,3
opd_002468,loc_011,2026-07-17,rash,1
opd_002469,loc_011,2026-07-18,fever,5
opd_002470,loc_011,2026-07-18,diarrhea,2
opd_002471,loc_011,2026-07-18,cough,2
opd_002472,loc_011,2026-07-18,rash,1
opd_002473,loc_011,2026-07-19,fever,8
opd_002474,loc_011,2026-07-19,diarrhea,6
opd_002475,loc_011,2026-07-19,cough,3
opd_002476,loc_011,2026-07-19,rash,1
opd_002477,loc_011,2026-07-20,fever,5
opd_002478,loc_011,2026-07-20,diarrhea,4
opd_002479,loc_011,2026-07-20,cough,5
opd_002480,loc_011,2026-07-20,rash,3
opd_002481,loc_011,2026-07-21,fever,8
opd_002482,loc_011,2026-07-21,diarrhea,4
opd_002483,loc_011,2026-07-21,cough,2
opd_002484,loc_011,2026-07-21,rash,3
opd_002485,loc_011,2026-07-22,fever,8
opd_002486,loc_011,2026-07-22,diarrhea,6
opd_002487,loc_011,2026-07-22,cough,6
opd_002488,loc_011,2026-07-22,rash,0
opd_002489,loc_011,2026-07-23,fever,8
opd_002490,loc_011,2026-07-23,diarrhea,4
opd_002491,loc_011,2026-07-23,cough,6
opd_002492,loc_011,2026-07-23,rash,1
opd_002493,loc_011,2026-07-24,fever,6
opd_002494,loc_011,2026-07-24,diarrhea,5
opd_002495,loc_011,2026-07-24,cough,5
opd_002496,loc_011,2026-07-24,rash,1
opd_002497,loc_011,2026-07-25,fever,4
opd_002498,loc_011,2026-07-25,diarrhea,3
opd_002499,loc_011,2026-07-25,cough,2
opd_002500,loc_011,2026-07-25,rash,3
opd_002501,loc_011,2026-07-26,fever,8
opd_002502,loc_011,2026-07-26,diarrhea,5
opd_002503,loc_011,2026-07-26,cough,4
opd_002504,loc_011,2026-07-26,rash,2
opd_002505,loc_011,2026-07-27,fever,5
opd_002506,loc_011,2026-07-27,diarrhea,2
opd_002507,loc_011,2026-07-27,cough,4
opd_002508,loc_011,2026-07-27,rash,3
opd_002509,loc_011,2026-07-28,fever,4
opd_002510,loc_011,2026-07-28,diarrhea,2
opd_002511,loc_011,2026-07-28,cough,3
opd_002512,loc_011,2026-07-28,rash,2
opd_002513,loc_011,2026-07-29,fever,7
opd_002514,loc_011,2026-07-29,diarrhea,5
opd_002515,loc_011,2026-07-29,cough,5
opd_002516,loc_011,2026-07-29,rash,3
opd_002517,loc_011,2026-07-30,fever,6
opd_002518,loc_011,2026-07-30,diarrhea,2
opd_002519,loc_011,2026-07-30,cough,5
opd_002520,loc_011,2026-07-30,rash,2
opd_002521,loc_011,2026-07-31,fever,4
opd_002522,loc_011,2026-07-31,diarrhea,6
opd_002523,loc_011,2026-07-31,cough,6
opd_002524,loc_011,2026-07-31,rash,3
opd_002525,loc_011,2026-08-01,fever,4
opd_002526,loc_011,2026-08-01,diarrhea,3
opd_002527,loc_011,2026-08-01,cough,5
opd_002528,loc_011,2026-08-01,rash,0
opd_002529,loc_011,2026-08-02,fever,8
opd_002530,loc_011,2026-08-02,diarrhea,3
opd_002531,loc_011,2026-08-02,cough,3
opd_002532,loc_011,2026-08-02,rash,2
opd_002533,loc_011,2026-08-03,fever,6
opd_002534,loc_011,2026-08-03,diarrhea,3
opd_002535,loc_011,2026-08-03,cough,2
opd_002536,loc_011,2026-08-03,rash,1
opd_002537,loc_011,2026-08-04,fever,5
opd_002538,loc_011,2026-08-04,diarrhea,4
opd_002539,loc_011,2026-08-04,cough,3
opd_002540,loc_011,2026-08-04,rash,1
opd_002541,loc_011,2026-08-05,fever,8
opd_002542,loc_011,2026-08-05,diarrhea,6
opd_002543,loc_011,2026-08-05,cough,3
opd_002544,loc_011,2026-08-05,rash,2
opd_002545,loc_011,2026-08-06,fever,5
opd_002546,loc_011,2026-08-06,diarrhea,4
opd_002547,loc_011,2026-08-06,cough,4
opd_002548,loc_011,2026-08-06,rash,0
opd_002549,loc_011,2026-08-07,fever,5
opd_002550,loc_011,2026-08-07,diarrhea,3
opd_002551,loc_011,2026-08-07,cough,5
opd_002552,loc_011,2026-08-07,rash,2
opd_002553,loc_011,2026-08-08,fever,5
opd_002554,loc_011,2026-08-08,diarrhea,2
opd_002555,loc_011,2026-08-08,cough,4
opd_002556,loc_011,2026-08-08,rash,2
opd_002557,loc_011,2026-08-09,fever,6
opd_002558,loc_011,2026-08-09,diarrhea,3
opd_002559,loc_011,2026-08-09,cough,3
opd_002560,loc_011,2026-08-09,rash,2
opd_002561,loc_011,2026-08-10,fever,5
opd_002562,loc_011,2026-08-10,diarrhea,6
opd_002563,loc_011,2026-08-10,cough,3
opd_002564,loc_011,2026-08-10,rash,0
opd_002565,loc_011,2026-08-11,fever,7
opd_002566,loc_011,2026-08-11,diarrhea,6
opd_002567,loc_011,2026-08-11,cough,3
opd_002568,loc_011,2026-08-11,rash,0
opd_002569,loc_011,2026-08-12,fever,5
opd_002570,loc_011,2026-08-12,diarrhea,3
opd_002571,loc_011,2026-08-12,cough,3
opd_002572,loc_011,2026-08-12,rash,1
opd_002573,loc_011,2026-08-13,fever,8
opd_002574,loc_011,2026-08-13,diarrhea,4
opd_002575,loc_011,2026-08-13,cough,5
opd_002576,loc_011,2026-08-13,rash,0
opd_002577,loc_011,2026-08-14,fever,8
opd_002578,loc_011,2026-08-14,diarrhea,3
opd_002579,loc_011,2026-08-14,cough,3
opd_002580,loc_011,2026-08-14,rash,2
opd_002581,loc_011,2026-08-15,fever,8
opd_002582,loc_011,2026-08-15,diarrhea,3
opd_002583,loc_011,2026-08-15,cough,2
opd_002584,loc_011,2026-08-15,rash,1
opd_002585,loc_011,2026-08-16,fever,6
opd_002586,loc_011,2026-08-16,diarrhea,5
opd_002587,loc_011,2026-08-16,cough,5
opd_002588,loc_011,2026-08-16,rash,0
opd_002589,loc_011,2026-08-17,fever,8
opd_002590,loc_011,2026-08-17,diarrhea,6
opd_002591,loc_011,2026-08-17,cough,6
opd_002592,loc_011,2026-08-17,rash,3
opd_002593,loc_011,2026-08-18,fever,6
opd_002594,loc_011,2026-08-18,diarrhea,2
opd_002595,loc_011,2026-08-18,cough,2
opd_002596,loc_011,2026-08-18,rash,3
opd_002597,loc_011,2026-08-19,fever,5
opd_002598,loc_011,2026-08-19,diarrhea,5
opd_002599,loc_011,2026-08-19,cough,3
opd_002600,loc_011,2026-08-19,rash,3
opd_002601,loc_011,2026-08-20,fever,4
opd_002602,loc_011,2026-08-20,diarrhea,3
opd_002603,loc_011,2026-08-20,cough,6
opd_002604,loc_011,2026-08-20,rash,0
opd_002605,loc_011,2026-08-21,fever,7
opd_002606,loc_011,2026-08-21,diarrhea,5
opd_002607,loc_011,2026-08-21,cough,5
opd_002608,loc_011,2026-08-21,rash,2
opd_002609,loc_011,2026-08-22,fever,8
opd_002610,loc_011,2026-08-22,diarrhea,4
opd_002611,loc_011,2026-08-22,cough,6
opd_002612,loc_011,2026-08-22,rash,0
opd_002613,loc_011,2026-08-23,fever,7
opd_002614,loc_011,2026-08-23,diarrhea,2
opd_002615,loc_011,2026-08-23,cough,3
opd_002616,loc_011,2026-08-23,rash,0
opd_002617,loc_011,2026-08-24,fever,7
opd_002618,loc_011,2026-08-24,diarrhea,5
opd_002619,loc_011,2026-08-24,cough,3
opd_002620,loc_011,2026-08-24,rash,3
opd_002621,loc_011,2026-08-25,fever,7
opd_002622,loc_011,2026-08-25,diarrhea,2
opd_002623,loc_011,2026-08-25,cough,2
opd_002624,loc_011,2026-08-25,rash,0
opd_002625,loc_011,2026-08-26,fever,7
opd_002626,loc_011,2026-08-26,diarrhea,4
opd_002627,loc_011,2026-08-26,cough,3
opd_002628,loc_011,2026-08-26,rash,3
opd_002629,loc_011,2026-08-27,fever,7
opd_002630,loc_011,2026-08-27,diarrhea,6
opd_002631,loc_011,2026-08-27,cough,5
opd_002632,loc_011,2026-08-27,rash,1
opd_002633,loc_011,2026-08-28,fever,8
opd_002634,loc_011,2026-08-28,diarrhea,6
opd_002635,loc_011,2026-08-28,cough,5
opd_002636,loc_011,2026-08-28,rash,0
opd_002637,loc_011,2026-08-29,fever,4
opd_002638,loc_011,2026-08-29,diarrhea,2
opd_002639,loc_011,2026-08-29,cough,4
opd_002640,loc_011,2026-08-29,rash,0
opd_002641,loc_012,2026-07-01,fever,5
opd_002642,loc_012,2026-07-01,diarrhea,2
opd_002643,loc_012,2026-07-01,cough,5
opd_002644,loc_012,2026-07-01,rash,3
opd_002645,loc_012,2026-07-02,fever,6
opd_002646,loc_012,2026-07-02,diarrhea,3
opd_002647,loc_012,2026-07-02,cough,2
opd_002648,loc_012,2026-07-02,rash,2
opd_002649,loc_012,2026-07-03,fever,4
opd_002650,loc_012,2026-07-03,diarrhea,5
opd_002651,loc_012,2026-07-03,cough,3
opd_002652,loc_012,2026-07-03,rash,2
opd_002653,loc_012,2026-07-04,fever,7
opd_002654,loc_012,2026-07-04,diarrhea,3
opd_002655,loc_012,2026-07-04,cough,2
opd_002656,loc_012,2026-07-04,rash,0
opd_002657,loc_012,2026-07-05,fever,5
opd_002658,loc_012,2026-07-05,diarrhea,5
opd_002659,loc_012,2026-07-05,cough,6
opd_002660,loc_012,2026-07-05,rash,1
opd_002661,loc_012,2026-07-06,fever,6
opd_002662,loc_012,2026-07-06,diarrhea,2
opd_002663,loc_012,2026-07-06,cough,5
opd_002664,loc_012,2026-07-06,rash,0
opd_002665,loc_012,2026-07-07,fever,6
opd_002666,loc_012,2026-07-07,diarrhea,6
opd_002667,loc_012,2026-07-07,cough,3
opd_002668,loc_012,2026-07-07,rash,2
opd_002669,loc_012,2026-07-08,fever,8
opd_002670,loc_012,2026-07-08,diarrhea,4
opd_002671,loc_012,2026-07-08,cough,5
opd_002672,loc_012,2026-07-08,rash,0
opd_002673,loc_012,2026-07-09,fever,5
opd_002674,loc_012,2026-07-09,diarrhea,4
opd_002675,loc_012,2026-07-09,cough,3
opd_002676,loc_012,2026-07-09,rash,2
opd_002677,loc_012,2026-07-10,fever,4
opd_002678,loc_012,2026-07-10,diarrhea,3
opd_002679,loc_012,2026-07-10,cough,5
opd_002680,loc_012,2026-07-10,rash,0
opd_002681,loc_012,2026-07-11,fever,8
opd_002682,loc_012,2026-07-11,diarrhea,5
opd_002683,loc_012,2026-07-11,cough,6
opd_002684,loc_012,2026-07-11,rash,0
opd_002685,loc_012,2026-07-12,fever,8
opd_002686,loc_012,2026-07-12,diarrhea,4
opd_002687,loc_012,2026-07-12,cough,5
opd_002688,loc_012,2026-07-12,rash,3
opd_002689,loc_012,2026-07-13,fever,5
opd_002690,loc_012,2026-07-13,diarrhea,2
opd_002691,loc_012,2026-07-13,cough,6
opd_002692,loc_012,2026-07-13,rash,0
opd_002693,loc_012,2026-07-14,fever,6
opd_002694,loc_012,2026-07-14,diarrhea,6
opd_002695,loc_012,2026-07-14,cough,4
opd_002696,loc_012,2026-07-14,rash,1
opd_002697,loc_012,2026-07-15,fever,4
opd_002698,loc_012,2026-07-15,diarrhea,4
opd_002699,loc_012,2026-07-15,cough,4
opd_002700,loc_012,2026-07-15,rash,3
opd_002701,loc_012,2026-07-16,fever,8
opd_002702,loc_012,2026-07-16,diarrhea,4
opd_002703,loc_012,2026-07-16,cough,5
opd_002704,loc_012,2026-07-16,rash,0
opd_002705,loc_012,2026-07-17,fever,5
opd_002706,loc_012,2026-07-17,diarrhea,6
opd_002707,loc_012,2026-07-17,cough,4
opd_002708,loc_012,2026-07-17,rash,0
opd_002709,loc_012,2026-07-18,fever,6
opd_002710,loc_012,2026-07-18,diarrhea,6
opd_002711,loc_012,2026-07-18,cough,6
opd_002712,loc_012,2026-07-18,rash,2
opd_002713,loc_012,2026-07-19,fever,6
opd_002714,loc_012,2026-07-19,diarrhea,4
opd_002715,loc_012,2026-07-19,cough,4
opd_002716,loc_012,2026-07-19,rash,0
opd_002717,loc_012,2026-07-20,fever,6
opd_002718,loc_012,2026-07-20,diarrhea,4
opd_002719,loc_012,2026-07-20,cough,4
opd_002720,loc_012,2026-07-20,rash,0
opd_002721,loc_012,2026-07-21,fever,7
opd_002722,loc_012,2026-07-21,diarrhea,3
opd_002723,loc_012,2026-07-21,cough,5
opd_002724,loc_012,2026-07-21,rash,3
opd_002725,loc_012,2026-07-22,fever,4
opd_002726,loc_012,2026-07-22,diarrhea,5
opd_002727,loc_012,2026-07-22,cough,4
opd_002728,loc_012,2026-07-22,rash,0
opd_002729,loc_012,2026-07-23,fever,5
opd_002730,loc_012,2026-07-23,diarrhea,5
opd_002731,loc_012,2026-07-23,cough,5
opd_002732,loc_012,2026-07-23,rash,2
opd_002733,loc_012,2026-07-24,fever,6
opd_002734,loc_012,2026-07-24,diarrhea,2
opd_002735,loc_012,2026-07-24,cough,6
opd_002736,loc_012,2026-07-24,rash,2
opd_002737,loc_012,2026-07-25,fever,4
opd_002738,loc_012,2026-07-25,diarrhea,5
opd_002739,loc_012,2026-07-25,cough,6
opd_002740,loc_012,2026-07-25,rash,3
opd_002741,loc_012,2026-07-26,fever,6
opd_002742,loc_012,2026-07-26,diarrhea,2
opd_002743,loc_012,2026-07-26,cough,5
opd_002744,loc_012,2026-07-26,rash,0
opd_002745,loc_012,2026-07-27,fever,8
opd_002746,loc_012,2026-07-27,diarrhea,6
opd_002747,loc_012,2026-07-27,cough,6
opd_002748,loc_012,2026-07-27,rash,2
opd_002749,loc_012,2026-07-28,fever,4
opd_002750,loc_012,2026-07-28,diarrhea,3
opd_002751,loc_012,2026-07-28,cough,2
opd_002752,loc_012,2026-07-28,rash,3
opd_002753,loc_012,2026-07-29,fever,4
opd_002754,loc_012,2026-07-29,diarrhea,5
opd_002755,loc_012,2026-07-29,cough,5
opd_002756,loc_012,2026-07-29,rash,1
opd_002757,loc_012,2026-07-30,fever,7
opd_002758,loc_012,2026-07-30,diarrhea,6
opd_002759,loc_012,2026-07-30,cough,3
opd_002760,loc_012,2026-07-30,rash,1
opd_002761,loc_012,2026-07-31,fever,8
opd_002762,loc_012,2026-07-31,diarrhea,5
opd_002763,loc_012,2026-07-31,cough,3
opd_002764,loc_012,2026-07-31,rash,0
opd_002765,loc_012,2026-08-01,fever,4
opd_002766,loc_012,2026-08-01,diarrhea,3
opd_002767,loc_012,2026-08-01,cough,5
opd_002768,loc_012,2026-08-01,rash,0
opd_002769,loc_012,2026-08-02,fever,7
opd_002770,loc_012,2026-08-02,diarrhea,4
opd_002771,loc_012,2026-08-02,cough,2
opd_002772,loc_012,2026-08-02,rash,1
opd_002773,loc_012,2026-08-03,fever,7
opd_002774,loc_012,2026-08-03,diarrhea,3
opd_002775,loc_012,2026-08-03,cough,4
opd_002776,loc_012,2026-08-03,rash,1
opd_002777,loc_012,2026-08-04,fever,4
opd_002778,loc_012,2026-08-04,diarrhea,5
opd_002779,loc_012,2026-08-04,cough,3
opd_002780,loc_012,2026-08-04,rash,2
opd_002781,loc_012,2026-08-05,fever,6
opd_002782,loc_012,2026-08-05,diarrhea,6
opd_002783,loc_012,2026-08-05,cough,3
opd_002784,loc_012,2026-08-05,rash,2
opd_002785,loc_012,2026-08-06,fever,8
opd_002786,loc_012,2026-08-06,diarrhea,3
opd_002787,loc_012,2026-08-06,cough,4
opd_002788,loc_012,2026-08-06,rash,0
opd_002789,loc_012,2026-08-07,fever,4
opd_002790,loc_012,2026-08-07,diarrhea,6
opd_002791,loc_012,2026-08-07,cough,4
opd_002792,loc_012,2026-08-07,rash,3
opd_002793,loc_012,2026-08-08,fever,5
opd_002794,loc_012,2026-08-08,diarrhea,2
opd_002795,loc_012,2026-08-08,cough,4
opd_002796,loc_012,2026-08-08,rash,2
opd_002797,loc_012,2026-08-09,fever,8
opd_002798,loc_012,2026-08-09,diarrhea,4
opd_002799,loc_012,2026-08-09,cough,5
opd_002800,loc_012,2026-08-09,rash,3
opd_002801,loc_012,2026-08-10,fever,6
opd_002802,loc_012,2026-08-10,diarrhea,4
opd_002803,loc_012,2026-08-10,cough,5
opd_002804,loc_012,2026-08-10,rash,2
opd_002805,loc_012,2026-08-11,fever,7
opd_002806,loc_012,2026-08-11,diarrhea,3
opd_002807,loc_012,2026-08-11,cough,5
opd_002808,loc_012,2026-08-11,rash,0
opd_002809,loc_012,2026-08-12,fever,4
opd_002810,loc_012,2026-08-12,diarrhea,2
opd_002811,loc_012,2026-08-12,cough,6
opd_002812,loc_012,2026-08-12,rash,1
opd_002813,loc_012,2026-08-13,fever,6
opd_002814,loc_012,2026-08-13,diarrhea,2
opd_002815,loc_012,2026-08-13,cough,4
opd_002816,loc_012,2026-08-13,rash,3
opd_002817,loc_012,2026-08-14,fever,6
opd_002818,loc_012,2026-08-14,diarrhea,3
opd_002819,loc_012,2026-08-14,cough,5
opd_002820,loc_012,2026-08-14,rash,3
opd_002821,loc_012,2026-08-15,fever,6
opd_002822,loc_012,2026-08-15,diarrhea,3
opd_002823,loc_012,2026-08-15,cough,4
opd_002824,loc_012,2026-08-15,rash,2
opd_002825,loc_012,2026-08-16,fever,6
opd_002826,loc_012,2026-08-16,diarrhea,2
opd_002827,loc_012,2026-08-16,cough,2
opd_002828,loc_012,2026-08-16,rash,0
opd_002829,loc_012,2026-08-17,fever,6
opd_002830,loc_012,2026-08-17,diarrhea,2
opd_002831,loc_012,2026-08-17,cough,6
opd_002832,loc_012,2026-08-17,rash,0
opd_002833,loc_012,2026-08-18,fever,8
opd_002834,loc_012,2026-08-18,diarrhea,5
opd_002835,loc_012,2026-08-18,cough,3
opd_002836,loc_012,2026-08-18,rash,1
opd_002837,loc_012,2026-08-19,fever,4
opd_002838,loc_012,2026-08-19,diarrhea,6
opd_002839,loc_012,2026-08-19,cough,2
opd_002840,loc_012,2026-08-19,rash,0
opd_002841,loc_012,2026-08-20,fever,8
opd_002842,loc_012,2026-08-20,diarrhea,3
opd_002843,loc_012,2026-08-20,cough,6
opd_002844,loc_012,2026-08-20,rash,0
opd_002845,loc_012,2026-08-21,fever,4
opd_002846,loc_012,2026-08-21,diarrhea,5
opd_002847,loc_012,2026-08-21,cough,5
opd_002848,loc_012,2026-08-21,rash,1
opd_002849,loc_012,2026-08-22,fever,7
opd_002850,loc_012,2026-08-22,diarrhea,4
opd_002851,loc_012,2026-08-22,cough,3
opd_002852,loc_012,2026-08-22,rash,3
opd_002853,loc_012,2026-08-23,fever,6
opd_002854,loc_012,2026-08-23,diarrhea,3
opd_002855,loc_012,2026-08-23,cough,5
opd_002856,loc_012,2026-08-23,rash,1
opd_002857,loc_012,2026-08-24,fever,8
opd_002858,loc_012,2026-08-24,diarrhea,6
opd_002859,loc_012,2026-08-24,cough,3
opd_002860,loc_012,2026-08-24,rash,3
opd_002861,loc_012,2026-08-25,fever,8
opd_002862,loc_012,2026-08-25,diarrhea,4
opd_002863,loc_012,2026-08-25,cough,3
opd_002864,loc_012,2026-08-25,rash,0
opd_002865,loc_012,2026-08-26,fever,8
opd_002866,loc_012,2026-08-26,diarrhea,2
opd_002867,loc_012,2026-08-26,cough,3
opd_002868,loc_012,2026-08-26,rash,1
opd_002869,loc_012,2026-08-27,fever,5
opd_002870,loc_012,2026-08-27,diarrhea,3
opd_002871,loc_012,2026-08-27,cough,6
opd_002872,loc_012,2026-08-27,rash,3
opd_002873,loc_012,2026-08-28,fever,7
opd_002874,loc_012,2026-08-28,diarrhea,4
opd_002875,loc_012,2026-08-28,cough,3
opd_002876,loc_012,2026-08-28,rash,0
opd_002877,loc_012,2026-08-29,fever,6
opd_002878,loc_012,2026-08-29,diarrhea,3
opd_002879,loc_012,2026-08-29,cough,4
opd_002880,loc_012,2026-08-29,rash,2
