signal_id,location_id,date,product_group,units_sold
pharmacy_000001,loc_001,2026-07-01,ORS,23
pharmacy_000002,loc_001,2026-07-01,fever_medicine,26
pharmacy_000003,loc_001,2026-07-01,cough_medicine,11
pharmacy_000004,loc_001,2026-07-02,ORS,23
pharmacy_000005,loc_001,2026-07-02,fever_medicine,32
pharmacy_000006,loc_001,2026-07-02,cough_medicine,7
pharmacy_000007,loc_001,2026-07-03,ORS,23
pharmacy_000008,loc_001,2026-07-03,fever_medicine,27
pharmacy_000009,loc_001,2026-07-03,cough_medicine,9
pharmacy_000010,loc_001,2026-07-04,ORS,17
pharmacy_000011,loc_001,2026-07-04,fever_medicine,30
pharmacy_000012,loc_001,2026-07-04,cough_medicine,5
pharmacy_000013,loc_001,2026-07-05,ORS,19
pharmacy_000014,loc_001,2026-07-05,fever_medicine,32
pharmacy_000015,loc_001,2026-07-05,cough_medicine,8
pharmacy_000016,loc_001,2026-07-06,ORS,23
pharmacy_000017,loc_001,2026-07-06,fever_medicine,28
pharmacy_000018,loc_001,2026-07-06,cough_medicine,11
pharmacy_000019,loc_001,2026-07-07,ORS,20
pharmacy_000020,loc_001,2026-07-07,fever_medicine,31
pharmacy_000021,loc_001,2026-07-07,cough_medicine,6
pharmacy_000022,loc_001,2026-07-08,ORS,17
pharmacy_000023,loc_001,2026-07-08,fever_medicine,26
pharmacy_000024,loc_001,2026-07-08,cough_medicine,7
pharmacy_000025,loc_001,2026-07-09,ORS,22
pharmacy_000026,loc_001,2026-07-09,fever_medicine,28
pharmacy_000027,loc_001,2026-07-09,cough_medicine,7
pharmacy_000028,loc_001,2026-07-10,ORS,18
pharmacy_000029,loc_001,2026-07-10,fever_medicine,32
pharmacy_000030,loc_001,2026-07-10,cough_medicine,9
pharmacy_000031,loc_001,2026-07-11,ORS,22
pharmacy_000032,loc_001,2026-07-11,fever_medicine,32
pharmacy_000033,loc_001,2026-07-11,cough_medicine,6
pharmacy_000034,loc_001,2026-07-12,ORS,21
pharmacy_000035,loc_001,2026-07-12,fever_medicine,29
pharmacy_000036,loc_001,2026-07-12,cough_medicine,9
pharmacy_000037,loc_001,2026-07-13,ORS,18
pharmacy_000038,loc_001,2026-07-13,fever_medicine,28
pharmacy_000039,loc_001,2026-07-13,cough_medicine,11
pharmacy_000040,loc_001,2026-07-14,ORS,20
pharmacy_000041,loc_001,2026-07-14,fever_medicine,26
pharmacy_000042,loc_001,2026-07-14,cough_medicine,10
pharmacy_000043,loc_001,2026-07-15,ORS,20
pharmacy_000044,loc_001,2026-07-15,fever_medicine,26
pharmacy_000045,loc_001,2026-07-15,cough_medicine,7
pharmacy_000046,loc_001,2026-07-16,ORS,19
pharmacy_000047,loc_001,2026-07-16,fever_medicine,30
pharmacy_000048,loc_001,2026-07-16,cough_medicine,6
pharmacy_000049,loc_001,2026-07-17,ORS,19
pharmacy_000050,loc_001,2026-07-17,fever_medicine,30
pharmacy_000051,loc_001,2026-07-17,cough_medicine,5
pharmacy_000052,loc_001,2026-07-18,ORS,19
pharmacy_000053,loc_001,2026-07-18,fever_medicine,30
pharmacy_000054,loc_001,2026-07-18,cough_medicine,5
pharmacy_000055,loc_001,2026-07-19,ORS,23
pharmacy_000056,loc_001,2026-07-19,fever_medicine,27
pharmacy_000057,loc_001,2026-07-19,cough_medicine,8
pharmacy_000058,loc_001,2026-07-20,ORS,22
pharmacy_000059,loc_001,2026-07-20,fever_medicine,30
pharmacy_000060,loc_001,2026-07-20,cough_medicine,9
pharmacy_000061,loc_001,2026-07-21,ORS,17
pharmacy_000062,loc_001,2026-07-21,fever_medicine,30
pharmacy_000063,loc_001,2026-07-21,cough_medicine,11
pharmacy_000064,loc_001,2026-07-22,ORS,19
pharmacy_000065,loc_001,2026-07-22,fever_medicine,30
pharmacy_000066,loc_001,2026-07-22,cough_medicine,6
pharmacy_000067,loc_001,2026-07-23,ORS,20
pharmacy_000068,loc_001,2026-07-23,fever_medicine,30
pharmacy_000069,loc_001,2026-07-23,cough_medicine,9
pharmacy_000070,loc_001,2026-07-24,ORS,18
pharmacy_000071,loc_001,2026-07-24,fever_medicine,30
pharmacy_000072,loc_001,2026-07-24,cough_medicine,9
pharmacy_000073,loc_001,2026-07-25,ORS,20
pharmacy_000074,loc_001,2026-07-25,fever_medicine,32
pharmacy_000075,loc_001,2026-07-25,cough_medicine,8
pharmacy_000076,loc_001,2026-07-26,ORS,19
pharmacy_000077,loc_001,2026-07-26,fever_medicine,28
pharmacy_000078,loc_001,2026-07-26,cough_medicine,6
pharmacy_000079,loc_001,2026-07-27,ORS,18
pharmacy_000080,loc_001,2026-07-27,fever_medicine,28
pharmacy_000081,loc_001,2026-07-27,cough_medicine,5
pharmacy_000082,loc_001,2026-07-28,ORS,17
pharmacy_000083,loc_001,2026-07-28,fever_medicine,27
pharmacy_000084,loc_001,2026-07-28,cough_medicine,9
pharmacy_000085,loc_001,2026-07-29,ORS,23
pharmacy_000086,loc_001,2026-07-29,fever_medicine,26
pharmacy_000087,loc_001,2026-07-29,cough_medicine,8
pharmacy_000088,loc_001,2026-07-30,ORS,18
pharmacy_000089,loc_001,2026-07-30,fever_medicine,28
pharmacy_000090,loc_001,2026-07-30,cough_medicine,9
pharmacy_000091,loc_001,2026-07-31,ORS,20
pharmacy_000092,loc_001,2026-07-31,fever_medicine,30
pharmacy_000093,loc_001,2026-07-31,cough_medicine,7
pharmacy_000094,loc_001,2026-08-01,ORS,20
pharmacy_000095,loc_001,2026-08-01,fever_medicine,30
pharmacy_000096,loc_001,2026-08-01,cough_medicine,9
pharmacy_000097,loc_001,2026-08-02,ORS,19
pharmacy_000098,loc_001,2026-08-02,fever_medicine,26
pharmacy_000099,loc_001,2026-08-02,cough_medicine,10
pharmacy_000100,loc_001,2026-08-03,ORS,18
pharmacy_000101,loc_001,2026-08-03,fever_medicine,32
pharmacy_000102,loc_001,2026-08-03,cough_medicine,8
pharmacy_000103,loc_001,2026-08-04,ORS,20
pharmacy_000104,loc_001,2026-08-04,fever_medicine,26
pharmacy_000105,loc_001,2026-08-04,cough_medicine,7
pharmacy_000106,loc_001,2026-08-05,ORS,18
pharmacy_000107,loc_001,2026-08-05,fever_medicine,28
pharmacy_000108,loc_001,2026-08-05,cough_medicine,7
pharmacy_000109,loc_001,2026-08-06,ORS,22
pharmacy_000110,loc_001,2026-08-06,fever_medicine,30
pharmacy_000111,loc_001,2026-08-06,cough_medicine,7
pharmacy_000112,loc_001,2026-08-07,ORS,23
pharmacy_000113,loc_001,2026-08-07,fever_medicine,26
pharmacy_000114,loc_001,2026-08-07,cough_medicine,7
pharmacy_000115,loc_001,2026-08-08,ORS,21
pharmacy_000116,loc_001,2026-08-08,fever_medicine,31
pharmacy_000117,loc_001,2026-08-08,cough_medicine,9
pharmacy_000118,loc_001,2026-08-09,ORS,18
pharmacy_000119,loc_001,2026-08-09,fever_medicine,31
pharmacy_000120,loc_001,2026-08-09,cough_medicine,6
pharmacy_000121,loc_001,2026-08-10,ORS,20
pharmacy_000122,loc_001,2026-08-10,fever_medicine,28
pharmacy_000123,loc_001,2026-08-10,cough_medicine,6
pharmacy_000124,loc_001,2026-08-11,ORS,21
pharmacy_000125,loc_001,2026-08-11,fever_medicine,30
pharmacy_000126,loc_001,2026-08-11,cough_medicine,7
pharmacy_000127,loc_001,2026-08-12,ORS,22
pharmacy_000128,loc_001,2026-08-12,fever_medicine,32
pharmacy_000129,loc_001,2026-08-12,cough_medicine,6
pharmacy_000130,loc_001,2026-08-13,ORS,21
pharmacy_000131,loc_001,2026-08-13,fever_medicine,27
pharmacy_000132,loc_001,2026-08-13,cough_medicine,5
pharmacy_000133,loc_001,2026-08-14,ORS,18
pharmacy_000134,loc_001,2026-08-14,fever_medicine,32
pharmacy_000135,loc_001,2026-08-14,cough_medicine,7
pharmacy_000136,loc_001,2026-08-15,ORS,23
pharmacy_000137,loc_001,2026-08-15,fever_medicine,30
pharmacy_000138,loc_001,2026-08-15,cough_medicine,9
pharmacy_000139,loc_001,2026-08-16,ORS,33
pharmacy_000140,loc_001,2026-08-16,fever_medicine,42
pharmacy_000141,loc_001,2026-08-16,cough_medicine,6
pharmacy_000142,loc_001,2026-08-17,ORS,33
pharmacy_000143,loc_001,2026-08-17,fever_medicine,48
pharmacy_000144,loc_001,2026-08-17,cough_medicine,6
pharmacy_000145,loc_001,2026-08-18,ORS,42
pharmacy_000146,loc_001,2026-08-18,fever_medicine,63
pharmacy_000147,loc_001,2026-08-18,cough_medicine,5
pharmacy_000148,loc_001,2026-08-19,ORS,43
pharmacy_000149,loc_001,2026-08-19,fever_medicine,64
pharmacy_000150,loc_001,2026-08-19,cough_medicine,11
pharmacy_000151,loc_001,2026-08-20,ORS,51
pharmacy_000152,loc_001,2026-08-20,fever_medicine,82
pharmacy_000153,loc_001,2026-08-20,cough_medicine,7
pharmacy_000154,loc_001,2026-08-21,ORS,56
pharmacy_000155,loc_001,2026-08-21,fever_medicine,95
pharmacy_000156,loc_001,2026-08-21,cough_medicine,11
pharmacy_000157,loc_001,2026-08-22,ORS,64
pharmacy_000158,loc_001,2026-08-22,fever_medicine,97
pharmacy_000159,loc_001,2026-08-22,cough_medicine,10
pharmacy_000160,loc_001,2026-08-23,ORS,72
pharmacy_000161,loc_001,2026-08-23,fever_medicine,106
pharmacy_000162,loc_001,2026-08-23,cough_medicine,8
pharmacy_000163,loc_001,2026-08-24,ORS,80
pharmacy_000164,loc_001,2026-08-24,fever_medicine,125
pharmacy_000165,loc_001,2026-08-24,cough_medicine,7
pharmacy_000166,loc_001,2026-08-25,ORS,88
pharmacy_000167,loc_001,2026-08-25,fever_medicine,132
pharmacy_000168,loc_001,2026-08-25,cough_medicine,9
pharmacy_000169,loc_001,2026-08-26,ORS,99
pharmacy_000170,loc_001,2026-08-26,fever_medicine,146
pharmacy_000171,loc_001,2026-08-26,cough_medicine,7
pharmacy_000172,loc_001,2026-08-27,ORS,102
pharmacy_000173,loc_001,2026-08-27,fever_medicine,155
pharmacy_000174,loc_001,2026-08-27,cough_medicine,5
pharmacy_000175,loc_001,2026-08-28,ORS,114
pharmacy_000176,loc_001,2026-08-28,fever_medicine,164
pharmacy_000177,loc_001,2026-08-28,cough_medicine,5
pharmacy_000178,loc_001,2026-08-29,ORS,114
pharmacy_000179,loc_001,2026-08-29,fever_medicine,177
pharmacy_000180,loc_001,2026-08-29,cough_medicine,10
pharmacy_000181,loc_002,2026-07-01,ORS,17
pharmacy_000182,loc_002,2026-07-01,fever_medicine,31
pharmacy_000183,loc_002,2026-07-01,cough_medicine,6
pharmacy_000184,loc_002,2026-07-02,ORS,19
pharmacy_000185,loc_002,2026-07-02,fever_medicine,30
pharmacy_000186,loc_002,2026-07-02,cough_medicine,10
pharmacy_000187,loc_002,2026-07-03,ORS,21
pharmacy_000188,loc_002,2026-07-03,fever_medicine,27
pharmacy_000189,loc_002,2026-07-03,cough_medicine,10
pharmacy_000190,loc_002,2026-07-04,ORS,18
pharmacy_000191,loc_002,2026-07-04,fever_medicine,29
pharmacy_000192,loc_002,2026-07-04,cough_medicine,8
pharmacy_000193,loc_002,2026-07-05,ORS,17
pharmacy_000194,loc_002,2026-07-05,fever_medicine,28
pharmacy_000195,loc_002,2026-07-05,cough_medicine,11
pharmacy_000196,loc_002,2026-07-06,ORS,18
pharmacy_000197,loc_002,2026-07-06,fever_medicine,28
pharmacy_000198,loc_002,2026-07-06,cough_medicine,10
pharmacy_000199,loc_002,2026-07-07,ORS,18
pharmacy_000200,loc_002,2026-07-07,fever_medicine,26
pharmacy_000201,loc_002,2026-07-07,cough_medicine,10
pharmacy_000202,loc_002,2026-07-08,ORS,19
pharmacy_000203,loc_002,2026-07-08,fever_medicine,28
pharmacy_000204,loc_002,2026-07-08,cough_medicine,6
pharmacy_000205,loc_002,2026-07-09,ORS,23
pharmacy_000206,loc_002,2026-07-09,fever_medicine,32
pharmacy_000207,loc_002,2026-07-09,cough_medicine,10
pharmacy_000208,loc_002,2026-07-10,ORS,23
pharmacy_000209,loc_002,2026-07-10,fever_medicine,32
pharmacy_000210,loc_002,2026-07-10,cough_medicine,7
pharmacy_000211,loc_002,2026-07-11,ORS,21
pharmacy_000212,loc_002,2026-07-11,fever_medicine,27
pharmacy_000213,loc_002,2026-07-11,cough_medicine,7
pharmacy_000214,loc_002,2026-07-12,ORS,18
pharmacy_000215,loc_002,2026-07-12,fever_medicine,30
pharmacy_000216,loc_002,2026-07-12,cough_medicine,5
pharmacy_000217,loc_002,2026-07-13,ORS,20
pharmacy_000218,loc_002,2026-07-13,fever_medicine,30
pharmacy_000219,loc_002,2026-07-13,cough_medicine,9
pharmacy_000220,loc_002,2026-07-14,ORS,22
pharmacy_000221,loc_002,2026-07-14,fever_medicine,26
pharmacy_000222,loc_002,2026-07-14,cough_medicine,9
pharmacy_000223,loc_002,2026-07-15,ORS,17
pharmacy_000224,loc_002,2026-07-15,fever_medicine,31
pharmacy_000225,loc_002,2026-07-15,cough_medicine,11
pharmacy_000226,loc_002,2026-07-16,ORS,23
pharmacy_000227,loc_002,2026-07-16,fever_medicine,29
pharmacy_000228,loc_002,2026-07-16,cough_medicine,10
pharmacy_000229,loc_002,2026-07-17,ORS,19
pharmacy_000230,loc_002,2026-07-17,fever_medicine,27
pharmacy_000231,loc_002,2026-07-17,cough_medicine,8
pharmacy_000232,loc_002,2026-07-18,ORS,20
pharmacy_000233,loc_002,2026-07-18,fever_medicine,26
pharmacy_000234,loc_002,2026-07-18,cough_medicine,5
pharmacy_000235,loc_002,2026-07-19,ORS,19
pharmacy_000236,loc_002,2026-07-19,fever_medicine,26
pharmacy_000237,loc_002,2026-07-19,cough_medicine,11
pharmacy_000238,loc_002,2026-07-20,ORS,20
pharmacy_000239,loc_002,2026-07-20,fever_medicine,29
pharmacy_000240,loc_002,2026-07-20,cough_medicine,10
pharmacy_000241,loc_002,2026-07-21,ORS,20
pharmacy_000242,loc_002,2026-07-21,fever_medicine,30
pharmacy_000243,loc_002,2026-07-21,cough_medicine,5
pharmacy_000244,loc_002,2026-07-22,ORS,22
pharmacy_000245,loc_002,2026-07-22,fever_medicine,26
pharmacy_000246,loc_002,2026-07-22,cough_medicine,7
pharmacy_000247,loc_002,2026-07-23,ORS,20
pharmacy_000248,loc_002,2026-07-23,fever_medicine,30
pharmacy_000249,loc_002,2026-07-23,cough_medicine,10
pharmacy_000250,loc_002,2026-07-24,ORS,17
pharmacy_000251,loc_002,2026-07-24,fever_medicine,26
pharmacy_000252,loc_002,2026-07-24,cough_medicine,11
pharmacy_000253,loc_002,2026-07-25,ORS,18
pharmacy_000254,loc_002,2026-07-25,fever_medicine,31
pharmacy_000255,loc_002,2026-07-25,cough_medicine,6
pharmacy_000256,loc_002,2026-07-26,ORS,23
pharmacy_000257,loc_002,2026-07-26,fever_medicine,27
pharmacy_000258,loc_002,2026-07-26,cough_medicine,7
pharmacy_000259,loc_002,2026-07-27,ORS,17
pharmacy_000260,loc_002,2026-07-27,fever_medicine,31
pharmacy_000261,loc_002,2026-07-27,cough_medicine,7
pharmacy_000262,loc_002,2026-07-28,ORS,17
pharmacy_000263,loc_002,2026-07-28,fever_medicine,29
pharmacy_000264,loc_002,2026-07-28,cough_medicine,8
pharmacy_000265,loc_002,2026-07-29,ORS,21
pharmacy_000266,loc_002,2026-07-29,fever_medicine,27
pharmacy_000267,loc_002,2026-07-29,cough_medicine,9
pharmacy_000268,loc_002,2026-07-30,ORS,21
pharmacy_000269,loc_002,2026-07-30,fever_medicine,27
pharmacy_000270,loc_002,2026-07-30,cough_medicine,5
pharmacy_000271,loc_002,2026-07-31,ORS,22
pharmacy_000272,loc_002,2026-07-31,fever_medicine,29
pharmacy_000273,loc_002,2026-07-31,cough_medicine,7
pharmacy_000274,loc_002,2026-08-01,ORS,17
pharmacy_000275,loc_002,2026-08-01,fever_medicine,27
pharmacy_000276,loc_002,2026-08-01,cough_medicine,11
pharmacy_000277,loc_002,2026-08-02,ORS,17
pharmacy_000278,loc_002,2026-08-02,fever_medicine,30
pharmacy_000279,loc_002,2026-08-02,cough_medicine,5
pharmacy_000280,loc_002,2026-08-03,ORS,23
pharmacy_000281,loc_002,2026-08-03,fever_medicine,28
pharmacy_000282,loc_002,2026-08-03,cough_medicine,5
pharmacy_000283,loc_002,2026-08-04,ORS,19
pharmacy_000284,loc_002,2026-08-04,fever_medicine,32
pharmacy_000285,loc_002,2026-08-04,cough_medicine,10
pharmacy_000286,loc_002,2026-08-05,ORS,23
pharmacy_000287,loc_002,2026-08-05,fever_medicine,27
pharmacy_000288,loc_002,2026-08-05,cough_medicine,5
pharmacy_000289,loc_002,2026-08-06,ORS,17
pharmacy_000290,loc_002,2026-08-06,fever_medicine,28
pharmacy_000291,loc_002,2026-08-06,cough_medicine,7
pharmacy_000292,loc_002,2026-08-07,ORS,17
pharmacy_000293,loc_002,2026-08-07,fever_medicine,27
pharmacy_000294,loc_002,2026-08-07,cough_medicine,10
pharmacy_000295,loc_002,2026-08-08,ORS,18
pharmacy_000296,loc_002,2026-08-08,fever_medicine,30
pharmacy_000297,loc_002,2026-08-08,cough_medicine,5
pharmacy_000298,loc_002,2026-08-09,ORS,17
pharmacy_000299,loc_002,2026-08-09,fever_medicine,31
pharmacy_000300,loc_002,2026-08-09,cough_medicine,7
pharmacy_000301,loc_002,2026-08-10,ORS,20
pharmacy_000302,loc_002,2026-08-10,fever_medicine,29
pharmacy_000303,loc_002,2026-08-10,cough_medicine,9
pharmacy_000304,loc_002,2026-08-11,ORS,18
pharmacy_000305,loc_002,2026-08-11,fever_medicine,31
pharmacy_000306,loc_002,2026-08-11,cough_medicine,6
pharmacy_000307,loc_002,2026-08-12,ORS,17
pharmacy_000308,loc_002,2026-08-12,fever_medicine,29
pharmacy_000309,loc_002,2026-08-12,cough_medicine,11
pharmacy_000310,loc_002,2026-08-13,ORS,20
pharmacy_000311,loc_002,2026-08-13,fever_medicine,32
pharmacy_000312,loc_002,2026-08-13,cough_medicine,9
pharmacy_000313,loc_002,2026-08-14,ORS,17
pharmacy_000314,loc_002,2026-08-14,fever_medicine,28
pharmacy_000315,loc_002,2026-08-14,cough_medicine,6
pharmacy_000316,loc_002,2026-08-15,ORS,17
pharmacy_000317,loc_002,2026-08-15,fever_medicine,26
pharmacy_000318,loc_002,2026-08-15,cough_medicine,6
pharmacy_000319,loc_002,2026-08-16,ORS,32
pharmacy_000320,loc_002,2026-08-16,fever_medicine,43
pharmacy_000321,loc_002,2026-08-16,cough_medicine,9
pharmacy_000322,loc_002,2026-08-17,ORS,36
pharmacy_000323,loc_002,2026-08-17,fever_medicine,45
pharmacy_000324,loc_002,2026-08-17,cough_medicine,5
pharmacy_000325,loc_002,2026-08-18,ORS,44
pharmacy_000326,loc_002,2026-08-18,fever_medicine,55
pharmacy_000327,loc_002,2026-08-18,cough_medicine,10
pharmacy_000328,loc_002,2026-08-19,ORS,52
pharmacy_000329,loc_002,2026-08-19,fever_medicine,74
pharmacy_000330,loc_002,2026-08-19,cough_medicine,6
pharmacy_000331,loc_002,2026-08-20,ORS,60
pharmacy_000332,loc_002,2026-08-20,fever_medicine,82
pharmacy_000333,loc_002,2026-08-20,cough_medicine,9
pharmacy_000334,loc_002,2026-08-21,ORS,67
pharmacy_000335,loc_002,2026-08-21,fever_medicine,84
pharmacy_000336,loc_002,2026-08-21,cough_medicine,9
pharmacy_000337,loc_002,2026-08-22,ORS,68
pharmacy_000338,loc_002,2026-08-22,fever_medicine,105
pharmacy_000339,loc_002,2026-08-22,cough_medicine,11
pharmacy_000340,loc_002,2026-08-23,ORS,78
pharmacy_000341,loc_002,2026-08-23,fever_medicine,109
pharmacy_000342,loc_002,2026-08-23,cough_medicine,6
pharmacy_000343,loc_002,2026-08-24,ORS,78
pharmacy_000344,loc_002,2026-08-24,fever_medicine,115
pharmacy_000345,loc_002,2026-08-24,cough_medicine,7
pharmacy_000346,loc_002,2026-08-25,ORS,93
pharmacy_000347,loc_002,2026-08-25,fever_medicine,125
pharmacy_000348,loc_002,2026-08-25,cough_medicine,10
pharmacy_000349,loc_002,2026-08-26,ORS,94
pharmacy_000350,loc_002,2026-08-26,fever_medicine,136
pharmacy_000351,loc_002,2026-08-26,cough_medicine,5
pharmacy_000352,loc_002,2026-08-27,ORS,105
pharmacy_000353,loc_002,2026-08-27,fever_medicine,156
pharmacy_000354,loc_002,2026-08-27,cough_medicine,8
pharmacy_000355,loc_002,2026-08-28,ORS,113
pharmacy_000356,loc_002,2026-08-28,fever_medicine,159
pharmacy_000357,loc_002,2026-08-28,cough_medicine,6
pharmacy_000358,loc_002,2026-08-29,ORS,122
pharmacy_000359,loc_002,2026-08-29,fever_medicine,177
pharmacy_000360,loc_002,2026-08-29,cough_medicine,9
pharmacy_000361,loc_003,2026-07-01,ORS,22
pharmacy_000362,loc_003,2026-07-01,fever_medicine,29
pharmacy_000363,loc_003,2026-07-01,cough_medicine,6
pharmacy_000364,loc_003,2026-07-02,ORS,21
pharmacy_000365,loc_003,2026-07-02,fever_medicine,32
pharmacy_000366,loc_003,2026-07-02,cough_medicine,5
pharmacy_000367,loc_003,2026-07-03,ORS,19
pharmacy_000368,loc_003,2026-07-03,fever_medicine,32
pharmacy_000369,loc_003,2026-07-03,cough_medicine,7
pharmacy_000370,loc_003,2026-07-04,ORS,23
pharmacy_000371,loc_003,2026-07-04,fever_medicine,28
pharmacy_000372,loc_003,2026-07-04,cough_medicine,9
pharmacy_000373,loc_003,2026-07-05,ORS,23
pharmacy_000374,loc_003,2026-07-05,fever_medicine,32
pharmacy_000375,loc_003,2026-07-05,cough_medicine,9
pharmacy_000376,loc_003,2026-07-06,ORS,17
pharmacy_000377,loc_003,2026-07-06,fever_medicine,31
pharmacy_000378,loc_003,2026-07-06,cough_medicine,6
pharmacy_000379,loc_003,2026-07-07,ORS,21
pharmacy_000380,loc_003,2026-07-07,fever_medicine,32
pharmacy_000381,loc_003,2026-07-07,cough_medicine,7
pharmacy_000382,loc_003,2026-07-08,ORS,23
pharmacy_000383,loc_003,2026-07-08,fever_medicine,29
pharmacy_000384,loc_003,2026-07-08,cough_medicine,11
pharmacy_000385,loc_003,2026-07-09,ORS,19
pharmacy_000386,loc_003,2026-07-09,fever_medicine,26
pharmacy_000387,loc_003,2026-07-09,cough_medicine,10
pharmacy_000388,loc_003,2026-07-10,ORS,18
pharmacy_000389,loc_003,2026-07-10,fever_medicine,26
pharmacy_000390,loc_003,2026-07-10,cough_medicine,10
pharmacy_000391,loc_003,2026-07-11,ORS,20
pharmacy_000392,loc_003,2026-07-11,fever_medicine,26
pharmacy_000393,loc_003,2026-07-11,cough_medicine,6
pharmacy_000394,loc_003,2026-07-12,ORS,21
pharmacy_000395,loc_003,2026-07-12,fever_medicine,31
pharmacy_000396,loc_003,2026-07-12,cough_medicine,11
pharmacy_000397,loc_003,2026-07-13,ORS,19
pharmacy_000398,loc_003,2026-07-13,fever_medicine,32
pharmacy_000399,loc_003,2026-07-13,cough_medicine,10
pharmacy_000400,loc_003,2026-07-14,ORS,18
pharmacy_000401,loc_003,2026-07-14,fever_medicine,26
pharmacy_000402,loc_003,2026-07-14,cough_medicine,8
pharmacy_000403,loc_003,2026-07-15,ORS,18
pharmacy_000404,loc_003,2026-07-15,fever_medicine,28
pharmacy_000405,loc_003,2026-07-15,cough_medicine,11
pharmacy_000406,loc_003,2026-07-16,ORS,23
pharmacy_000407,loc_003,2026-07-16,fever_medicine,31
pharmacy_000408,loc_003,2026-07-16,cough_medicine,11
pharmacy_000409,loc_003,2026-07-17,ORS,19
pharmacy_000410,loc_003,2026-07-17,fever_medicine,31
pharmacy_000411,loc_003,2026-07-17,cough_medicine,5
pharmacy_000412,loc_003,2026-07-18,ORS,18
pharmacy_000413,loc_003,2026-07-18,fever_medicine,32
pharmacy_000414,loc_003,2026-07-18,cough_medicine,10
pharmacy_000415,loc_003,2026-07-19,ORS,22
pharmacy_000416,loc_003,2026-07-19,fever_medicine,32
pharmacy_000417,loc_003,2026-07-19,cough_medicine,9
pharmacy_000418,loc_003,2026-07-20,ORS,21
pharmacy_000419,loc_003,2026-07-20,fever_medicine,30
pharmacy_000420,loc_003,2026-07-20,cough_medicine,7
pharmacy_000421,loc_003,2026-07-21,ORS,20
pharmacy_000422,loc_003,2026-07-21,fever_medicine,29
pharmacy_000423,loc_003,2026-07-21,cough_medicine,5
pharmacy_000424,loc_003,2026-07-22,ORS,18
pharmacy_000425,loc_003,2026-07-22,fever_medicine,31
pharmacy_000426,loc_003,2026-07-22,cough_medicine,5
pharmacy_000427,loc_003,2026-07-23,ORS,22
pharmacy_000428,loc_003,2026-07-23,fever_medicine,28
pharmacy_000429,loc_003,2026-07-23,cough_medicine,11
pharmacy_000430,loc_003,2026-07-24,ORS,19
pharmacy_000431,loc_003,2026-07-24,fever_medicine,26
pharmacy_000432,loc_003,2026-07-24,cough_medicine,7
pharmacy_000433,loc_003,2026-07-25,ORS,20
pharmacy_000434,loc_003,2026-07-25,fever_medicine,28
pharmacy_000435,loc_003,2026-07-25,cough_medicine,10
pharmacy_000436,loc_003,2026-07-26,ORS,21
pharmacy_000437,loc_003,2026-07-26,fever_medicine,27
pharmacy_000438,loc_003,2026-07-26,cough_medicine,6
pharmacy_000439,loc_003,2026-07-27,ORS,20
pharmacy_000440,loc_003,2026-07-27,fever_medicine,30
pharmacy_000441,loc_003,2026-07-27,cough_medicine,11
pharmacy_000442,loc_003,2026-07-28,ORS,20
pharmacy_000443,loc_003,2026-07-28,fever_medicine,27
pharmacy_000444,loc_003,2026-07-28,cough_medicine,7
pharmacy_000445,loc_003,2026-07-29,ORS,20
pharmacy_000446,loc_003,2026-07-29,fever_medicine,30
pharmacy_000447,loc_003,2026-07-29,cough_medicine,9
pharmacy_000448,loc_003,2026-07-30,ORS,19
pharmacy_000449,loc_003,2026-07-30,fever_medicine,31
pharmacy_000450,loc_003,2026-07-30,cough_medicine,7
pharmacy_000451,loc_003,2026-07-31,ORS,21
pharmacy_000452,loc_003,2026-07-31,fever_medicine,26
pharmacy_000453,loc_003,2026-07-31,cough_medicine,11
pharmacy_000454,loc_003,2026-08-01,ORS,20
pharmacy_000455,loc_003,2026-08-01,fever_medicine,32
pharmacy_000456,loc_003,2026-08-01,cough_medicine,10
pharmacy_000457,loc_003,2026-08-02,ORS,18
pharmacy_000458,loc_003,2026-08-02,fever_medicine,27
pharmacy_000459,loc_003,2026-08-02,cough_medicine,5
pharmacy_000460,loc_003,2026-08-03,ORS,22
pharmacy_000461,loc_003,2026-08-03,fever_medicine,29
pharmacy_000462,loc_003,2026-08-03,cough_medicine,9
pharmacy_000463,loc_003,2026-08-04,ORS,23
pharmacy_000464,loc_003,2026-08-04,fever_medicine,31
pharmacy_000465,loc_003,2026-08-04,cough_medicine,7
pharmacy_000466,loc_003,2026-08-05,ORS,17
pharmacy_000467,loc_003,2026-08-05,fever_medicine,32
pharmacy_000468,loc_003,2026-08-05,cough_medicine,11
pharmacy_000469,loc_003,2026-08-06,ORS,23
pharmacy_000470,loc_003,2026-08-06,fever_medicine,32
pharmacy_000471,loc_003,2026-08-06,cough_medicine,10
pharmacy_000472,loc_003,2026-08-07,ORS,21
pharmacy_000473,loc_003,2026-08-07,fever_medicine,28
pharmacy_000474,loc_003,2026-08-07,cough_medicine,9
pharmacy_000475,loc_003,2026-08-08,ORS,21
pharmacy_000476,loc_003,2026-08-08,fever_medicine,32
pharmacy_000477,loc_003,2026-08-08,cough_medicine,10
pharmacy_000478,loc_003,2026-08-09,ORS,20
pharmacy_000479,loc_003,2026-08-09,fever_medicine,28
pharmacy_000480,loc_003,2026-08-09,cough_medicine,7
pharmacy_000481,loc_003,2026-08-10,ORS,17
pharmacy_000482,loc_003,2026-08-10,fever_medicine,27
pharmacy_000483,loc_003,2026-08-10,cough_medicine,10
pharmacy_000484,loc_003,2026-08-11,ORS,17
pharmacy_000485,loc_003,2026-08-11,fever_medicine,30
pharmacy_000486,loc_003,2026-08-11,cough_medicine,8
pharmacy_000487,loc_003,2026-08-12,ORS,18
pharmacy_000488,loc_003,2026-08-12,fever_medicine,26
pharmacy_000489,loc_003,2026-08-12,cough_medicine,10
pharmacy_000490,loc_003,2026-08-13,ORS,18
pharmacy_000491,loc_003,2026-08-13,fever_medicine,27
pharmacy_000492,loc_003,2026-08-13,cough_medicine,5
pharmacy_000493,loc_003,2026-08-14,ORS,19
pharmacy_000494,loc_003,2026-08-14,fever_medicine,32
pharmacy_000495,loc_003,2026-08-14,cough_medicine,7
pharmacy_000496,loc_003,2026-08-15,ORS,19
pharmacy_000497,loc_003,2026-08-15,fever_medicine,30
pharmacy_000498,loc_003,2026-08-15,cough_medicine,9
pharmacy_000499,loc_003,2026-08-16,ORS,31
pharmacy_000500,loc_003,2026-08-16,fever_medicine,34
pharmacy_000501,loc_003,2026-08-16,cough_medicine,7
pharmacy_000502,loc_003,2026-08-17,ORS,28
pharmacy_000503,loc_003,2026-08-17,fever_medicine,52
pharmacy_000504,loc_003,2026-08-17,cough_medicine,9
pharmacy_000505,loc_003,2026-08-18,ORS,43
pharmacy_000506,loc_003,2026-08-18,fever_medicine,63
pharmacy_000507,loc_003,2026-08-18,cough_medicine,9
pharmacy_000508,loc_003,2026-08-19,ORS,48
pharmacy_000509,loc_003,2026-08-19,fever_medicine,74
pharmacy_000510,loc_003,2026-08-19,cough_medicine,8
pharmacy_000511,loc_003,2026-08-20,ORS,60
pharmacy_000512,loc_003,2026-08-20,fever_medicine,84
pharmacy_000513,loc_003,2026-08-20,cough_medicine,9
pharmacy_000514,loc_003,2026-08-21,ORS,65
pharmacy_000515,loc_003,2026-08-21,fever_medicine,84
pharmacy_000516,loc_003,2026-08-21,cough_medicine,9
pharmacy_000517,loc_003,2026-08-22,ORS,64
pharmacy_000518,loc_003,2026-08-22,fever_medicine,97
pharmacy_000519,loc_003,2026-08-22,cough_medicine,11
pharmacy_000520,loc_003,2026-08-23,ORS,74
pharmacy_000521,loc_003,2026-08-23,fever_medicine,109
pharmacy_000522,loc_003,2026-08-23,cough_medicine,8
pharmacy_000523,loc_003,2026-08-24,ORS,78
pharmacy_000524,loc_003,2026-08-24,fever_medicine,121
pharmacy_000525,loc_003,2026-08-24,cough_medicine,10
pharmacy_000526,loc_003,2026-08-25,ORS,88
pharmacy_000527,loc_003,2026-08-25,fever_medicine,126
pharmacy_000528,loc_003,2026-08-25,cough_medicine,9
pharmacy_000529,loc_003,2026-08-26,ORS,93
pharmacy_000530,loc_003,2026-08-26,fever_medicine,136
pharmacy_000531,loc_003,2026-08-26,cough_medicine,10
pharmacy_000532,loc_003,2026-08-27,ORS,110
pharmacy_000533,loc_003,2026-08-27,fever_medicine,151
pharmacy_000534,loc_003,2026-08-27,cough_medicine,6
pharmacy_000535,loc_003,2026-08-28,ORS,118
pharmacy_000536,loc_003,2026-08-28,fever_medicine,155
pharmacy_000537,loc_003,2026-08-28,cough_medicine,10
pharmacy_000538,loc_003,2026-08-29,ORS,125
pharmacy_000539,loc_003,2026-08-29,fever_medicine,175
pharmacy_000540,loc_003,2026-08-29,cough_medicine,6
pharmacy_000541,loc_004,2026-07-01,ORS,11
pharmacy_000542,loc_004,2026-07-01,fever_medicine,12
pharmacy_000543,loc_004,2026-07-01,cough_medicine,5
pharmacy_000544,loc_004,2026-07-02,ORS,10
pharmacy_000545,loc_004,2026-07-02,fever_medicine,14
pharmacy_000546,loc_004,2026-07-02,cough_medicine,6
pharmacy_000547,loc_004,2026-07-03,ORS,6
pharmacy_000548,loc_004,2026-07-03,fever_medicine,10
pharmacy_000549,loc_004,2026-07-03,cough_medicine,10
pharmacy_000550,loc_004,2026-07-04,ORS,9
pharmacy_000551,loc_004,2026-07-04,fever_medicine,12
pharmacy_000552,loc_004,2026-07-04,cough_medicine,7
pharmacy_000553,loc_004,2026-07-05,ORS,7
pharmacy_000554,loc_004,2026-07-05,fever_medicine,10
pharmacy_000555,loc_004,2026-07-05,cough_medicine,6
pharmacy_000556,loc_004,2026-07-06,ORS,12
pharmacy_000557,loc_004,2026-07-06,fever_medicine,16
pharmacy_000558,loc_004,2026-07-06,cough_medicine,6
pharmacy_000559,loc_004,2026-07-07,ORS,10
pharmacy_000560,loc_004,2026-07-07,fever_medicine,16
pharmacy_000561,loc_004,2026-07-07,cough_medicine,6
pharmacy_000562,loc_004,2026-07-08,ORS,8
pharmacy_000563,loc_004,2026-07-08,fever_medicine,15
pharmacy_000564,loc_004,2026-07-08,cough_medicine,8
pharmacy_000565,loc_004,2026-07-09,ORS,6
pharmacy_000566,loc_004,2026-07-09,fever_medicine,10
pharmacy_000567,loc_004,2026-07-09,cough_medicine,11
pharmacy_000568,loc_004,2026-07-10,ORS,7
pharmacy_000569,loc_004,2026-07-10,fever_medicine,12
pharmacy_000570,loc_004,2026-07-10,cough_medicine,5
pharmacy_000571,loc_004,2026-07-11,ORS,12
pharmacy_000572,loc_004,2026-07-11,fever_medicine,11
pharmacy_000573,loc_004,2026-07-11,cough_medicine,5
pharmacy_000574,loc_004,2026-07-12,ORS,8
pharmacy_000575,loc_004,2026-07-12,fever_medicine,13
pharmacy_000576,loc_004,2026-07-12,cough_medicine,5
pharmacy_000577,loc_004,2026-07-13,ORS,12
pharmacy_000578,loc_004,2026-07-13,fever_medicine,13
pharmacy_000579,loc_004,2026-07-13,cough_medicine,9
pharmacy_000580,loc_004,2026-07-14,ORS,10
pharmacy_000581,loc_004,2026-07-14,fever_medicine,14
pharmacy_000582,loc_004,2026-07-14,cough_medicine,8
pharmacy_000583,loc_004,2026-07-15,ORS,7
pharmacy_000584,loc_004,2026-07-15,fever_medicine,10
pharmacy_000585,loc_004,2026-07-15,cough_medicine,6
pharmacy_000586,loc_004,2026-07-16,ORS,6
pharmacy_000587,loc_004,2026-07-16,fever_medicine,16
pharmacy_000588,loc_004,2026-07-16,cough_medicine,6
pharmacy_000589,loc_004,2026-07-17,ORS,12
pharmacy_000590,loc_004,2026-07-17,fever_medicine,15
pharmacy_000591,loc_004,2026-07-17,cough_medicine,9
pharmacy_000592,loc_004,2026-07-18,ORS,6
pharmacy_000593,loc_004,2026-07-18,fever_medicine,13
pharmacy_000594,loc_004,2026-07-18,cough_medicine,6
pharmacy_000595,loc_004,2026-07-19,ORS,10
pharmacy_000596,loc_004,2026-07-19,fever_medicine,10
pharmacy_000597,loc_004,2026-07-19,cough_medicine,6
pharmacy_000598,loc_004,2026-07-20,ORS,12
pharmacy_000599,loc_004,2026-07-20,fever_medicine,15
pharmacy_000600,loc_004,2026-07-20,cough_medicine,11
pharmacy_000601,loc_004,2026-07-21,ORS,10
pharmacy_000602,loc_004,2026-07-21,fever_medicine,11
pharmacy_000603,loc_004,2026-07-21,cough_medicine,10
pharmacy_000604,loc_004,2026-07-22,ORS,7
pharmacy_000605,loc_004,2026-07-22,fever_medicine,16
pharmacy_000606,loc_004,2026-07-22,cough_medicine,10
pharmacy_000607,loc_004,2026-07-23,ORS,8
pharmacy_000608,loc_004,2026-07-23,fever_medicine,12
pharmacy_000609,loc_004,2026-07-23,cough_medicine,11
pharmacy_000610,loc_004,2026-07-24,ORS,9
pharmacy_000611,loc_004,2026-07-24,fever_medicine,11
pharmacy_000612,loc_004,2026-07-24,cough_medicine,8
pharmacy_000613,loc_004,2026-07-25,ORS,9
pharmacy_000614,loc_004,2026-07-25,fever_medicine,11
pharmacy_000615,loc_004,2026-07-25,cough_medicine,10
pharmacy_000616,loc_004,2026-07-26,ORS,10
pharmacy_000617,loc_004,2026-07-26,fever_medicine,12
pharmacy_000618,loc_004,2026-07-26,cough_medicine,10
pharmacy_000619,loc_004,2026-07-27,ORS,10
pharmacy_000620,loc_004,2026-07-27,fever_medicine,15
pharmacy_000621,loc_004,2026-07-27,cough_medicine,8
pharmacy_000622,loc_004,2026-07-28,ORS,8
pharmacy_000623,loc_004,2026-07-28,fever_medicine,13
pharmacy_000624,loc_004,2026-07-28,cough_medicine,8
pharmacy_000625,loc_004,2026-07-29,ORS,9
pharmacy_000626,loc_004,2026-07-29,fever_medicine,12
pharmacy_000627,loc_004,2026-07-29,cough_medicine,7
pharmacy_000628,loc_004,2026-07-30,ORS,11
pharmacy_000629,loc_004,2026-07-30,fever_medicine,16
pharmacy_000630,loc_004,2026-07-30,cough_medicine,8
pharmacy_000631,loc_004,2026-07-31,ORS,12
pharmacy_000632,loc_004,2026-07-31,fever_medicine,14
pharmacy_000633,loc_004,2026-07-31,cough_medicine,9
pharmacy_000634,loc_004,2026-08-01,ORS,11
pharmacy_000635,loc_004,2026-08-01,fever_medicine,12
pharmacy_000636,loc_004,2026-08-01,cough_medicine,11
pharmacy_000637,loc_004,2026-08-02,ORS,7
pharmacy_000638,loc_004,2026-08-02,fever_medicine,15
pharmacy_000639,loc_004,2026-08-02,cough_medicine,5
pharmacy_000640,loc_004,2026-08-03,ORS,9
pharmacy_000641,loc_004,2026-08-03,fever_medicine,11
pharmacy_000642,loc_004,2026-08-03,cough_medicine,10
pharmacy_000643,loc_004,2026-08-04,ORS,10
pharmacy_000644,loc_004,2026-08-04,fever_medicine,13
pharmacy_000645,loc_004,2026-08-04,cough_medicine,9
pharmacy_000646,loc_004,2026-08-05,ORS,6
pharmacy_000647,loc_004,2026-08-05,fever_medicine,11
pharmacy_000648,loc_004,2026-08-05,cough_medicine,8
pharmacy_000649,loc_004,2026-08-06,ORS,8
pharmacy_000650,loc_004,2026-08-06,fever_medicine,15
pharmacy_000651,loc_004,2026-08-06,cough_medicine,11
pharmacy_000652,loc_004,2026-08-07,ORS,11
pharmacy_000653,loc_004,2026-08-07,fever_medicine,10
pharmacy_000654,loc_004,2026-08-07,cough_medicine,11
pharmacy_000655,loc_004,2026-08-08,ORS,11
pharmacy_000656,loc_004,2026-08-08,fever_medicine,13
pharmacy_000657,loc_004,2026-08-08,cough_medicine,5
pharmacy_000658,loc_004,2026-08-09,ORS,11
pharmacy_000659,loc_004,2026-08-09,fever_medicine,14
pharmacy_000660,loc_004,2026-08-09,cough_medicine,11
pharmacy_000661,loc_004,2026-08-10,ORS,7
pharmacy_000662,loc_004,2026-08-10,fever_medicine,15
pharmacy_000663,loc_004,2026-08-10,cough_medicine,10
pharmacy_000664,loc_004,2026-08-11,ORS,10
pharmacy_000665,loc_004,2026-08-11,fever_medicine,10
pharmacy_000666,loc_004,2026-08-11,cough_medicine,5
pharmacy_000667,loc_004,2026-08-12,ORS,10
pharmacy_000668,loc_004,2026-08-12,fever_medicine,14
pharmacy_000669,loc_004,2026-08-12,cough_medicine,9
pharmacy_000670,loc_004,2026-08-13,ORS,11
pharmacy_000671,loc_004,2026-08-13,fever_medicine,16
pharmacy_000672,loc_004,2026-08-13,cough_medicine,9
pharmacy_000673,loc_004,2026-08-14,ORS,8
pharmacy_000674,loc_004,2026-08-14,fever_medicine,14
pharmacy_000675,loc_004,2026-08-14,cough_medicine,5
pharmacy_000676,loc_004,2026-08-15,ORS,12
pharmacy_000677,loc_004,2026-08-15,fever_medicine,14
pharmacy_000678,loc_004,2026-08-15,cough_medicine,9
pharmacy_000679,loc_004,2026-08-16,ORS,9
pharmacy_000680,loc_004,2026-08-16,fever_medicine,11
pharmacy_000681,loc_004,2026-08-16,cough_medicine,10
pharmacy_000682,loc_004,2026-08-17,ORS,7
pharmacy_000683,loc_004,2026-08-17,fever_medicine,13
pharmacy_000684,loc_004,2026-08-17,cough_medicine,11
pharmacy_000685,loc_004,2026-08-18,ORS,6
pharmacy_000686,loc_004,2026-08-18,fever_medicine,15
pharmacy_000687,loc_004,2026-08-18,cough_medicine,5
pharmacy_000688,loc_004,2026-08-19,ORS,12
pharmacy_000689,loc_004,2026-08-19,fever_medicine,12
pharmacy_000690,loc_004,2026-08-19,cough_medicine,7
pharmacy_000691,loc_004,2026-08-20,ORS,9
pharmacy_000692,loc_004,2026-08-20,fever_medicine,12
pharmacy_000693,loc_004,2026-08-20,cough_medicine,10
pharmacy_000694,loc_004,2026-08-21,ORS,9
pharmacy_000695,loc_004,2026-08-21,fever_medicine,12
pharmacy_000696,loc_004,2026-08-21,cough_medicine,6
pharmacy_000697,loc_004,2026-08-22,ORS,7
pharmacy_000698,loc_004,2026-08-22,fever_medicine,10
pharmacy_000699,loc_004,2026-08-22,cough_medicine,5
pharmacy_000700,loc_004,2026-08-23,ORS,11
pharmacy_000701,loc_004,2026-08-23,fever_medicine,10
pharmacy_000702,loc_004,2026-08-23,cough_medicine,7
pharmacy_000703,loc_004,2026-08-24,ORS,6
pharmacy_000704,loc_004,2026-08-24,fever_medicine,14
pharmacy_000705,loc_004,2026-08-24,cough_medicine,11
pharmacy_000706,loc_004,2026-08-25,ORS,9
pharmacy_000707,loc_004,2026-08-25,fever_medicine,11
pharmacy_000708,loc_004,2026-08-25,cough_medicine,5
pharmacy_000709,loc_004,2026-08-26,ORS,7
pharmacy_000710,loc_004,2026-08-26,fever_medicine,13
pharmacy_000711,loc_004,2026-08-26,cough_medicine,6
pharmacy_000712,loc_004,2026-08-27,ORS,7
pharmacy_000713,loc_004,2026-08-27,fever_medicine,14
pharmacy_000714,loc_004,2026-08-27,cough_medicine,10
pharmacy_000715,loc_004,2026-08-28,ORS,9
pharmacy_000716,loc_004,2026-08-28,fever_medicine,15
pharmacy_000717,loc_004,2026-08-28,cough_medicine,6
pharmacy_000718,loc_004,2026-08-29,ORS,9
pharmacy_000719,loc_004,2026-08-29,fever_medicine,12
pharmacy_000720,loc_004,2026-08-29,cough_medicine,5
pharmacy_000721,loc_005,2026-07-01,ORS,10
pharmacy_000722,loc_005,2026-07-01,fever_medicine,16
pharmacy_000723,loc_005,2026-07-01,cough_medicine,10
pharmacy_000724,loc_005,2026-07-02,ORS,12
pharmacy_000725,loc_005,2026-07-02,fever_medicine,16
pharmacy_000726,loc_005,2026-07-02,cough_medicine,8
pharmacy_000727,loc_005,2026-07-03,ORS,11
pharmacy_000728,loc_005,2026-07-03,fever_medicine,12
pharmacy_000729,loc_005,2026-07-03,cough_medicine,6
pharmacy_000730,loc_005,2026-07-04,ORS,7
pharmacy_000731,loc_005,2026-07-04,fever_medicine,15
pharmacy_000732,loc_005,2026-07-04,cough_medicine,6
pharmacy_000733,loc_005,2026-07-05,ORS,6
pharmacy_000734,loc_005,2026-07-05,fever_medicine,13
pharmacy_000735,loc_005,2026-07-05,cough_medicine,10
pharmacy_000736,loc_005,2026-07-06,ORS,7
pharmacy_000737,loc_005,2026-07-06,fever_medicine,10
pharmacy_000738,loc_005,2026-07-06,cough_medicine,9
pharmacy_000739,loc_005,2026-07-07,ORS,8
pharmacy_000740,loc_005,2026-07-07,fever_medicine,11
pharmacy_000741,loc_005,2026-07-07,cough_medicine,9
pharmacy_000742,loc_005,2026-07-08,ORS,6
pharmacy_000743,loc_005,2026-07-08,fever_medicine,15
pharmacy_000744,loc_005,2026-07-08,cough_medicine,7
pharmacy_000745,loc_005,2026-07-09,ORS,7
pharmacy_000746,loc_005,2026-07-09,fever_medicine,10
pharmacy_000747,loc_005,2026-07-09,cough_medicine,8
pharmacy_000748,loc_005,2026-07-10,ORS,6
pharmacy_000749,loc_005,2026-07-10,fever_medicine,15
pharmacy_000750,loc_005,2026-07-10,cough_medicine,10
pharmacy_000751,loc_005,2026-07-11,ORS,10
pharmacy_000752,loc_005,2026-07-11,fever_medicine,13
pharmacy_000753,loc_005,2026-07-11,cough_medicine,5
pharmacy_000754,loc_005,2026-07-12,ORS,11
pharmacy_000755,loc_005,2026-07-12,fever_medicine,15
pharmacy_000756,loc_005,2026-07-12,cough_medicine,8
pharmacy_000757,loc_005,2026-07-13,ORS,12
pharmacy_000758,loc_005,2026-07-13,fever_medicine,14
pharmacy_000759,loc_005,2026-07-13,cough_medicine,8
pharmacy_000760,loc_005,2026-07-14,ORS,7
pharmacy_000761,loc_005,2026-07-14,fever_medicine,10
pharmacy_000762,loc_005,2026-07-14,cough_medicine,10
pharmacy_000763,loc_005,2026-07-15,ORS,12
pharmacy_000764,loc_005,2026-07-15,fever_medicine,14
pharmacy_000765,loc_005,2026-07-15,cough_medicine,11
pharmacy_000766,loc_005,2026-07-16,ORS,12
pharmacy_000767,loc_005,2026-07-16,fever_medicine,14
pharmacy_000768,loc_005,2026-07-16,cough_medicine,9
pharmacy_000769,loc_005,2026-07-17,ORS,9
pharmacy_000770,loc_005,2026-07-17,fever_medicine,10
pharmacy_000771,loc_005,2026-07-17,cough_medicine,9
pharmacy_000772,loc_005,2026-07-18,ORS,9
pharmacy_000773,loc_005,2026-07-18,fever_medicine,12
pharmacy_000774,loc_005,2026-07-18,cough_medicine,6
pharmacy_000775,loc_005,2026-07-19,ORS,9
pharmacy_000776,loc_005,2026-07-19,fever_medicine,13
pharmacy_000777,loc_005,2026-07-19,cough_medicine,5
pharmacy_000778,loc_005,2026-07-20,ORS,10
pharmacy_000779,loc_005,2026-07-20,fever_medicine,15
pharmacy_000780,loc_005,2026-07-20,cough_medicine,6
pharmacy_000781,loc_005,2026-07-21,ORS,9
pharmacy_000782,loc_005,2026-07-21,fever_medicine,12
pharmacy_000783,loc_005,2026-07-21,cough_medicine,6
pharmacy_000784,loc_005,2026-07-22,ORS,9
pharmacy_000785,loc_005,2026-07-22,fever_medicine,11
pharmacy_000786,loc_005,2026-07-22,cough_medicine,7
pharmacy_000787,loc_005,2026-07-23,ORS,8
pharmacy_000788,loc_005,2026-07-23,fever_medicine,15
pharmacy_000789,loc_005,2026-07-23,cough_medicine,7
pharmacy_000790,loc_005,2026-07-24,ORS,10
pharmacy_000791,loc_005,2026-07-24,fever_medicine,12
pharmacy_000792,loc_005,2026-07-24,cough_medicine,7
pharmacy_000793,loc_005,2026-07-25,ORS,8
pharmacy_000794,loc_005,2026-07-25,fever_medicine,15
pharmacy_000795,loc_005,2026-07-25,cough_medicine,8
pharmacy_000796,loc_005,2026-07-26,ORS,9
pharmacy_000797,loc_005,2026-07-26,fever_medicine,13
pharmacy_000798,loc_005,2026-07-26,cough_medicine,9
pharmacy_000799,loc_005,2026-07-27,ORS,6
pharmacy_000800,loc_005,2026-07-27,fever_medicine,14
pharmacy_000801,loc_005,2026-07-27,cough_medicine,6
pharmacy_000802,loc_005,2026-07-28,ORS,6
pharmacy_000803,loc_005,2026-07-28,fever_medicine,10
pharmacy_000804,loc_005,2026-07-28,cough_medicine,9
pharmacy_000805,loc_005,2026-07-29,ORS,6
pharmacy_000806,loc_005,2026-07-29,fever_medicine,11
pharmacy_000807,loc_005,2026-07-29,cough_medicine,5
pharmacy_000808,loc_005,2026-07-30,ORS,7
pharmacy_000809,loc_005,2026-07-30,fever_medicine,15
pharmacy_000810,loc_005,2026-07-30,cough_medicine,7
pharmacy_000811,loc_005,2026-07-31,ORS,9
pharmacy_000812,loc_005,2026-07-31,fever_medicine,14
pharmacy_000813,loc_005,2026-07-31,cough_medicine,10
pharmacy_000814,loc_005,2026-08-01,ORS,11
pharmacy_000815,loc_005,2026-08-01,fever_medicine,11
pharmacy_000816,loc_005,2026-08-01,cough_medicine,11
pharmacy_000817,loc_005,2026-08-02,ORS,8
pharmacy_000818,loc_005,2026-08-02,fever_medicine,10
pharmacy_000819,loc_005,2026-08-02,cough_medicine,11
pharmacy_000820,loc_005,2026-08-03,ORS,11
pharmacy_000821,loc_005,2026-08-03,fever_medicine,13
pharmacy_000822,loc_005,2026-08-03,cough_medicine,10
pharmacy_000823,loc_005,2026-08-04,ORS,10
pharmacy_000824,loc_005,2026-08-04,fever_medicine,11
pharmacy_000825,loc_005,2026-08-04,cough_medicine,11
pharmacy_000826,loc_005,2026-08-05,ORS,9
pharmacy_000827,loc_005,2026-08-05,fever_medicine,16
pharmacy_000828,loc_005,2026-08-05,cough_medicine,11
pharmacy_000829,loc_005,2026-08-06,ORS,9
pharmacy_000830,loc_005,2026-08-06,fever_medicine,13
pharmacy_000831,loc_005,2026-08-06,cough_medicine,10
pharmacy_000832,loc_005,2026-08-07,ORS,12
pharmacy_000833,loc_005,2026-08-07,fever_medicine,11
pharmacy_000834,loc_005,2026-08-07,cough_medicine,9
pharmacy_000835,loc_005,2026-08-08,ORS,10
pharmacy_000836,loc_005,2026-08-08,fever_medicine,15
pharmacy_000837,loc_005,2026-08-08,cough_medicine,8
pharmacy_000838,loc_005,2026-08-09,ORS,11
pharmacy_000839,loc_005,2026-08-09,fever_medicine,11
pharmacy_000840,loc_005,2026-08-09,cough_medicine,8
pharmacy_000841,loc_005,2026-08-10,ORS,7
pharmacy_000842,loc_005,2026-08-10,fever_medicine,13
pharmacy_000843,loc_005,2026-08-10,cough_medicine,9
pharmacy_000844,loc_005,2026-08-11,ORS,6
pharmacy_000845,loc_005,2026-08-11,fever_medicine,12
pharmacy_000846,loc_005,2026-08-11,cough_medicine,9
pharmacy_000847,loc_005,2026-08-12,ORS,10
pharmacy_000848,loc_005,2026-08-12,fever_medicine,12
pharmacy_000849,loc_005,2026-08-12,cough_medicine,11
pharmacy_000850,loc_005,2026-08-13,ORS,6
pharmacy_000851,loc_005,2026-08-13,fever_medicine,15
pharmacy_000852,loc_005,2026-08-13,cough_medicine,10
pharmacy_000853,loc_005,2026-08-14,ORS,11
pharmacy_000854,loc_005,2026-08-14,fever_medicine,13
pharmacy_000855,loc_005,2026-08-14,cough_medicine,6
pharmacy_000856,loc_005,2026-08-15,ORS,6
pharmacy_000857,loc_005,2026-08-15,fever_medicine,11
pharmacy_000858,loc_005,2026-08-15,cough_medicine,5
pharmacy_000859,loc_005,2026-08-16,ORS,7
pharmacy_000860,loc_005,2026-08-16,fever_medicine,14
pharmacy_000861,loc_005,2026-08-16,cough_medicine,9
pharmacy_000862,loc_005,2026-08-17,ORS,8
pharmacy_000863,loc_005,2026-08-17,fever_medicine,15
pharmacy_000864,loc_005,2026-08-17,cough_medicine,9
pharmacy_000865,loc_005,2026-08-18,ORS,10
pharmacy_000866,loc_005,2026-08-18,fever_medicine,10
pharmacy_000867,loc_005,2026-08-18,cough_medicine,5
pharmacy_000868,loc_005,2026-08-19,ORS,8
pharmacy_000869,loc_005,2026-08-19,fever_medicine,16
pharmacy_000870,loc_005,2026-08-19,cough_medicine,9
pharmacy_000871,loc_005,2026-08-20,ORS,12
pharmacy_000872,loc_005,2026-08-20,fever_medicine,15
pharmacy_000873,loc_005,2026-08-20,cough_medicine,7
pharmacy_000874,loc_005,2026-08-21,ORS,8
pharmacy_000875,loc_005,2026-08-21,fever_medicine,11
pharmacy_000876,loc_005,2026-08-21,cough_medicine,8
pharmacy_000877,loc_005,2026-08-22,ORS,7
pharmacy_000878,loc_005,2026-08-22,fever_medicine,13
pharmacy_000879,loc_005,2026-08-22,cough_medicine,5
pharmacy_000880,loc_005,2026-08-23,ORS,10
pharmacy_000881,loc_005,2026-08-23,fever_medicine,14
pharmacy_000882,loc_005,2026-08-23,cough_medicine,8
pharmacy_000883,loc_005,2026-08-24,ORS,8
pharmacy_000884,loc_005,2026-08-24,fever_medicine,13
pharmacy_000885,loc_005,2026-08-24,cough_medicine,6
pharmacy_000886,loc_005,2026-08-25,ORS,7
pharmacy_000887,loc_005,2026-08-25,fever_medicine,14
pharmacy_000888,loc_005,2026-08-25,cough_medicine,11
pharmacy_000889,loc_005,2026-08-26,ORS,12
pharmacy_000890,loc_005,2026-08-26,fever_medicine,15
pharmacy_000891,loc_005,2026-08-26,cough_medicine,10
pharmacy_000892,loc_005,2026-08-27,ORS,6
pharmacy_000893,loc_005,2026-08-27,fever_medicine,13
pharmacy_000894,loc_005,2026-08-27,cough_medicine,5
pharmacy_000895,loc_005,2026-08-28,ORS,7
pharmacy_000896,loc_005,2026-08-28,fever_medicine,14
pharmacy_000897,loc_005,2026-08-28,cough_medicine,10
pharmacy_000898,loc_005,2026-08-29,ORS,8
pharmacy_000899,loc_005,2026-08-29,fever_medicine,12
pharmacy_000900,loc_005,2026-08-29,cough_medicine,6
pharmacy_000901,loc_006,2026-07-01,ORS,12
pharmacy_000902,loc_006,2026-07-01,fever_medicine,15
pharmacy_000903,loc_006,2026-07-01,cough_medicine,10
pharmacy_000904,loc_006,2026-07-02,ORS,11
pharmacy_000905,loc_006,2026-07-02,fever_medicine,16
pharmacy_000906,loc_006,2026-07-02,cough_medicine,8
pharmacy_000907,loc_006,2026-07-03,ORS,7
pharmacy_000908,loc_006,2026-07-03,fever_medicine,13
pharmacy_000909,loc_006,2026-07-03,cough_medicine,10
pharmacy_000910,loc_006,2026-07-04,ORS,9
pharmacy_000911,loc_006,2026-07-04,fever_medicine,15
pharmacy_000912,loc_006,2026-07-04,cough_medicine,7
pharmacy_000913,loc_006,2026-07-05,ORS,6
pharmacy_000914,loc_006,2026-07-05,fever_medicine,10
pharmacy_000915,loc_006,2026-07-05,cough_medicine,10
pharmacy_000916,loc_006,2026-07-06,ORS,12
pharmacy_000917,loc_006,2026-07-06,fever_medicine,11
pharmacy_000918,loc_006,2026-07-06,cough_medicine,5
pharmacy_000919,loc_006,2026-07-07,ORS,12
pharmacy_000920,loc_006,2026-07-07,fever_medicine,12
pharmacy_000921,loc_006,2026-07-07,cough_medicine,11
pharmacy_000922,loc_006,2026-07-08,ORS,7
pharmacy_000923,loc_006,2026-07-08,fever_medicine,13
pharmacy_000924,loc_006,2026-07-08,cough_medicine,11
pharmacy_000925,loc_006,2026-07-09,ORS,9
pharmacy_000926,loc_006,2026-07-09,fever_medicine,16
pharmacy_000927,loc_006,2026-07-09,cough_medicine,11
pharmacy_000928,loc_006,2026-07-10,ORS,8
pharmacy_000929,loc_006,2026-07-10,fever_medicine,15
pharmacy_000930,loc_006,2026-07-10,cough_medicine,7
pharmacy_000931,loc_006,2026-07-11,ORS,11
pharmacy_000932,loc_006,2026-07-11,fever_medicine,10
pharmacy_000933,loc_006,2026-07-11,cough_medicine,11
pharmacy_000934,loc_006,2026-07-12,ORS,8
pharmacy_000935,loc_006,2026-07-12,fever_medicine,16
pharmacy_000936,loc_006,2026-07-12,cough_medicine,9
pharmacy_000937,loc_006,2026-07-13,ORS,6
pharmacy_000938,loc_006,2026-07-13,fever_medicine,14
pharmacy_000939,loc_006,2026-07-13,cough_medicine,5
pharmacy_000940,loc_006,2026-07-14,ORS,11
pharmacy_000941,loc_006,2026-07-14,fever_medicine,13
pharmacy_000942,loc_006,2026-07-14,cough_medicine,10
pharmacy_000943,loc_006,2026-07-15,ORS,8
pharmacy_000944,loc_006,2026-07-15,fever_medicine,12
pharmacy_000945,loc_006,2026-07-15,cough_medicine,6
pharmacy_000946,loc_006,2026-07-16,ORS,11
pharmacy_000947,loc_006,2026-07-16,fever_medicine,14
pharmacy_000948,loc_006,2026-07-16,cough_medicine,6
pharmacy_000949,loc_006,2026-07-17,ORS,7
pharmacy_000950,loc_006,2026-07-17,fever_medicine,13
pharmacy_000951,loc_006,2026-07-17,cough_medicine,10
pharmacy_000952,loc_006,2026-07-18,ORS,8
pharmacy_000953,loc_006,2026-07-18,fever_medicine,16
pharmacy_000954,loc_006,2026-07-18,cough_medicine,6
pharmacy_000955,loc_006,2026-07-19,ORS,8
pharmacy_000956,loc_006,2026-07-19,fever_medicine,11
pharmacy_000957,loc_006,2026-07-19,cough_medicine,6
pharmacy_000958,loc_006,2026-07-20,ORS,11
pharmacy_000959,loc_006,2026-07-20,fever_medicine,16
pharmacy_000960,loc_006,2026-07-20,cough_medicine,11
pharmacy_000961,loc_006,2026-07-21,ORS,9
pharmacy_000962,loc_006,2026-07-21,fever_medicine,14
pharmacy_000963,loc_006,2026-07-21,cough_medicine,10
pharmacy_000964,loc_006,2026-07-22,ORS,9
pharmacy_000965,loc_006,2026-07-22,fever_medicine,14
pharmacy_000966,loc_006,2026-07-22,cough_medicine,5
pharmacy_000967,loc_006,2026-07-23,ORS,7
pharmacy_000968,loc_006,2026-07-23,fever_medicine,13
pharmacy_000969,loc_006,2026-07-23,cough_medicine,9
pharmacy_000970,loc_006,2026-07-24,ORS,10
pharmacy_000971,loc_006,2026-07-24,fever_medicine,12
pharmacy_000972,loc_006,2026-07-24,cough_medicine,11
pharmacy_000973,loc_006,2026-07-25,ORS,6
pharmacy_000974,loc_006,2026-07-25,fever_medicine,15
pharmacy_000975,loc_006,2026-07-25,cough_medicine,6
pharmacy_000976,loc_006,2026-07-26,ORS,9
pharmacy_000977,loc_006,2026-07-26,fever_medicine,12
pharmacy_000978,loc_006,2026-07-26,cough_medicine,7
pharmacy_000979,loc_006,2026-07-27,ORS,7
pharmacy_000980,loc_006,2026-07-27,fever_medicine,11
pharmacy_000981,loc_006,2026-07-27,cough_medicine,11
pharmacy_000982,loc_006,2026-07-28,ORS,10
pharmacy_000983,loc_006,2026-07-28,fever_medicine,15
pharmacy_000984,loc_006,2026-07-28,cough_medicine,10
pharmacy_000985,loc_006,2026-07-29,ORS,11
pharmacy_000986,loc_006,2026-07-29,fever_medicine,12
pharmacy_000987,loc_006,2026-07-29,cough_medicine,6
pharmacy_000988,loc_006,2026-07-30,ORS,8
pharmacy_000989,loc_006,2026-07-30,fever_medicine,14
pharmacy_000990,loc_006,2026-07-30,cough_medicine,10
pharmacy_000991,loc_006,2026-07-31,ORS,12
pharmacy_000992,loc_006,2026-07-31,fever_medicine,16
pharmacy_000993,loc_006,2026-07-31,cough_medicine,8
pharmacy_000994,loc_006,2026-08-01,ORS,7
pharmacy_000995,loc_006,2026-08-01,fever_medicine,12
pharmacy_000996,loc_006,2026-08-01,cough_medicine,11
pharmacy_000997,loc_006,2026-08-02,ORS,6
pharmacy_000998,loc_006,2026-08-02,fever_medicine,12
pharmacy_000999,loc_006,2026-08-02,cough_medicine,10
pharmacy_001000,loc_006,2026-08-03,ORS,9
pharmacy_001001,loc_006,2026-08-03,fever_medicine,12
pharmacy_001002,loc_006,2026-08-03,cough_medicine,5
pharmacy_001003,loc_006,2026-08-04,ORS,7
pharmacy_001004,loc_006,2026-08-04,fever_medicine,12
pharmacy_001005,loc_006,2026-08-04,cough_medicine,6
pharmacy_001006,loc_006,2026-08-05,ORS,8
pharmacy_001007,loc_006,2026-08-05,fever_medicine,15
pharmacy_001008,loc_006,2026-08-05,cough_medicine,8
pharmacy_001009,loc_006,2026-08-06,ORS,11
pharmacy_001010,loc_006,2026-08-06,fever_medicine,13
pharmacy_001011,loc_006,2026-08-06,cough_medicine,7
pharmacy_001012,loc_006,2026-08-07,ORS,9
pharmacy_001013,loc_006,2026-08-07,fever_medicine,16
pharmacy_001014,loc_006,2026-08-07,cough_medicine,7
pharmacy_001015,loc_006,2026-08-08,ORS,11
pharmacy_001016,loc_006,2026-08-08,fever_medicine,11
pharmacy_001017,loc_006,2026-08-08,cough_medicine,11
pharmacy_001018,loc_006,2026-08-09,ORS,8
pharmacy_001019,loc_006,2026-08-09,fever_medicine,13
pharmacy_001020,loc_006,2026-08-09,cough_medicine,7
pharmacy_001021,loc_006,2026-08-10,ORS,6
pharmacy_001022,loc_006,2026-08-10,fever_medicine,13
pharmacy_001023,loc_006,2026-08-10,cough_medicine,11
pharmacy_001024,loc_006,2026-08-11,ORS,12
pharmacy_001025,loc_006,2026-08-11,fever_medicine,15
pharmacy_001026,loc_006,2026-08-11,cough_medicine,6
pharmacy_001027,loc_006,2026-08-12,ORS,6
pharmacy_001028,loc_006,2026-08-12,fever_medicine,13
pharmacy_001029,loc_006,2026-08-12,cough_medicine,6
pharmacy_001030,loc_006,2026-08-13,ORS,7
pharmacy_001031,loc_006,2026-08-13,fever_medicine,12
pharmacy_001032,loc_006,2026-08-13,cough_medicine,9
pharmacy_001033,loc_006,2026-08-14,ORS,10
pharmacy_001034,loc_006,2026-08-14,fever_medicine,11
pharmacy_001035,loc_006,2026-08-14,cough_medicine,5
pharmacy_001036,loc_006,2026-08-15,ORS,7
pharmacy_001037,loc_006,2026-08-15,fever_medicine,12
pharmacy_001038,loc_006,2026-08-15,cough_medicine,10
pharmacy_001039,loc_006,2026-08-16,ORS,6
pharmacy_001040,loc_006,2026-08-16,fever_medicine,13
pharmacy_001041,loc_006,2026-08-16,cough_medicine,8
pharmacy_001042,loc_006,2026-08-17,ORS,8
pharmacy_001043,loc_006,2026-08-17,fever_medicine,13
pharmacy_001044,loc_006,2026-08-17,cough_medicine,9
pharmacy_001045,loc_006,2026-08-18,ORS,6
pharmacy_001046,loc_006,2026-08-18,fever_medicine,16
pharmacy_001047,loc_006,2026-08-18,cough_medicine,10
pharmacy_001048,loc_006,2026-08-19,ORS,6
pharmacy_001049,loc_006,2026-08-19,fever_medicine,11
pharmacy_001050,loc_006,2026-08-19,cough_medicine,10
pharmacy_001051,loc_006,2026-08-20,ORS,7
pharmacy_001052,loc_006,2026-08-20,fever_medicine,14
pharmacy_001053,loc_006,2026-08-20,cough_medicine,7
pharmacy_001054,loc_006,2026-08-21,ORS,7
pharmacy_001055,loc_006,2026-08-21,fever_medicine,12
pharmacy_001056,loc_006,2026-08-21,cough_medicine,5
pharmacy_001057,loc_006,2026-08-22,ORS,7
pharmacy_001058,loc_006,2026-08-22,fever_medicine,12
pharmacy_001059,loc_006,2026-08-22,cough_medicine,8
pharmacy_001060,loc_006,2026-08-23,ORS,12
pharmacy_001061,loc_006,2026-08-23,fever_medicine,10
pharmacy_001062,loc_006,2026-08-23,cough_medicine,11
pharmacy_001063,loc_006,2026-08-24,ORS,7
pharmacy_001064,loc_006,2026-08-24,fever_medicine,13
pharmacy_001065,loc_006,2026-08-24,cough_medicine,8
pharmacy_001066,loc_006,2026-08-25,ORS,9
pharmacy_001067,loc_006,2026-08-25,fever_medicine,14
pharmacy_001068,loc_006,2026-08-25,cough_medicine,11
pharmacy_001069,loc_006,2026-08-26,ORS,6
pharmacy_001070,loc_006,2026-08-26,fever_medicine,16
pharmacy_001071,loc_006,2026-08-26,cough_medicine,8
pharmacy_001072,loc_006,2026-08-27,ORS,11
pharmacy_001073,loc_006,2026-08-27,fever_medicine,10
pharmacy_001074,loc_006,2026-08-27,cough_medicine,9
pharmacy_001075,loc_006,2026-08-28,ORS,8
pharmacy_001076,loc_006,2026-08-28,fever_medicine,11
pharmacy_001077,loc_006,2026-08-28,cough_medicine,9
pharmacy_001078,loc_006,2026-08-29,ORS,11
pharmacy_001079,loc_006,2026-08-29,fever_medicine,15
pharmacy_001080,loc_006,2026-08-29,cough_medicine,8
pharmacy_001081,loc_007,2026-07-01,ORS,11
pharmacy_001082,loc_007,2026-07-01,fever_medicine,14
pharmacy_001083,loc_007,2026-07-01,cough_medicine,11
pharmacy_001084,loc_007,2026-07-02,ORS,8
pharmacy_001085,loc_007,2026-07-02,fever_medicine,10
pharmacy_001086,loc_007,2026-07-02,cough_medicine,8
pharmacy_001087,loc_007,2026-07-03,ORS,8
pharmacy_001088,loc_007,2026-07-03,fever_medicine,14
pharmacy_001089,loc_007,2026-07-03,cough_medicine,8
pharmacy_001090,loc_007,2026-07-04,ORS,7
pharmacy_001091,loc_007,2026-07-04,fever_medicine,15
pharmacy_001092,loc_007,2026-07-04,cough_medicine,8
pharmacy_001093,loc_007,2026-07-05,ORS,10
pharmacy_001094,loc_007,2026-07-05,fever_medicine,14
pharmacy_001095,loc_007,2026-07-05,cough_medicine,6
pharmacy_001096,loc_007,2026-07-06,ORS,6
pharmacy_001097,loc_007,2026-07-06,fever_medicine,13
pharmacy_001098,loc_007,2026-07-06,cough_medicine,8
pharmacy_001099,loc_007,2026-07-07,ORS,10
pharmacy_001100,loc_007,2026-07-07,fever_medicine,11
pharmacy_001101,loc_007,2026-07-07,cough_medicine,8
pharmacy_001102,loc_007,2026-07-08,ORS,7
pharmacy_001103,loc_007,2026-07-08,fever_medicine,16
pharmacy_001104,loc_007,2026-07-08,cough_medicine,7
pharmacy_001105,loc_007,2026-07-09,ORS,10
pharmacy_001106,loc_007,2026-07-09,fever_medicine,10
pharmacy_001107,loc_007,2026-07-09,cough_medicine,11
pharmacy_001108,loc_007,2026-07-10,ORS,12
pharmacy_001109,loc_007,2026-07-10,fever_medicine,11
pharmacy_001110,loc_007,2026-07-10,cough_medicine,9
pharmacy_001111,loc_007,2026-07-11,ORS,10
pharmacy_001112,loc_007,2026-07-11,fever_medicine,10
pharmacy_001113,loc_007,2026-07-11,cough_medicine,9
pharmacy_001114,loc_007,2026-07-12,ORS,11
pharmacy_001115,loc_007,2026-07-12,fever_medicine,11
pharmacy_001116,loc_007,2026-07-12,cough_medicine,8
pharmacy_001117,loc_007,2026-07-13,ORS,7
pharmacy_001118,loc_007,2026-07-13,fever_medicine,11
pharmacy_001119,loc_007,2026-07-13,cough_medicine,10
pharmacy_001120,loc_007,2026-07-14,ORS,8
pharmacy_001121,loc_007,2026-07-14,fever_medicine,16
pharmacy_001122,loc_007,2026-07-14,cough_medicine,6
pharmacy_001123,loc_007,2026-07-15,ORS,11
pharmacy_001124,loc_007,2026-07-15,fever_medicine,12
pharmacy_001125,loc_007,2026-07-15,cough_medicine,5
pharmacy_001126,loc_007,2026-07-16,ORS,6
pharmacy_001127,loc_007,2026-07-16,fever_medicine,13
pharmacy_001128,loc_007,2026-07-16,cough_medicine,7
pharmacy_001129,loc_007,2026-07-17,ORS,8
pharmacy_001130,loc_007,2026-07-17,fever_medicine,16
pharmacy_001131,loc_007,2026-07-17,cough_medicine,9
pharmacy_001132,loc_007,2026-07-18,ORS,7
pharmacy_001133,loc_007,2026-07-18,fever_medicine,10
pharmacy_001134,loc_007,2026-07-18,cough_medicine,7
pharmacy_001135,loc_007,2026-07-19,ORS,12
pharmacy_001136,loc_007,2026-07-19,fever_medicine,14
pharmacy_001137,loc_007,2026-07-19,cough_medicine,8
pharmacy_001138,loc_007,2026-07-20,ORS,9
pharmacy_001139,loc_007,2026-07-20,fever_medicine,15
pharmacy_001140,loc_007,2026-07-20,cough_medicine,8
pharmacy_001141,loc_007,2026-07-21,ORS,8
pharmacy_001142,loc_007,2026-07-21,fever_medicine,11
pharmacy_001143,loc_007,2026-07-21,cough_medicine,8
pharmacy_001144,loc_007,2026-07-22,ORS,6
pharmacy_001145,loc_007,2026-07-22,fever_medicine,14
pharmacy_001146,loc_007,2026-07-22,cough_medicine,5
pharmacy_001147,loc_007,2026-07-23,ORS,11
pharmacy_001148,loc_007,2026-07-23,fever_medicine,15
pharmacy_001149,loc_007,2026-07-23,cough_medicine,8
pharmacy_001150,loc_007,2026-07-24,ORS,11
pharmacy_001151,loc_007,2026-07-24,fever_medicine,15
pharmacy_001152,loc_007,2026-07-24,cough_medicine,11
pharmacy_001153,loc_007,2026-07-25,ORS,7
pharmacy_001154,loc_007,2026-07-25,fever_medicine,12
pharmacy_001155,loc_007,2026-07-25,cough_medicine,5
pharmacy_001156,loc_007,2026-07-26,ORS,10
pharmacy_001157,loc_007,2026-07-26,fever_medicine,13
pharmacy_001158,loc_007,2026-07-26,cough_medicine,6
pharmacy_001159,loc_007,2026-07-27,ORS,11
pharmacy_001160,loc_007,2026-07-27,fever_medicine,14
pharmacy_001161,loc_007,2026-07-27,cough_medicine,11
pharmacy_001162,loc_007,2026-07-28,ORS,9
pharmacy_001163,loc_007,2026-07-28,fever_medicine,16
pharmacy_001164,loc_007,2026-07-28,cough_medicine,9
pharmacy_001165,loc_007,2026-07-29,ORS,10
pharmacy_001166,loc_007,2026-07-29,fever_medicine,15
pharmacy_001167,loc_007,2026-07-29,cough_medicine,10
pharmacy_001168,loc_007,2026-07-30,ORS,6
pharmacy_001169,loc_007,2026-07-30,fever_medicine,14
pharmacy_001170,loc_007,2026-07-30,cough_medicine,8
pharmacy_001171,loc_007,2026-07-31,ORS,12
pharmacy_001172,loc_007,2026-07-31,fever_medicine,10
pharmacy_001173,loc_007,2026-07-31,cough_medicine,8
pharmacy_001174,loc_007,2026-08-01,ORS,10
pharmacy_001175,loc_007,2026-08-01,fever_medicine,14
pharmacy_001176,loc_007,2026-08-01,cough_medicine,5
pharmacy_001177,loc_007,2026-08-02,ORS,6
pharmacy_001178,loc_007,2026-08-02,fever_medicine,10
pharmacy_001179,loc_007,2026-08-02,cough_medicine,9
pharmacy_001180,loc_007,2026-08-03,ORS,7
pharmacy_001181,loc_007,2026-08-03,fever_medicine,14
pharmacy_001182,loc_007,2026-08-03,cough_medicine,7
pharmacy_001183,loc_007,2026-08-04,ORS,6
pharmacy_001184,loc_007,2026-08-04,fever_medicine,13
pharmacy_001185,loc_007,2026-08-04,cough_medicine,9
pharmacy_001186,loc_007,2026-08-05,ORS,12
pharmacy_001187,loc_007,2026-08-05,fever_medicine,15
pharmacy_001188,loc_007,2026-08-05,cough_medicine,10
pharmacy_001189,loc_007,2026-08-06,ORS,10
pharmacy_001190,loc_007,2026-08-06,fever_medicine,11
pharmacy_001191,loc_007,2026-08-06,cough_medicine,7
pharmacy_001192,loc_007,2026-08-07,ORS,6
pharmacy_001193,loc_007,2026-08-07,fever_medicine,10
pharmacy_001194,loc_007,2026-08-07,cough_medicine,9
pharmacy_001195,loc_007,2026-08-08,ORS,8
pharmacy_001196,loc_007,2026-08-08,fever_medicine,15
pharmacy_001197,loc_007,2026-08-08,cough_medicine,7
pharmacy_001198,loc_007,2026-08-09,ORS,11
pharmacy_001199,loc_007,2026-08-09,fever_medicine,13
pharmacy_001200,loc_007,2026-08-09,cough_medicine,9
pharmacy_001201,loc_007,2026-08-10,ORS,8
pharmacy_001202,loc_007,2026-08-10,fever_medicine,11
pharmacy_001203,loc_007,2026-08-10,cough_medicine,9
pharmacy_001204,loc_007,2026-08-11,ORS,10
pharmacy_001205,loc_007,2026-08-11,fever_medicine,10
pharmacy_001206,loc_007,2026-08-11,cough_medicine,11
pharmacy_001207,loc_007,2026-08-12,ORS,11
pharmacy_001208,loc_007,2026-08-12,fever_medicine,11
pharmacy_001209,loc_007,2026-08-12,cough_medicine,6
pharmacy_001210,loc_007,2026-08-13,ORS,8
pharmacy_001211,loc_007,2026-08-13,fever_medicine,10
pharmacy_001212,loc_007,2026-08-13,cough_medicine,5
pharmacy_001213,loc_007,2026-08-14,ORS,8
pharmacy_001214,loc_007,2026-08-14,fever_medicine,12
pharmacy_001215,loc_007,2026-08-14,cough_medicine,8
pharmacy_001216,loc_007,2026-08-15,ORS,10
pharmacy_001217,loc_007,2026-08-15,fever_medicine,12
pharmacy_001218,loc_007,2026-08-15,cough_medicine,11
pharmacy_001219,loc_007,2026-08-16,ORS,8
pharmacy_001220,loc_007,2026-08-16,fever_medicine,15
pharmacy_001221,loc_007,2026-08-16,cough_medicine,8
pharmacy_001222,loc_007,2026-08-17,ORS,7
pharmacy_001223,loc_007,2026-08-17,fever_medicine,15
pharmacy_001224,loc_007,2026-08-17,cough_medicine,11
pharmacy_001225,loc_007,2026-08-18,ORS,7
pharmacy_001226,loc_007,2026-08-18,fever_medicine,12
pharmacy_001227,loc_007,2026-08-18,cough_medicine,6
pharmacy_001228,loc_007,2026-08-19,ORS,8
pharmacy_001229,loc_007,2026-08-19,fever_medicine,15
pharmacy_001230,loc_007,2026-08-19,cough_medicine,10
pharmacy_001231,loc_007,2026-08-20,ORS,10
pharmacy_001232,loc_007,2026-08-20,fever_medicine,14
pharmacy_001233,loc_007,2026-08-20,cough_medicine,10
pharmacy_001234,loc_007,2026-08-21,ORS,11
pharmacy_001235,loc_007,2026-08-21,fever_medicine,11
pharmacy_001236,loc_007,2026-08-21,cough_medicine,8
pharmacy_001237,loc_007,2026-08-22,ORS,11
pharmacy_001238,loc_007,2026-08-22,fever_medicine,13
pharmacy_001239,loc_007,2026-08-22,cough_medicine,5
pharmacy_001240,loc_007,2026-08-23,ORS,11
pharmacy_001241,loc_007,2026-08-23,fever_medicine,12
pharmacy_001242,loc_007,2026-08-23,cough_medicine,5
pharmacy_001243,loc_007,2026-08-24,ORS,8
pharmacy_001244,loc_007,2026-08-24,fever_medicine,11
pharmacy_001245,loc_007,2026-08-24,cough_medicine,6
pharmacy_001246,loc_007,2026-08-25,ORS,12
pharmacy_001247,loc_007,2026-08-25,fever_medicine,12
pharmacy_001248,loc_007,2026-08-25,cough_medicine,7
pharmacy_001249,loc_007,2026-08-26,ORS,9
pharmacy_001250,loc_007,2026-08-26,fever_medicine,12
pharmacy_001251,loc_007,2026-08-26,cough_medicine,7
pharmacy_001252,loc_007,2026-08-27,ORS,6
pharmacy_001253,loc_007,2026-08-27,fever_medicine,11
pharmacy_001254,loc_007,2026-08-27,cough_medicine,8
pharmacy_001255,loc_007,2026-08-28,ORS,9
pharmacy_001256,loc_007,2026-08-28,fever_medicine,10
pharmacy_001257,loc_007,2026-08-28,cough_medicine,9
pharmacy_001258,loc_007,2026-08-29,ORS,9
pharmacy_001259,loc_007,2026-08-29,fever_medicine,11
pharmacy_001260,loc_007,2026-08-29,cough_medicine,5
pharmacy_001261,loc_008,2026-07-01,ORS,9
pharmacy_001262,loc_008,2026-07-01,fever_medicine,15
pharmacy_001263,loc_008,2026-07-01,cough_medicine,10
pharmacy_001264,loc_008,2026-07-02,ORS,8
pharmacy_001265,loc_008,2026-07-02,fever_medicine,14
pharmacy_001266,loc_008,2026-07-02,cough_medicine,8
pharmacy_001267,loc_008,2026-07-03,ORS,11
pharmacy_001268,loc_008,2026-07-03,fever_medicine,10
pharmacy_001269,loc_008,2026-07-03,cough_medicine,10
pharmacy_001270,loc_008,2026-07-04,ORS,8
pharmacy_001271,loc_008,2026-07-04,fever_medicine,16
pharmacy_001272,loc_008,2026-07-04,cough_medicine,5
pharmacy_001273,loc_008,2026-07-05,ORS,12
pharmacy_001274,loc_008,2026-07-05,fever_medicine,11
pharmacy_001275,loc_008,2026-07-05,cough_medicine,6
pharmacy_001276,loc_008,2026-07-06,ORS,9
pharmacy_001277,loc_008,2026-07-06,fever_medicine,16
pharmacy_001278,loc_008,2026-07-06,cough_medicine,10
pharmacy_001279,loc_008,2026-07-07,ORS,11
pharmacy_001280,loc_008,2026-07-07,fever_medicine,13
pharmacy_001281,loc_008,2026-07-07,cough_medicine,6
pharmacy_001282,loc_008,2026-07-08,ORS,12
pharmacy_001283,loc_008,2026-07-08,fever_medicine,13
pharmacy_001284,loc_008,2026-07-08,cough_medicine,9
pharmacy_001285,loc_008,2026-07-09,ORS,11
pharmacy_001286,loc_008,2026-07-09,fever_medicine,13
pharmacy_001287,loc_008,2026-07-09,cough_medicine,11
pharmacy_001288,loc_008,2026-07-10,ORS,6
pharmacy_001289,loc_008,2026-07-10,fever_medicine,10
pharmacy_001290,loc_008,2026-07-10,cough_medicine,9
pharmacy_001291,loc_008,2026-07-11,ORS,9
pharmacy_001292,loc_008,2026-07-11,fever_medicine,16
pharmacy_001293,loc_008,2026-07-11,cough_medicine,9
pharmacy_001294,loc_008,2026-07-12,ORS,7
pharmacy_001295,loc_008,2026-07-12,fever_medicine,16
pharmacy_001296,loc_008,2026-07-12,cough_medicine,5
pharmacy_001297,loc_008,2026-07-13,ORS,9
pharmacy_001298,loc_008,2026-07-13,fever_medicine,11
pharmacy_001299,loc_008,2026-07-13,cough_medicine,7
pharmacy_001300,loc_008,2026-07-14,ORS,9
pharmacy_001301,loc_008,2026-07-14,fever_medicine,11
pharmacy_001302,loc_008,2026-07-14,cough_medicine,7
pharmacy_001303,loc_008,2026-07-15,ORS,9
pharmacy_001304,loc_008,2026-07-15,fever_medicine,12
pharmacy_001305,loc_008,2026-07-15,cough_medicine,11
pharmacy_001306,loc_008,2026-07-16,ORS,6
pharmacy_001307,loc_008,2026-07-16,fever_medicine,10
pharmacy_001308,loc_008,2026-07-16,cough_medicine,9
pharmacy_001309,loc_008,2026-07-17,ORS,12
pharmacy_001310,loc_008,2026-07-17,fever_medicine,16
pharmacy_001311,loc_008,2026-07-17,cough_medicine,8
pharmacy_001312,loc_008,2026-07-18,ORS,6
pharmacy_001313,loc_008,2026-07-18,fever_medicine,13
pharmacy_001314,loc_008,2026-07-18,cough_medicine,6
pharmacy_001315,loc_008,2026-07-19,ORS,7
pharmacy_001316,loc_008,2026-07-19,fever_medicine,15
pharmacy_001317,loc_008,2026-07-19,cough_medicine,8
pharmacy_001318,loc_008,2026-07-20,ORS,7
pharmacy_001319,loc_008,2026-07-20,fever_medicine,15
pharmacy_001320,loc_008,2026-07-20,cough_medicine,11
pharmacy_001321,loc_008,2026-07-21,ORS,10
pharmacy_001322,loc_008,2026-07-21,fever_medicine,13
pharmacy_001323,loc_008,2026-07-21,cough_medicine,10
pharmacy_001324,loc_008,2026-07-22,ORS,8
pharmacy_001325,loc_008,2026-07-22,fever_medicine,16
pharmacy_001326,loc_008,2026-07-22,cough_medicine,8
pharmacy_001327,loc_008,2026-07-23,ORS,8
pharmacy_001328,loc_008,2026-07-23,fever_medicine,11
pharmacy_001329,loc_008,2026-07-23,cough_medicine,6
pharmacy_001330,loc_008,2026-07-24,ORS,7
pharmacy_001331,loc_008,2026-07-24,fever_medicine,14
pharmacy_001332,loc_008,2026-07-24,cough_medicine,9
pharmacy_001333,loc_008,2026-07-25,ORS,8
pharmacy_001334,loc_008,2026-07-25,fever_medicine,11
pharmacy_001335,loc_008,2026-07-25,cough_medicine,9
pharmacy_001336,loc_008,2026-07-26,ORS,12
pharmacy_001337,loc_008,2026-07-26,fever_medicine,13
pharmacy_001338,loc_008,2026-07-26,cough_medicine,5
pharmacy_001339,loc_008,2026-07-27,ORS,12
pharmacy_001340,loc_008,2026-07-27,fever_medicine,10
pharmacy_001341,loc_008,2026-07-27,cough_medicine,7
pharmacy_001342,loc_008,2026-07-28,ORS,11
pharmacy_001343,loc_008,2026-07-28,fever_medicine,14
pharmacy_001344,loc_008,2026-07-28,cough_medicine,8
pharmacy_001345,loc_008,2026-07-29,ORS,9
pharmacy_001346,loc_008,2026-07-29,fever_medicine,10
pharmacy_001347,loc_008,2026-07-29,cough_medicine,6
pharmacy_001348,loc_008,2026-07-30,ORS,9
pharmacy_001349,loc_008,2026-07-30,fever_medicine,16
pharmacy_001350,loc_008,2026-07-30,cough_medicine,10
pharmacy_001351,loc_008,2026-07-31,ORS,6
pharmacy_001352,loc_008,2026-07-31,fever_medicine,12
pharmacy_001353,loc_008,2026-07-31,cough_medicine,10
pharmacy_001354,loc_008,2026-08-01,ORS,6
pharmacy_001355,loc_008,2026-08-01,fever_medicine,16
pharmacy_001356,loc_008,2026-08-01,cough_medicine,8
pharmacy_001357,loc_008,2026-08-02,ORS,12
pharmacy_001358,loc_008,2026-08-02,fever_medicine,11
pharmacy_001359,loc_008,2026-08-02,cough_medicine,9
pharmacy_001360,loc_008,2026-08-03,ORS,7
pharmacy_001361,loc_008,2026-08-03,fever_medicine,10
pharmacy_001362,loc_008,2026-08-03,cough_medicine,8
pharmacy_001363,loc_008,2026-08-04,ORS,6
pharmacy_001364,loc_008,2026-08-04,fever_medicine,10
pharmacy_001365,loc_008,2026-08-04,cough_medicine,8
pharmacy_001366,loc_008,2026-08-05,ORS,6
pharmacy_001367,loc_008,2026-08-05,fever_medicine,15
pharmacy_001368,loc_008,2026-08-05,cough_medicine,11
pharmacy_001369,loc_008,2026-08-06,ORS,9
pharmacy_001370,loc_008,2026-08-06,fever_medicine,11
pharmacy_001371,loc_008,2026-08-06,cough_medicine,8
pharmacy_001372,loc_008,2026-08-07,ORS,10
pharmacy_001373,loc_008,2026-08-07,fever_medicine,12
pharmacy_001374,loc_008,2026-08-07,cough_medicine,6
pharmacy_001375,loc_008,2026-08-08,ORS,11
pharmacy_001376,loc_008,2026-08-08,fever_medicine,11
pharmacy_001377,loc_008,2026-08-08,cough_medicine,8
pharmacy_001378,loc_008,2026-08-09,ORS,9
pharmacy_001379,loc_008,2026-08-09,fever_medicine,15
pharmacy_001380,loc_008,2026-08-09,cough_medicine,7
pharmacy_001381,loc_008,2026-08-10,ORS,10
pharmacy_001382,loc_008,2026-08-10,fever_medicine,11
pharmacy_001383,loc_008,2026-08-10,cough_medicine,7
pharmacy_001384,loc_008,2026-08-11,ORS,11
pharmacy_001385,loc_008,2026-08-11,fever_medicine,15
pharmacy_001386,loc_008,2026-08-11,cough_medicine,6
pharmacy_001387,loc_008,2026-08-12,ORS,10
pharmacy_001388,loc_008,2026-08-12,fever_medicine,16
pharmacy_001389,loc_008,2026-08-12,cough_medicine,7
pharmacy_001390,loc_008,2026-08-13,ORS,6
pharmacy_001391,loc_008,2026-08-13,fever_medicine,12
pharmacy_001392,loc_008,2026-08-13,cough_medicine,5
pharmacy_001393,loc_008,2026-08-14,ORS,8
pharmacy_001394,loc_008,2026-08-14,fever_medicine,15
pharmacy_001395,loc_008,2026-08-14,cough_medicine,7
pharmacy_001396,loc_008,2026-08-15,ORS,8
pharmacy_001397,loc_008,2026-08-15,fever_medicine,10
pharmacy_001398,loc_008,2026-08-15,cough_medicine,11
pharmacy_001399,loc_008,2026-08-16,ORS,9
pharmacy_001400,loc_008,2026-08-16,fever_medicine,10
pharmacy_001401,loc_008,2026-08-16,cough_medicine,10
pharmacy_001402,loc_008,2026-08-17,ORS,9
pharmacy_001403,loc_008,2026-08-17,fever_medicine,10
pharmacy_001404,loc_008,2026-08-17,cough_medicine,5
pharmacy_001405,loc_008,2026-08-18,ORS,7
pharmacy_001406,loc_008,2026-08-18,fever_medicine,11
pharmacy_001407,loc_008,2026-08-18,cough_medicine,10
pharmacy_001408,loc_008,2026-08-19,ORS,8
pharmacy_001409,loc_008,2026-08-19,fever_medicine,11
pharmacy_001410,loc_008,2026-08-19,cough_medicine,10
pharmacy_001411,loc_008,2026-08-20,ORS,10
pharmacy_001412,loc_008,2026-08-20,fever_medicine,15
pharmacy_001413,loc_008,2026-08-20,cough_medicine,10
pharmacy_001414,loc_008,2026-08-21,ORS,12
pharmacy_001415,loc_008,2026-08-21,fever_medicine,14
pharmacy_001416,loc_008,2026-08-21,cough_medicine,5
pharmacy_001417,loc_008,2026-08-22,ORS,8
pharmacy_001418,loc_008,2026-08-22,fever_medicine,10
pharmacy_001419,loc_008,2026-08-22,cough_medicine,6
pharmacy_001420,loc_008,2026-08-23,ORS,6
pharmacy_001421,loc_008,2026-08-23,fever_medicine,15
pharmacy_001422,loc_008,2026-08-23,cough_medicine,9
pharmacy_001423,loc_008,2026-08-24,ORS,8
pharmacy_001424,loc_008,2026-08-24,fever_medicine,15
pharmacy_001425,loc_008,2026-08-24,cough_medicine,6
pharmacy_001426,loc_008,2026-08-25,ORS,7
pharmacy_001427,loc_008,2026-08-25,fever_medicine,11
pharmacy_001428,loc_008,2026-08-25,cough_medicine,9
pharmacy_001429,loc_008,2026-08-26,ORS,11
pharmacy_001430,loc_008,2026-08-26,fever_medicine,16
pharmacy_001431,loc_008,2026-08-26,cough_medicine,10
pharmacy_001432,loc_008,2026-08-27,ORS,11
pharmacy_001433,loc_008,2026-08-27,fever_medicine,11
pharmacy_001434,loc_008,2026-08-27,cough_medicine,6
pharmacy_001435,loc_008,2026-08-28,ORS,7
pharmacy_001436,loc_008,2026-08-28,fever_medicine,12
pharmacy_001437,loc_008,2026-08-28,cough_medicine,9
pharmacy_001438,loc_008,2026-08-29,ORS,7
pharmacy_001439,loc_008,2026-08-29,fever_medicine,12
pharmacy_001440,loc_008,2026-08-29,cough_medicine,7
pharmacy_001441,loc_009,2026-07-01,ORS,9
pharmacy_001442,loc_009,2026-07-01,fever_medicine,15
pharmacy_001443,loc_009,2026-07-01,cough_medicine,11
pharmacy_001444,loc_009,2026-07-02,ORS,6
pharmacy_001445,loc_009,2026-07-02,fever_medicine,15
pharmacy_001446,loc_009,2026-07-02,cough_medicine,9
pharmacy_001447,loc_009,2026-07-03,ORS,9
pharmacy_001448,loc_009,2026-07-03,fever_medicine,13
pharmacy_001449,loc_009,2026-07-03,cough_medicine,5
pharmacy_001450,loc_009,2026-07-04,ORS,6
pharmacy_001451,loc_009,2026-07-04,fever_medicine,12
pharmacy_001452,loc_009,2026-07-04,cough_medicine,10
pharmacy_001453,loc_009,2026-07-05,ORS,10
pharmacy_001454,loc_009,2026-07-05,fever_medicine,13
pharmacy_001455,loc_009,2026-07-05,cough_medicine,11
pharmacy_001456,loc_009,2026-07-06,ORS,8
pharmacy_001457,loc_009,2026-07-06,fever_medicine,14
pharmacy_001458,loc_009,2026-07-06,cough_medicine,6
pharmacy_001459,loc_009,2026-07-07,ORS,8
pharmacy_001460,loc_009,2026-07-07,fever_medicine,12
pharmacy_001461,loc_009,2026-07-07,cough_medicine,7
pharmacy_001462,loc_009,2026-07-08,ORS,6
pharmacy_001463,loc_009,2026-07-08,fever_medicine,14
pharmacy_001464,loc_009,2026-07-08,cough_medicine,8
pharmacy_001465,loc_009,2026-07-09,ORS,12
pharmacy_001466,loc_009,2026-07-09,fever_medicine,12
pharmacy_001467,loc_009,2026-07-09,cough_medicine,8
pharmacy_001468,loc_009,2026-07-10,ORS,6
pharmacy_001469,loc_009,2026-07-10,fever_medicine,14
pharmacy_001470,loc_009,2026-07-10,cough_medicine,9
pharmacy_001471,loc_009,2026-07-11,ORS,9
pharmacy_001472,loc_009,2026-07-11,fever_medicine,14
pharmacy_001473,loc_009,2026-07-11,cough_medicine,7
pharmacy_001474,loc_009,2026-07-12,ORS,11
pharmacy_001475,loc_009,2026-07-12,fever_medicine,15
pharmacy_001476,loc_009,2026-07-12,cough_medicine,11
pharmacy_001477,loc_009,2026-07-13,ORS,12
pharmacy_001478,loc_009,2026-07-13,fever_medicine,13
pharmacy_001479,loc_009,2026-07-13,cough_medicine,8
pharmacy_001480,loc_009,2026-07-14,ORS,11
pharmacy_001481,loc_009,2026-07-14,fever_medicine,16
pharmacy_001482,loc_009,2026-07-14,cough_medicine,7
pharmacy_001483,loc_009,2026-07-15,ORS,7
pharmacy_001484,loc_009,2026-07-15,fever_medicine,14
pharmacy_001485,loc_009,2026-07-15,cough_medicine,11
pharmacy_001486,loc_009,2026-07-16,ORS,10
pharmacy_001487,loc_009,2026-07-16,fever_medicine,14
pharmacy_001488,loc_009,2026-07-16,cough_medicine,5
pharmacy_001489,loc_009,2026-07-17,ORS,8
pharmacy_001490,loc_009,2026-07-17,fever_medicine,13
pharmacy_001491,loc_009,2026-07-17,cough_medicine,10
pharmacy_001492,loc_009,2026-07-18,ORS,6
pharmacy_001493,loc_009,2026-07-18,fever_medicine,16
pharmacy_001494,loc_009,2026-07-18,cough_medicine,6
pharmacy_001495,loc_009,2026-07-19,ORS,12
pharmacy_001496,loc_009,2026-07-19,fever_medicine,12
pharmacy_001497,loc_009,2026-07-19,cough_medicine,7
pharmacy_001498,loc_009,2026-07-20,ORS,8
pharmacy_001499,loc_009,2026-07-20,fever_medicine,14
pharmacy_001500,loc_009,2026-07-20,cough_medicine,6
pharmacy_001501,loc_009,2026-07-21,ORS,7
pharmacy_001502,loc_009,2026-07-21,fever_medicine,16
pharmacy_001503,loc_009,2026-07-21,cough_medicine,10
pharmacy_001504,loc_009,2026-07-22,ORS,12
pharmacy_001505,loc_009,2026-07-22,fever_medicine,12
pharmacy_001506,loc_009,2026-07-22,cough_medicine,5
pharmacy_001507,loc_009,2026-07-23,ORS,7
pharmacy_001508,loc_009,2026-07-23,fever_medicine,14
pharmacy_001509,loc_009,2026-07-23,cough_medicine,5
pharmacy_001510,loc_009,2026-07-24,ORS,9
pharmacy_001511,loc_009,2026-07-24,fever_medicine,10
pharmacy_001512,loc_009,2026-07-24,cough_medicine,5
pharmacy_001513,loc_009,2026-07-25,ORS,9
pharmacy_001514,loc_009,2026-07-25,fever_medicine,16
pharmacy_001515,loc_009,2026-07-25,cough_medicine,9
pharmacy_001516,loc_009,2026-07-26,ORS,8
pharmacy_001517,loc_009,2026-07-26,fever_medicine,11
pharmacy_001518,loc_009,2026-07-26,cough_medicine,9
pharmacy_001519,loc_009,2026-07-27,ORS,11
pharmacy_001520,loc_009,2026-07-27,fever_medicine,15
pharmacy_001521,loc_009,2026-07-27,cough_medicine,5
pharmacy_001522,loc_009,2026-07-28,ORS,7
pharmacy_001523,loc_009,2026-07-28,fever_medicine,16
pharmacy_001524,loc_009,2026-07-28,cough_medicine,9
pharmacy_001525,loc_009,2026-07-29,ORS,10
pharmacy_001526,loc_009,2026-07-29,fever_medicine,10
pharmacy_001527,loc_009,2026-07-29,cough_medicine,5
pharmacy_001528,loc_009,2026-07-30,ORS,6
pharmacy_001529,loc_009,2026-07-30,fever_medicine,12
pharmacy_001530,loc_009,2026-07-30,cough_medicine,9
pharmacy_001531,loc_009,2026-07-31,ORS,7
pharmacy_001532,loc_009,2026-07-31,fever_medicine,15
pharmacy_001533,loc_009,2026-07-31,cough_medicine,11
pharmacy_001534,loc_009,2026-08-01,ORS,12
pharmacy_001535,loc_009,2026-08-01,fever_medicine,16
pharmacy_001536,loc_009,2026-08-01,cough_medicine,6
pharmacy_001537,loc_009,2026-08-02,ORS,6
pharmacy_001538,loc_009,2026-08-02,fever_medicine,14
pharmacy_001539,loc_009,2026-08-02,cough_medicine,11
pharmacy_001540,loc_009,2026-08-03,ORS,7
pharmacy_001541,loc_009,2026-08-03,fever_medicine,16
pharmacy_001542,loc_009,2026-08-03,cough_medicine,7
pharmacy_001543,loc_009,2026-08-04,ORS,11
pharmacy_001544,loc_009,2026-08-04,fever_medicine,13
pharmacy_001545,loc_009,2026-08-04,cough_medicine,8
pharmacy_001546,loc_009,2026-08-05,ORS,11
pharmacy_001547,loc_009,2026-08-05,fever_medicine,11
pharmacy_001548,loc_009,2026-08-05,cough_medicine,7
pharmacy_001549,loc_009,2026-08-06,ORS,8
pharmacy_001550,loc_009,2026-08-06,fever_medicine,16
pharmacy_001551,loc_009,2026-08-06,cough_medicine,5
pharmacy_001552,loc_009,2026-08-07,ORS,11
pharmacy_001553,loc_009,2026-08-07,fever_medicine,14
pharmacy_001554,loc_009,2026-08-07,cough_medicine,11
pharmacy_001555,loc_009,2026-08-08,ORS,6
pharmacy_001556,loc_009,2026-08-08,fever_medicine,15
pharmacy_001557,loc_009,2026-08-08,cough_medicine,6
pharmacy_001558,loc_009,2026-08-09,ORS,9
pharmacy_001559,loc_009,2026-08-09,fever_medicine,13
pharmacy_001560,loc_009,2026-08-09,cough_medicine,7
pharmacy_001561,loc_009,2026-08-10,ORS,10
pharmacy_001562,loc_009,2026-08-10,fever_medicine,15
pharmacy_001563,loc_009,2026-08-10,cough_medicine,11
pharmacy_001564,loc_009,2026-08-11,ORS,12
pharmacy_001565,loc_009,2026-08-11,fever_medicine,11
pharmacy_001566,loc_009,2026-08-11,cough_medicine,7
pharmacy_001567,loc_009,2026-08-12,ORS,8
pharmacy_001568,loc_009,2026-08-12,fever_medicine,11
pharmacy_001569,loc_009,2026-08-12,cough_medicine,8
pharmacy_001570,loc_009,2026-08-13,ORS,10
pharmacy_001571,loc_009,2026-08-13,fever_medicine,16
pharmacy_001572,loc_009,2026-08-13,cough_medicine,10
pharmacy_001573,loc_009,2026-08-14,ORS,12
pharmacy_001574,loc_009,2026-08-14,fever_medicine,10
pharmacy_001575,loc_009,2026-08-14,cough_medicine,11
pharmacy_001576,loc_009,2026-08-15,ORS,12
pharmacy_001577,loc_009,2026-08-15,fever_medicine,12
pharmacy_001578,loc_009,2026-08-15,cough_medicine,6
pharmacy_001579,loc_009,2026-08-16,ORS,8
pharmacy_001580,loc_009,2026-08-16,fever_medicine,16
pharmacy_001581,loc_009,2026-08-16,cough_medicine,6
pharmacy_001582,loc_009,2026-08-17,ORS,10
pharmacy_001583,loc_009,2026-08-17,fever_medicine,15
pharmacy_001584,loc_009,2026-08-17,cough_medicine,9
pharmacy_001585,loc_009,2026-08-18,ORS,6
pharmacy_001586,loc_009,2026-08-18,fever_medicine,16
pharmacy_001587,loc_009,2026-08-18,cough_medicine,6
pharmacy_001588,loc_009,2026-08-19,ORS,9
pharmacy_001589,loc_009,2026-08-19,fever_medicine,13
pharmacy_001590,loc_009,2026-08-19,cough_medicine,6
pharmacy_001591,loc_009,2026-08-20,ORS,8
pharmacy_001592,loc_009,2026-08-20,fever_medicine,15
pharmacy_001593,loc_009,2026-08-20,cough_medicine,9
pharmacy_001594,loc_009,2026-08-21,ORS,12
pharmacy_001595,loc_009,2026-08-21,fever_medicine,12
pharmacy_001596,loc_009,2026-08-21,cough_medicine,7
pharmacy_001597,loc_009,2026-08-22,ORS,10
pharmacy_001598,loc_009,2026-08-22,fever_medicine,15
pharmacy_001599,loc_009,2026-08-22,cough_medicine,9
pharmacy_001600,loc_009,2026-08-23,ORS,11
pharmacy_001601,loc_009,2026-08-23,fever_medicine,11
pharmacy_001602,loc_009,2026-08-23,cough_medicine,5
pharmacy_001603,loc_009,2026-08-24,ORS,10
pharmacy_001604,loc_009,2026-08-24,fever_medicine,10
pharmacy_001605,loc_009,2026-08-24,cough_medicine,11
pharmacy_001606,loc_009,2026-08-25,ORS,9
pharmacy_001607,loc_009,2026-08-25,fever_medicine,12
pharmacy_001608,loc_009,2026-08-25,cough_medicine,5
pharmacy_001609,loc_009,2026-08-26,ORS,8
pharmacy_001610,loc_009,2026-08-26,fever_medicine,10
pharmacy_001611,loc_009,2026-08-26,cough_medicine,8
pharmacy_001612,loc_009,2026-08-27,ORS,7
pharmacy_001613,loc_009,2026-08-27,fever_medicine,16
pharmacy_001614,loc_009,2026-08-27,cough_medicine,7
pharmacy_001615,loc_009,2026-08-28,ORS,9
pharmacy_001616,loc_009,2026-08-28,fever_medicine,16
pharmacy_001617,loc_009,2026-08-28,cough_medicine,9
pharmacy_001618,loc_009,2026-08-29,ORS,7
pharmacy_001619,loc_009,2026-08-29,fever_medicine,16
pharmacy_001620,loc_009,2026-08-29,cough_medicine,9
pharmacy_001621,loc_010,2026-07-01,ORS,11
pharmacy_001622,loc_010,2026-07-01,fever_medicine,12
pharmacy_001623,loc_010,2026-07-01,cough_medicine,9
pharmacy_001624,loc_010,2026-07-02,ORS,8
pharmacy_001625,loc_010,2026-07-02,fever_medicine,15
pharmacy_001626,loc_010,2026-07-02,cough_medicine,8
pharmacy_001627,loc_010,2026-07-03,ORS,11
pharmacy_001628,loc_010,2026-07-03,fever_medicine,14
pharmacy_001629,loc_010,2026-07-03,cough_medicine,8
pharmacy_001630,loc_010,2026-07-04,ORS,7
pharmacy_001631,loc_010,2026-07-04,fever_medicine,12
pharmacy_001632,loc_010,2026-07-04,cough_medicine,6
pharmacy_001633,loc_010,2026-07-05,ORS,7
pharmacy_001634,loc_010,2026-07-05,fever_medicine,13
pharmacy_001635,loc_010,2026-07-05,cough_medicine,10
pharmacy_001636,loc_010,2026-07-06,ORS,6
pharmacy_001637,loc_010,2026-07-06,fever_medicine,11
pharmacy_001638,loc_010,2026-07-06,cough_medicine,8
pharmacy_001639,loc_010,2026-07-07,ORS,11
pharmacy_001640,loc_010,2026-07-07,fever_medicine,16
pharmacy_001641,loc_010,2026-07-07,cough_medicine,10
pharmacy_001642,loc_010,2026-07-08,ORS,10
pharmacy_001643,loc_010,2026-07-08,fever_medicine,13
pharmacy_001644,loc_010,2026-07-08,cough_medicine,7
pharmacy_001645,loc_010,2026-07-09,ORS,10
pharmacy_001646,loc_010,2026-07-09,fever_medicine,16
pharmacy_001647,loc_010,2026-07-09,cough_medicine,9
pharmacy_001648,loc_010,2026-07-10,ORS,12
pharmacy_001649,loc_010,2026-07-10,fever_medicine,11
pharmacy_001650,loc_010,2026-07-10,cough_medicine,7
pharmacy_001651,loc_010,2026-07-11,ORS,8
pharmacy_001652,loc_010,2026-07-11,fever_medicine,13
pharmacy_001653,loc_010,2026-07-11,cough_medicine,9
pharmacy_001654,loc_010,2026-07-12,ORS,8
pharmacy_001655,loc_010,2026-07-12,fever_medicine,13
pharmacy_001656,loc_010,2026-07-12,cough_medicine,10
pharmacy_001657,loc_010,2026-07-13,ORS,8
pharmacy_001658,loc_010,2026-07-13,fever_medicine,14
pharmacy_001659,loc_010,2026-07-13,cough_medicine,11
pharmacy_001660,loc_010,2026-07-14,ORS,12
pharmacy_001661,loc_010,2026-07-14,fever_medicine,14
pharmacy_001662,loc_010,2026-07-14,cough_medicine,8
pharmacy_001663,loc_010,2026-07-15,ORS,8
pharmacy_001664,loc_010,2026-07-15,fever_medicine,10
pharmacy_001665,loc_010,2026-07-15,cough_medicine,10
pharmacy_001666,loc_010,2026-07-16,ORS,8
pharmacy_001667,loc_010,2026-07-16,fever_medicine,11
pharmacy_001668,loc_010,2026-07-16,cough_medicine,8
pharmacy_001669,loc_010,2026-07-17,ORS,12
pharmacy_001670,loc_010,2026-07-17,fever_medicine,13
pharmacy_001671,loc_010,2026-07-17,cough_medicine,6
pharmacy_001672,loc_010,2026-07-18,ORS,6
pharmacy_001673,loc_010,2026-07-18,fever_medicine,15
pharmacy_001674,loc_010,2026-07-18,cough_medicine,7
pharmacy_001675,loc_010,2026-07-19,ORS,6
pharmacy_001676,loc_010,2026-07-19,fever_medicine,15
pharmacy_001677,loc_010,2026-07-19,cough_medicine,9
pharmacy_001678,loc_010,2026-07-20,ORS,12
pharmacy_001679,loc_010,2026-07-20,fever_medicine,14
pharmacy_001680,loc_010,2026-07-20,cough_medicine,5
pharmacy_001681,loc_010,2026-07-21,ORS,9
pharmacy_001682,loc_010,2026-07-21,fever_medicine,14
pharmacy_001683,loc_010,2026-07-21,cough_medicine,7
pharmacy_001684,loc_010,2026-07-22,ORS,7
pharmacy_001685,loc_010,2026-07-22,fever_medicine,14
pharmacy_001686,loc_010,2026-07-22,cough_medicine,9
pharmacy_001687,loc_010,2026-07-23,ORS,7
pharmacy_001688,loc_010,2026-07-23,fever_medicine,14
pharmacy_001689,loc_010,2026-07-23,cough_medicine,9
pharmacy_001690,loc_010,2026-07-24,ORS,7
pharmacy_001691,loc_010,2026-07-24,fever_medicine,15
pharmacy_001692,loc_010,2026-07-24,cough_medicine,6
pharmacy_001693,loc_010,2026-07-25,ORS,6
pharmacy_001694,loc_010,2026-07-25,fever_medicine,13
pharmacy_001695,loc_010,2026-07-25,cough_medicine,5
pharmacy_001696,loc_010,2026-07-26,ORS,9
pharmacy_001697,loc_010,2026-07-26,fever_medicine,10
pharmacy_001698,loc_010,2026-07-26,cough_medicine,7
pharmacy_001699,loc_010,2026-07-27,ORS,6
pharmacy_001700,loc_010,2026-07-27,fever_medicine,11
pharmacy_001701,loc_010,2026-07-27,cough_medicine,5
pharmacy_001702,loc_010,2026-07-28,ORS,8
pharmacy_001703,loc_010,2026-07-28,fever_medicine,15
pharmacy_001704,loc_010,2026-07-28,cough_medicine,5
pharmacy_001705,loc_010,2026-07-29,ORS,12
pharmacy_001706,loc_010,2026-07-29,fever_medicine,14
pharmacy_001707,loc_010,2026-07-29,cough_medicine,5
pharmacy_001708,loc_010,2026-07-30,ORS,11
pharmacy_001709,loc_010,2026-07-30,fever_medicine,15
pharmacy_001710,loc_010,2026-07-30,cough_medicine,5
pharmacy_001711,loc_010,2026-07-31,ORS,6
pharmacy_001712,loc_010,2026-07-31,fever_medicine,16
pharmacy_001713,loc_010,2026-07-31,cough_medicine,5
pharmacy_001714,loc_010,2026-08-01,ORS,8
pharmacy_001715,loc_010,2026-08-01,fever_medicine,16
pharmacy_001716,loc_010,2026-08-01,cough_medicine,8
pharmacy_001717,loc_010,2026-08-02,ORS,9
pharmacy_001718,loc_010,2026-08-02,fever_medicine,16
pharmacy_001719,loc_010,2026-08-02,cough_medicine,9
pharmacy_001720,loc_010,2026-08-03,ORS,12
pharmacy_001721,loc_010,2026-08-03,fever_medicine,13
pharmacy_001722,loc_010,2026-08-03,cough_medicine,6
pharmacy_001723,loc_010,2026-08-04,ORS,8
pharmacy_001724,loc_010,2026-08-04,fever_medicine,13
pharmacy_001725,loc_010,2026-08-04,cough_medicine,5
pharmacy_001726,loc_010,2026-08-05,ORS,11
pharmacy_001727,loc_010,2026-08-05,fever_medicine,14
pharmacy_001728,loc_010,2026-08-05,cough_medicine,5
pharmacy_001729,loc_010,2026-08-06,ORS,8
pharmacy_001730,loc_010,2026-08-06,fever_medicine,13
pharmacy_001731,loc_010,2026-08-06,cough_medicine,11
pharmacy_001732,loc_010,2026-08-07,ORS,8
pharmacy_001733,loc_010,2026-08-07,fever_medicine,15
pharmacy_001734,loc_010,2026-08-07,cough_medicine,9
pharmacy_001735,loc_010,2026-08-08,ORS,8
pharmacy_001736,loc_010,2026-08-08,fever_medicine,12
pharmacy_001737,loc_010,2026-08-08,cough_medicine,9
pharmacy_001738,loc_010,2026-08-09,ORS,8
pharmacy_001739,loc_010,2026-08-09,fever_medicine,14
pharmacy_001740,loc_010,2026-08-09,cough_medicine,7
pharmacy_001741,loc_010,2026-08-10,ORS,9
pharmacy_001742,loc_010,2026-08-10,fever_medicine,13
pharmacy_001743,loc_010,2026-08-10,cough_medicine,7
pharmacy_001744,loc_010,2026-08-11,ORS,7
pharmacy_001745,loc_010,2026-08-11,fever_medicine,12
pharmacy_001746,loc_010,2026-08-11,cough_medicine,6
pharmacy_001747,loc_010,2026-08-12,ORS,12
pharmacy_001748,loc_010,2026-08-12,fever_medicine,12
pharmacy_001749,loc_010,2026-08-12,cough_medicine,9
pharmacy_001750,loc_010,2026-08-13,ORS,12
pharmacy_001751,loc_010,2026-08-13,fever_medicine,15
pharmacy_001752,loc_010,2026-08-13,cough_medicine,5
pharmacy_001753,loc_010,2026-08-14,ORS,8
pharmacy_001754,loc_010,2026-08-14,fever_medicine,15
pharmacy_001755,loc_010,2026-08-14,cough_medicine,6
pharmacy_001756,loc_010,2026-08-15,ORS,9
pharmacy_001757,loc_010,2026-08-15,fever_medicine,12
pharmacy_001758,loc_010,2026-08-15,cough_medicine,8
pharmacy_001759,loc_010,2026-08-16,ORS,7
pharmacy_001760,loc_010,2026-08-16,fever_medicine,12
pharmacy_001761,loc_010,2026-08-16,cough_medicine,11
pharmacy_001762,loc_010,2026-08-17,ORS,8
pharmacy_001763,loc_010,2026-08-17,fever_medicine,13
pharmacy_001764,loc_010,2026-08-17,cough_medicine,8
pharmacy_001765,loc_010,2026-08-18,ORS,10
pharmacy_001766,loc_010,2026-08-18,fever_medicine,11
pharmacy_001767,loc_010,2026-08-18,cough_medicine,9
pharmacy_001768,loc_010,2026-08-19,ORS,8
pharmacy_001769,loc_010,2026-08-19,fever_medicine,14
pharmacy_001770,loc_010,2026-08-19,cough_medicine,8
pharmacy_001771,loc_010,2026-08-20,ORS,7
pharmacy_001772,loc_010,2026-08-20,fever_medicine,12
pharmacy_001773,loc_010,2026-08-20,cough_medicine,10
pharmacy_001774,loc_010,2026-08-21,ORS,8
pharmacy_001775,loc_010,2026-08-21,fever_medicine,13
pharmacy_001776,loc_010,2026-08-21,cough_medicine,9
pharmacy_001777,loc_010,2026-08-22,ORS,11
pharmacy_001778,loc_010,2026-08-22,fever_medicine,10
pharmacy_001779,loc_010,2026-08-22,cough_medicine,5
pharmacy_001780,loc_010,2026-08-23,ORS,9
pharmacy_001781,loc_010,2026-08-23,fever_medicine,14
pharmacy_001782,loc_010,2026-08-23,cough_medicine,11
pharmacy_001783,loc_010,2026-08-24,ORS,8
pharmacy_001784,loc_010,2026-08-24,fever_medicine,10
pharmacy_001785,loc_010,2026-08-24,cough_medicine,6
pharmacy_001786,loc_010,2026-08-25,ORS,10
pharmacy_001787,loc_010,2026-08-25,fever_medicine,12
pharmacy_001788,loc_010,2026-08-25,cough_medicine,7
pharmacy_001789,loc_010,2026-08-26,ORS,7
pharmacy_001790,loc_010,2026-08-26,fever_medicine,10
pharmacy_001791,loc_010,2026-08-26,cough_medicine,10
pharmacy_001792,loc_010,2026-08-27,ORS,7
pharmacy_001793,loc_010,2026-08-27,fever_medicine,16
pharmacy_001794,loc_010,2026-08-27,cough_medicine,7
pharmacy_001795,loc_010,2026-08-28,ORS,8
pharmacy_001796,loc_010,2026-08-28,fever_medicine,12
pharmacy_001797,loc_010,2026-08-28,cough_medicine,7
pharmacy_001798,loc_010,2026-08-29,ORS,7
pharmacy_001799,loc_010,2026-08-29,fever_medicine,15
pharmacy_001800,loc_010,2026-08-29,cough_medicine,6
pharmacy_001801,loc_011,2026-07-01,ORS,8
pharmacy_001802,loc_011,2026-07-01,fever_medicine,14
pharmacy_001803,loc_011,2026-07-01,cough_medicine,9
pharmacy_001804,loc_011,2026-07-02,ORS,7
pharmacy_001805,loc_011,2026-07-02,fever_medicine,10
pharmacy_001806,loc_011,2026-07-02,cough_medicine,7
pharmacy_001807,loc_011,2026-07-03,ORS,10
pharmacy_001808,loc_011,2026-07-03,fever_medicine,16
pharmacy_001809,loc_011,2026-07-03,cough_medicine,5
pharmacy_001810,loc_011,2026-07-04,ORS,8
pharmacy_001811,loc_011,2026-07-04,fever_medicine,12
pharmacy_001812,loc_011,2026-07-04,cough_medicine,11
pharmacy_001813,loc_011,2026-07-05,ORS,7
pharmacy_001814,loc_011,2026-07-05,fever_medicine,13
pharmacy_001815,loc_011,2026-07-05,cough_medicine,6
pharmacy_001816,loc_011,2026-07-06,ORS,10
pharmacy_001817,loc_011,2026-07-06,fever_medicine,10
pharmacy_001818,loc_011,2026-07-06,cough_medicine,9
pharmacy_001819,loc_011,2026-07-07,ORS,10
pharmacy_001820,loc_011,2026-07-07,fever_medicine,10
pharmacy_001821,loc_011,2026-07-07,cough_medicine,9
pharmacy_001822,loc_011,2026-07-08,ORS,6
pharmacy_001823,loc_011,2026-07-08,fever_medicine,15
pharmacy_001824,loc_011,2026-07-08,cough_medicine,6
pharmacy_001825,loc_011,2026-07-09,ORS,11
pharmacy_001826,loc_011,2026-07-09,fever_medicine,15
pharmacy_001827,loc_011,2026-07-09,cough_medicine,5
pharmacy_001828,loc_011,2026-07-10,ORS,8
pharmacy_001829,loc_011,2026-07-10,fever_medicine,14
pharmacy_001830,loc_011,2026-07-10,cough_medicine,5
pharmacy_001831,loc_011,2026-07-11,ORS,7
pharmacy_001832,loc_011,2026-07-11,fever_medicine,10
pharmacy_001833,loc_011,2026-07-11,cough_medicine,9
pharmacy_001834,loc_011,2026-07-12,ORS,12
pharmacy_001835,loc_011,2026-07-12,fever_medicine,10
pharmacy_001836,loc_011,2026-07-12,cough_medicine,10
pharmacy_001837,loc_011,2026-07-13,ORS,9
pharmacy_001838,loc_011,2026-07-13,fever_medicine,12
pharmacy_001839,loc_011,2026-07-13,cough_medicine,5
pharmacy_001840,loc_011,2026-07-14,ORS,7
pharmacy_001841,loc_011,2026-07-14,fever_medicine,11
pharmacy_001842,loc_011,2026-07-14,cough_medicine,9
pharmacy_001843,loc_011,2026-07-15,ORS,8
pharmacy_001844,loc_011,2026-07-15,fever_medicine,13
pharmacy_001845,loc_011,2026-07-15,cough_medicine,8
pharmacy_001846,loc_011,2026-07-16,ORS,7
pharmacy_001847,loc_011,2026-07-16,fever_medicine,10
pharmacy_001848,loc_011,2026-07-16,cough_medicine,11
pharmacy_001849,loc_011,2026-07-17,ORS,12
pharmacy_001850,loc_011,2026-07-17,fever_medicine,16
pharmacy_001851,loc_011,2026-07-17,cough_medicine,11
pharmacy_001852,loc_011,2026-07-18,ORS,9
pharmacy_001853,loc_011,2026-07-18,fever_medicine,13
pharmacy_001854,loc_011,2026-07-18,cough_medicine,9
pharmacy_001855,loc_011,2026-07-19,ORS,9
pharmacy_001856,loc_011,2026-07-19,fever_medicine,15
pharmacy_001857,loc_011,2026-07-19,cough_medicine,9
pharmacy_001858,loc_011,2026-07-20,ORS,11
pharmacy_001859,loc_011,2026-07-20,fever_medicine,11
pharmacy_001860,loc_011,2026-07-20,cough_medicine,8
pharmacy_001861,loc_011,2026-07-21,ORS,8
pharmacy_001862,loc_011,2026-07-21,fever_medicine,16
pharmacy_001863,loc_011,2026-07-21,cough_medicine,10
pharmacy_001864,loc_011,2026-07-22,ORS,11
pharmacy_001865,loc_011,2026-07-22,fever_medicine,10
pharmacy_001866,loc_011,2026-07-22,cough_medicine,5
pharmacy_001867,loc_011,2026-07-23,ORS,10
pharmacy_001868,loc_011,2026-07-23,fever_medicine,16
pharmacy_001869,loc_011,2026-07-23,cough_medicine,6
pharmacy_001870,loc_011,2026-07-24,ORS,11
pharmacy_001871,loc_011,2026-07-24,fever_medicine,13
pharmacy_001872,loc_011,2026-07-24,cough_medicine,10
pharmacy_001873,loc_011,2026-07-25,ORS,7
pharmacy_001874,loc_011,2026-07-25,fever_medicine,12
pharmacy_001875,loc_011,2026-07-25,cough_medicine,9
pharmacy_001876,loc_011,2026-07-26,ORS,9
pharmacy_001877,loc_011,2026-07-26,fever_medicine,10
pharmacy_001878,loc_011,2026-07-26,cough_medicine,9
pharmacy_001879,loc_011,2026-07-27,ORS,8
pharmacy_001880,loc_011,2026-07-27,fever_medicine,15
pharmacy_001881,loc_011,2026-07-27,cough_medicine,9
pharmacy_001882,loc_011,2026-07-28,ORS,10
pharmacy_001883,loc_011,2026-07-28,fever_medicine,11
pharmacy_001884,loc_011,2026-07-28,cough_medicine,10
pharmacy_001885,loc_011,2026-07-29,ORS,11
pharmacy_001886,loc_011,2026-07-29,fever_medicine,12
pharmacy_001887,loc_011,2026-07-29,cough_medicine,7
pharmacy_001888,loc_011,2026-07-30,ORS,9
pharmacy_001889,loc_011,2026-07-30,fever_medicine,14
pharmacy_001890,loc_011,2026-07-30,cough_medicine,10
pharmacy_001891,loc_011,2026-07-31,ORS,6
pharmacy_001892,loc_011,2026-07-31,fever_medicine,15
pharmacy_001893,loc_011,2026-07-31,cough_medicine,6
pharmacy_001894,loc_011,2026-08-01,ORS,12
pharmacy_001895,loc_011,2026-08-01,fever_medicine,15
pharmacy_001896,loc_011,2026-08-01,cough_medicine,10
pharmacy_001897,loc_011,2026-08-02,ORS,12
pharmacy_001898,loc_011,2026-08-02,fever_medicine,13
pharmacy_001899,loc_011,2026-08-02,cough_medicine,9
pharmacy_001900,loc_011,2026-08-03,ORS,10
pharmacy_001901,loc_011,2026-08-03,fever_medicine,15
pharmacy_001902,loc_011,2026-08-03,cough_medicine,10
pharmacy_001903,loc_011,2026-08-04,ORS,6
pharmacy_001904,loc_011,2026-08-04,fever_medicine,10
pharmacy_001905,loc_011,2026-08-04,cough_medicine,8
pharmacy_001906,loc_011,2026-08-05,ORS,9
pharmacy_001907,loc_011,2026-08-05,fever_medicine,10
pharmacy_001908,loc_011,2026-08-05,cough_medicine,7
pharmacy_001909,loc_011,2026-08-06,ORS,11
pharmacy_001910,loc_011,2026-08-06,fever_medicine,10
pharmacy_001911,loc_011,2026-08-06,cough_medicine,9
pharmacy_001912,loc_011,2026-08-07,ORS,7
pharmacy_001913,loc_011,2026-08-07,fever_medicine,12
pharmacy_001914,loc_011,2026-08-07,cough_medicine,10
pharmacy_001915,loc_011,2026-08-08,ORS,11
pharmacy_001916,loc_011,2026-08-08,fever_medicine,10
pharmacy_001917,loc_011,2026-08-08,cough_medicine,10
pharmacy_001918,loc_011,2026-08-09,ORS,10
pharmacy_001919,loc_011,2026-08-09,fever_medicine,12
pharmacy_001920,loc_011,2026-08-09,cough_medicine,5
pharmacy_001921,loc_011,2026-08-10,ORS,11
pharmacy_001922,loc_011,2026-08-10,fever_medicine,11
pharmacy_001923,loc_011,2026-08-10,cough_medicine,10
pharmacy_001924,loc_011,2026-08-11,ORS,10
pharmacy_001925,loc_011,2026-08-11,fever_medicine,14
pharmacy_001926,loc_011,2026-08-11,cough_medicine,8
pharmacy_001927,loc_011,2026-08-12,ORS,9
pharmacy_001928,loc_011,2026-08-12,fever_medicine,10
pharmacy_001929,loc_011,2026-08-12,cough_medicine,5
pharmacy_001930,loc_011,2026-08-13,ORS,6
pharmacy_001931,loc_011,2026-08-13,fever_medicine,10
pharmacy_001932,loc_011,2026-08-13,cough_medicine,11
pharmacy_001933,loc_011,2026-08-14,ORS,12
pharmacy_001934,loc_011,2026-08-14,fever_medicine,14
pharmacy_001935,loc_011,2026-08-14,cough_medicine,6
pharmacy_001936,loc_011,2026-08-15,ORS,9
pharmacy_001937,loc_011,2026-08-15,fever_medicine,12
pharmacy_001938,loc_011,2026-08-15,cough_medicine,7
pharmacy_001939,loc_011,2026-08-16,ORS,8
pharmacy_001940,loc_011,2026-08-16,fever_medicine,11
pharmacy_001941,loc_011,2026-08-16,cough_medicine,8
pharmacy_001942,loc_011,2026-08-17,ORS,11
pharmacy_001943,loc_011,2026-08-17,fever_medicine,14
pharmacy_001944,loc_011,2026-08-17,cough_medicine,11
pharmacy_001945,loc_011,2026-08-18,ORS,6
pharmacy_001946,loc_011,2026-08-18,fever_medicine,15
pharmacy_001947,loc_011,2026-08-18,cough_medicine,6
pharmacy_001948,loc_011,2026-08-19,ORS,9
pharmacy_001949,loc_011,2026-08-19,fever_medicine,10
pharmacy_001950,loc_011,2026-08-19,cough_medicine,10
pharmacy_001951,loc_011,2026-08-20,ORS,11
pharmacy_001952,loc_011,2026-08-20,fever_medicine,16
pharmacy_001953,loc_011,2026-08-20,cough_medicine,7
pharmacy_001954,loc_011,2026-08-21,ORS,9
pharmacy_001955,loc_011,2026-08-21,fever_medicine,15
pharmacy_001956,loc_011,2026-08-21,cough_medicine,9
pharmacy_001957,loc_011,2026-08-22,ORS,9
pharmacy_001958,loc_011,2026-08-22,fever_medicine,15
pharmacy_001959,loc_011,2026-08-22,cough_medicine,7
pharmacy_001960,loc_011,2026-08-23,ORS,10
pharmacy_001961,loc_011,2026-08-23,fever_medicine,15
pharmacy_001962,loc_011,2026-08-23,cough_medicine,6
pharmacy_001963,loc_011,2026-08-24,ORS,10
pharmacy_001964,loc_011,2026-08-24,fever_medicine,11
pharmacy_001965,loc_011,2026-08-24,cough_medicine,5
pharmacy_001966,loc_011,2026-08-25,ORS,12
pharmacy_001967,loc_011,2026-08-25,fever_medicine,16
pharmacy_001968,loc_011,2026-08-25,cough_medicine,9
pharmacy_001969,loc_011,2026-08-26,ORS,6
pharmacy_001970,loc_011,2026-08-26,fever_medicine,12
pharmacy_001971,loc_011,2026-08-26,cough_medicine,11
pharmacy_001972,loc_011,2026-08-27,ORS,8
pharmacy_001973,loc_011,2026-08-27,fever_medicine,16
pharmacy_001974,loc_011,2026-08-27,cough_medicine,9
pharmacy_001975,loc_011,2026-08-28,ORS,10
pharmacy_001976,loc_011,2026-08-28,fever_medicine,11
pharmacy_001977,loc_011,2026-08-28,cough_medicine,7
pharmacy_001978,loc_011,2026-08-29,ORS,10
pharmacy_001979,loc_011,2026-08-29,fever_medicine,13
pharmacy_001980,loc_011,2026-08-29,cough_medicine,11
pharmacy_001981,loc_012,2026-07-01,ORS,7
pharmacy_001982,loc_012,2026-07-01,fever_medicine,11
pharmacy_001983,loc_012,2026-07-01,cough_medicine,11
pharmacy_001984,loc_012,2026-07-02,ORS,9
pharmacy_001985,loc_012,2026-07-02,fever_medicine,16
pharmacy_001986,loc_012,2026-07-02,cough_medicine,6
pharmacy_001987,loc_012,2026-07-03,ORS,10
pharmacy_001988,loc_012,2026-07-03,fever_medicine,10
pharmacy_001989,loc_012,2026-07-03,cough_medicine,5
pharmacy_001990,loc_012,2026-07-04,ORS,9
pharmacy_001991,loc_012,2026-07-04,fever_medicine,14
pharmacy_001992,loc_012,2026-07-04,cough_medicine,8
pharmacy_001993,loc_012,2026-07-05,ORS,10
pharmacy_001994,loc_012,2026-07-05,fever_medicine,10
pharmacy_001995,loc_012,2026-07-05,cough_medicine,10
pharmacy_001996,loc_012,2026-07-06,ORS,9
pharmacy_001997,loc_012,2026-07-06,fever_medicine,16
pharmacy_001998,loc_012,2026-07-06,cough_medicine,11
pharmacy_001999,loc_012,2026-07-07,ORS,8
pharmacy_002000,loc_012,2026-07-07,fever_medicine,16
pharmacy_002001,loc_012,2026-07-07,cough_medicine,7
pharmacy_002002,loc_012,2026-07-08,ORS,6
pharmacy_002003,loc_012,2026-07-08,fever_medicine,12
pharmacy_002004,loc_012,2026-07-08,cough_medicine,7
pharmacy_002005,loc_012,2026-07-09,ORS,11
pharmacy_002006,loc_012,2026-07-09,fever_medicine,16
pharmacy_002007,loc_012,2026-07-09,cough_medicine,10
pharmacy_002008,loc_012,2026-07-10,ORS,7
pharmacy_002009,loc_012,2026-07-10,fever_medicine,12
pharmacy_002010,loc_012,2026-07-10,cough_medicine,9
pharmacy_002011,loc_012,2026-07-11,ORS,10
pharmacy_002012,loc_012,2026-07-11,fever_medicine,15
pharmacy_002013,loc_012,2026-07-11,cough_medicine,6
pharmacy_002014,loc_012,2026-07-12,ORS,10
pharmacy_002015,loc_012,2026-07-12,fever_medicine,15
pharmacy_002016,loc_012,2026-07-12,cough_medicine,5
pharmacy_002017,loc_012,2026-07-13,ORS,11
pharmacy_002018,loc_012,2026-07-13,fever_medicine,11
pharmacy_002019,loc_012,2026-07-13,cough_medicine,5
pharmacy_002020,loc_012,2026-07-14,ORS,11
pharmacy_002021,loc_012,2026-07-14,fever_medicine,10
pharmacy_002022,loc_012,2026-07-14,cough_medicine,9
pharmacy_002023,loc_012,2026-07-15,ORS,7
pharmacy_002024,loc_012,2026-07-15,fever_medicine,13
pharmacy_002025,loc_012,2026-07-15,cough_medicine,6
pharmacy_002026,loc_012,2026-07-16,ORS,9
pharmacy_002027,loc_012,2026-07-16,fever_medicine,11
pharmacy_002028,loc_012,2026-07-16,cough_medicine,6
pharmacy_002029,loc_012,2026-07-17,ORS,8
pharmacy_002030,loc_012,2026-07-17,fever_medicine,14
pharmacy_002031,loc_012,2026-07-17,cough_medicine,5
pharmacy_002032,loc_012,2026-07-18,ORS,8
pharmacy_002033,loc_012,2026-07-18,fever_medicine,13
pharmacy_002034,loc_012,2026-07-18,cough_medicine,8
pharmacy_002035,loc_012,2026-07-19,ORS,7
pharmacy_002036,loc_012,2026-07-19,fever_medicine,13
pharmacy_002037,loc_012,2026-07-19,cough_medicine,6
pharmacy_002038,loc_012,2026-07-20,ORS,9
pharmacy_002039,loc_012,2026-07-20,fever_medicine,14
pharmacy_002040,loc_012,2026-07-20,cough_medicine,9
pharmacy_002041,loc_012,2026-07-21,ORS,10
pharmacy_002042,loc_012,2026-07-21,fever_medicine,10
pharmacy_002043,loc_012,2026-07-21,cough_medicine,10
pharmacy_002044,loc_012,2026-07-22,ORS,10
pharmacy_002045,loc_012,2026-07-22,fever_medicine,12
pharmacy_002046,loc_012,2026-07-22,cough_medicine,10
pharmacy_002047,loc_012,2026-07-23,ORS,9
pharmacy_002048,loc_012,2026-07-23,fever_medicine,16
pharmacy_002049,loc_012,2026-07-23,cough_medicine,10
pharmacy_002050,loc_012,2026-07-24,ORS,7
pharmacy_002051,loc_012,2026-07-24,fever_medicine,12
pharmacy_002052,loc_012,2026-07-24,cough_medicine,5
pharmacy_002053,loc_012,2026-07-25,ORS,6
pharmacy_002054,loc_012,2026-07-25,fever_medicine,12
pharmacy_002055,loc_012,2026-07-25,cough_medicine,11
pharmacy_002056,loc_012,2026-07-26,ORS,11
pharmacy_002057,loc_012,2026-07-26,fever_medicine,14
pharmacy_002058,loc_012,2026-07-26,cough_medicine,6
pharmacy_002059,loc_012,2026-07-27,ORS,12
pharmacy_002060,loc_012,2026-07-27,fever_medicine,10
pharmacy_002061,loc_012,2026-07-27,cough_medicine,6
pharmacy_002062,loc_012,2026-07-28,ORS,11
pharmacy_002063,loc_012,2026-07-28,fever_medicine,12
pharmacy_002064,loc_012,2026-07-28,cough_medicine,6
pharmacy_002065,loc_012,2026-07-29,ORS,7
pharmacy_002066,loc_012,2026-07-29,fever_medicine,10
pharmacy_002067,loc_012,2026-07-29,cough_medicine,8
pharmacy_002068,loc_012,2026-07-30,ORS,9
pharmacy_002069,loc_012,2026-07-30,fever_medicine,13
pharmacy_002070,loc_012,2026-07-30,cough_medicine,9
pharmacy_002071,loc_012,2026-07-31,ORS,7
pharmacy_002072,loc_012,2026-07-31,fever_medicine,10
pharmacy_002073,loc_012,2026-07-31,cough_medicine,11
pharmacy_002074,loc_012,2026-08-01,ORS,10
pharmacy_002075,loc_012,2026-08-01,fever_medicine,12
pharmacy_002076,loc_012,2026-08-01,cough_medicine,6
pharmacy_002077,loc_012,2026-08-02,ORS,11
pharmacy_002078,loc_012,2026-08-02,fever_medicine,14
pharmacy_002079,loc_012,2026-08-02,cough_medicine,11
pharmacy_002080,loc_012,2026-08-03,ORS,8
pharmacy_002081,loc_012,2026-08-03,fever_medicine,11
pharmacy_002082,loc_012,2026-08-03,cough_medicine,10
pharmacy_002083,loc_012,2026-08-04,ORS,10
pharmacy_002084,loc_012,2026-08-04,fever_medicine,16
pharmacy_002085,loc_012,2026-08-04,cough_medicine,8
pharmacy_002086,loc_012,2026-08-05,ORS,6
pharmacy_002087,loc_012,2026-08-05,fever_medicine,12
pharmacy_002088,loc_012,2026-08-05,cough_medicine,11
pharmacy_002089,loc_012,2026-08-06,ORS,11
pharmacy_002090,loc_012,2026-08-06,fever_medicine,14
pharmacy_002091,loc_012,2026-08-06,cough_medicine,5
pharmacy_002092,loc_012,2026-08-07,ORS,9
pharmacy_002093,loc_012,2026-08-07,fever_medicine,15
pharmacy_002094,loc_012,2026-08-07,cough_medicine,11
pharmacy_002095,loc_012,2026-08-08,ORS,7
pharmacy_002096,loc_012,2026-08-08,fever_medicine,16
pharmacy_002097,loc_012,2026-08-08,cough_medicine,7
pharmacy_002098,loc_012,2026-08-09,ORS,7
pharmacy_002099,loc_012,2026-08-09,fever_medicine,14
pharmacy_002100,loc_012,2026-08-09,cough_medicine,7
pharmacy_002101,loc_012,2026-08-10,ORS,6
pharmacy_002102,loc_012,2026-08-10,fever_medicine,13
pharmacy_002103,loc_012,2026-08-10,cough_medicine,5
pharmacy_002104,loc_012,2026-08-11,ORS,7
pharmacy_002105,loc_012,2026-08-11,fever_medicine,14
pharmacy_002106,loc_012,2026-08-11,cough_medicine,7
pharmacy_002107,loc_012,2026-08-12,ORS,7
pharmacy_002108,loc_012,2026-08-12,fever_medicine,13
pharmacy_002109,loc_012,2026-08-12,cough_medicine,9
pharmacy_002110,loc_012,2026-08-13,ORS,10
pharmacy_002111,loc_012,2026-08-13,fever_medicine,10
pharmacy_002112,loc_012,2026-08-13,cough_medicine,11
pharmacy_002113,loc_012,2026-08-14,ORS,11
pharmacy_002114,loc_012,2026-08-14,fever_medicine,14
pharmacy_002115,loc_012,2026-08-14,cough_medicine,7
pharmacy_002116,loc_012,2026-08-15,ORS,9
pharmacy_002117,loc_012,2026-08-15,fever_medicine,10
pharmacy_002118,loc_012,2026-08-15,cough_medicine,11
pharmacy_002119,loc_012,2026-08-16,ORS,12
pharmacy_002120,loc_012,2026-08-16,fever_medicine,11
pharmacy_002121,loc_012,2026-08-16,cough_medicine,6
pharmacy_002122,loc_012,2026-08-17,ORS,9
pharmacy_002123,loc_012,2026-08-17,fever_medicine,15
pharmacy_002124,loc_012,2026-08-17,cough_medicine,6
pharmacy_002125,loc_012,2026-08-18,ORS,7
pharmacy_002126,loc_012,2026-08-18,fever_medicine,10
pharmacy_002127,loc_012,2026-08-18,cough_medicine,8
pharmacy_002128,loc_012,2026-08-19,ORS,11
pharmacy_002129,loc_012,2026-08-19,fever_medicine,15
pharmacy_002130,loc_012,2026-08-19,cough_medicine,7
pharmacy_002131,loc_012,2026-08-20,ORS,8
pharmacy_002132,loc_012,2026-08-20,fever_medicine,13
pharmacy_002133,loc_012,2026-08-20,cough_medicine,5
pharmacy_002134,loc_012,2026-08-21,ORS,12
pharmacy_002135,loc_012,2026-08-21,fever_medicine,12
pharmacy_002136,loc_012,2026-08-21,cough_medicine,6
pharmacy_002137,loc_012,2026-08-22,ORS,11
pharmacy_002138,loc_012,2026-08-22,fever_medicine,16
pharmacy_002139,loc_012,2026-08-22,cough_medicine,6
pharmacy_002140,loc_012,2026-08-23,ORS,11
pharmacy_002141,loc_012,2026-08-23,fever_medicine,11
pharmacy_002142,loc_012,2026-08-23,cough_medicine,8
pharmacy_002143,loc_012,2026-08-24,ORS,11
pharmacy_002144,loc_012,2026-08-24,fever_medicine,12
pharmacy_002145,loc_012,2026-08-24,cough_medicine,8
pharmacy_002146,loc_012,2026-08-25,ORS,7
pharmacy_002147,loc_012,2026-08-25,fever_medicine,13
pharmacy_002148,loc_012,2026-08-25,cough_medicine,6
pharmacy_002149,loc_012,2026-08-26,ORS,11
pharmacy_002150,loc_012,2026-08-26,fever_medicine,10
pharmacy_002151,loc_012,2026-08-26,cough_medicine,7
pharmacy_002152,loc_012,2026-08-27,ORS,12
pharmacy_002153,loc_012,2026-08-27,fever_medicine,16
pharmacy_002154,loc_012,2026-08-27,cough_medicine,8
pharmacy_002155,loc_012,2026-08-28,ORS,12
pharmacy_002156,loc_012,2026-08-28,fever_medicine,11
pharmacy_002157,loc_012,2026-08-28,cough_medicine,10
pharmacy_002158,loc_012,2026-08-29,ORS,10
pharmacy_002159,loc_012,2026-08-29,fever_medicine,16
pharmacy_002160,loc_012,2026-08-29,cough_medicine,6
